"NHTSA ID","DOCUMENT NAME","MAKE","MODEL","MODEL YEAR","SUMMARY"
"20E003","RCMN-20E003-7457.pdf","CUMMINS","POWERDRIVE EV","9999","This document is an OEM notice to inform the affected OEMs of a safety recall on certain Cummins PowerDrive EV drivetrain units.  A connector within the wire harnesses installed in the subject EV drivetrains may be susceptible to becoming unplugged. If the connector becomes unplugged, under certain circumstances the communication between control modules may be lost and the system may command off the high voltage contactors, resulting in unexpected loss of all systems powered by high voltage, including the traction drive system and power steering."
"20E003","RCRIT-20E003-7585.pdf","CUMMINS","POWERDRIVE EV","9999","This document contains the field action campaign instructions for Recall 20E-003 on certain Cummins PowerDrive EV drivetrain units.  A connector within the wire harnesses installed in the subject EV drivetrains may be susceptible to becoming unplugged. If the connector becomes unplugged, under certain circumstances the communication between control modules may be lost and the system may command off the high voltage contactors, resulting in unexpected loss of all systems powered by high voltage, including the traction drive system and power steering."
"20E071","RCMN-20E071-0952.pdf","DOMETIC","COOKING STOVE","9999","This OEM letter identifies the Recall Campaign, the potential safety related defect, the gas leak, the model numbers, serial numbers included in the Recall, the request for quarantine of inventory, (both uninstalled cooking stoves as well as RV's with the stove installed), requested VIN numbers, RV model numbers, and serial numbers, ,advised that Dometic is working on but has not identified a remedy at this time and that when a remedy is identified it will be provided at no charge. The notice also advises the OEM to not ship or sell RV's with the model cooking stoves identified in the notice and to advise their dealer body that it is illegal to sell or deliver RV's with the cooking stove models identified in the notice installed in the RV, without the cooking stove being remedied."
"20E071","RMISC-20E071-0614.pdf","DOMETIC","COOKING STOVE","9999","This press release is to be published online or in magazines to advise the public of the potential safety defect, the recall campaign, the models and serial numbers in the recall, and the web address or 800- number they can call to get more information on the recall."
"20E071","RCMN-20E071-0500.pdf","DOMETIC","COOKING STOVE","9999","This document is the Deale Letter which identifies the RECALL CAMPAIGN, the potential safety related defect, and the action that the Dealers must take upon this notice."
"20E071","RCRIT-20E071-1203.pdf","DOMETIC","COOKING STOVE","9999","This document is the remedy identification of new gaskets, washers, and thread locker bolts with instructions including post repair leak testing and a Recall Response CARD to record the model and serial number to be returned to Dometic so proper reporting to NHTSA can occur."
"20E071","RCONL-20E071-5848.pdf","DOMETIC","COOKING STOVE","9999","The Owner letter for the Dometic Cooking Stove Recall 20E071 is comprised of the NHTSA required logo on the envelope, logo warning on the heading of the letter, identification of the potential defect, the cause, the models and serial number ranges of the products, ways to identify that the product has the potential defect, the direction on how to get the remedy without cost, the remedy identification, and the required contact numbers,  including NHTSA hotline."
"20E071","RCMN-20E071-4792.pdf","DOMETIC","COOKING STOVE","9999","This is a revised OEM letter to assist in clarifying the serial number breakdown. This revision is the Notification Letter to the RV OEM's advising them of the potential safety related defect, the RECALL campaign number, 20E071, and the action that they must take."
"20E091","RCMN-20E091-7785.pdf","OHLINS","FRONT STRUT","9999","Dealer Letter in Recall No. 20E091."
"20E091","RCMN-20E091-4395.pdf","OHLINS","FRONT STRUT","9999","Dealer Letter for Recall No. 20E091"
"20E091","RCONL-20E091-5980.pdf","OHLINS","FRONT STRUT","9999","Owner Letter in Recall No. 20E091."
"20E091","RCMN-20E091-4395.pdf","PORSCHE","911 CARRERA","1999","Dealer Letter for Recall No. 20E091"
"20E091","RCONL-20E091-5980.pdf","PORSCHE","911 CARRERA","1999","Owner Letter in Recall No. 20E091."
"20E091","RCMN-20E091-7785.pdf","PORSCHE","911 CARRERA","1999","Dealer Letter in Recall No. 20E091."
"20E091","RCMN-20E091-4395.pdf","PORSCHE","911 CARRERA","2000","Dealer Letter for Recall No. 20E091"
"20E091","RCMN-20E091-7785.pdf","PORSCHE","911 CARRERA","2000","Dealer Letter in Recall No. 20E091."
"20E091","RCONL-20E091-5980.pdf","PORSCHE","911 CARRERA","2000","Owner Letter in Recall No. 20E091."
"20E091","RCMN-20E091-4395.pdf","PORSCHE","911 CARRERA","2001","Dealer Letter for Recall No. 20E091"
"20E091","RCONL-20E091-5980.pdf","PORSCHE","911 CARRERA","2001","Owner Letter in Recall No. 20E091."
"20E091","RCMN-20E091-7785.pdf","PORSCHE","911 CARRERA","2001","Dealer Letter in Recall No. 20E091."
"20E091","RCONL-20E091-5980.pdf","PORSCHE","911 CARRERA","2002","Owner Letter in Recall No. 20E091."
"20E091","RCMN-20E091-7785.pdf","PORSCHE","911 CARRERA","2002","Dealer Letter in Recall No. 20E091."
"20E091","RCMN-20E091-4395.pdf","PORSCHE","911 CARRERA","2002","Dealer Letter for Recall No. 20E091"
"20E091","RCONL-20E091-5980.pdf","PORSCHE","911 CARRERA","2003","Owner Letter in Recall No. 20E091."
"20E091","RCMN-20E091-4395.pdf","PORSCHE","911 CARRERA","2003","Dealer Letter for Recall No. 20E091"
"20E091","RCMN-20E091-7785.pdf","PORSCHE","911 CARRERA","2003","Dealer Letter in Recall No. 20E091."
"20E091","RCMN-20E091-4395.pdf","PORSCHE","911 CARRERA","2004","Dealer Letter for Recall No. 20E091"
"20E091","RCONL-20E091-5980.pdf","PORSCHE","911 CARRERA","2004","Owner Letter in Recall No. 20E091."
"20E091","RCMN-20E091-7785.pdf","PORSCHE","911 CARRERA","2004","Dealer Letter in Recall No. 20E091."
"20E091","RCONL-20E091-5980.pdf","PORSCHE","911 CARRERA","2005","Owner Letter in Recall No. 20E091."
"20E091","RCMN-20E091-4395.pdf","PORSCHE","911 CARRERA","2005","Dealer Letter for Recall No. 20E091"
"20E091","RCMN-20E091-7785.pdf","PORSCHE","911 CARRERA","2005","Dealer Letter in Recall No. 20E091."
"20E091","RCONL-20E091-5980.pdf","PORSCHE","911 CARRERA","2006","Owner Letter in Recall No. 20E091."
"20V055","RCSB-20V055-7506.pdf","CHEVROLET","SILVERADO 1500","2019","N192268091 recall; EBCM software error can, in rare cases, disable the vehicles electronic brake assist and illuminate the ESC, ABS and BRAKE telltales; bulletin revised to include a copy of the owner notification letter"
"20V055","RCONL-20V055-8497.pdf","CHEVROLET","SILVERADO 1500","2019","N192268091 recall; a software error can, in rare cases, disable the vehicles electronic brake assist and illuminate the ESC, ABS and BRAKE telltales; Owner notification letter"
"20V055","RCMN-20V055-9009.pdf","CHEVROLET","SILVERADO 1500","2019","N192268091 recall; software error can, in rare cases, disable the vehicles electronic brake assist; dealer notification of recall launch"
"20V055","RCMN-20V055-9901.pdf","CHEVROLET","SILVERADO 1500","2019","N192268091 recall; EBCM software error can, in rare cases, disable the vehicles electronic brake assist and illuminate the ESC, ABS and BRAKE telltales; dealer notification that the bulletin has been revised to include a copy of the owner notification letter"
"20V055","RCONL-20V055-5678.pdf","CHEVROLET","SILVERADO 1500","2019","N192268091 recall; an EBCM software error can, in rare cases, disable the vehicles electronic brake assist and illuminate the ESC, ABS and BRAKE telltales; representative copy of the owner notification letter"
"20V055","RMISC-20V055-5846.pdf","CHEVROLET","SILVERADO 1500","2019","N192268091 recall; software error can, in rare cases, disable the vehicles electronic brake assist during startup; supplemental information to assist dealer in addressing customer questions "
"20V055","RCSB-20V055-8916.pdf","CHEVROLET","SILVERADO 1500","2019","N192268091 recall; software error can, in rare cases, disable the vehicles electronic brake assist during startup; bulletin has been revised to correct the condition description"
"20V055","RCMN-20V055-5233.pdf","CHEVROLET","SILVERADO 1500","2019","N192268091 recall; software error can, in rare cases, disable the vehicles electronic brake assist during startup; dealer notification that the bulletin has been revised to correct the condition description"
"20V055","RCMN-20V055-4972.pdf","CHEVROLET","SILVERADO 1500","2019","N192268091 recall; vehicle may have been repaired under 19V889 with software that contained an error; dealer notification that the population has been corrected"
"20V055","RCSB-20V055-8275.pdf","CHEVROLET","SILVERADO 1500","2019","N192268091 recall; software error can, in rare cases, disable the vehicles electronic brake assist; service procedure"
"20V055","RMISC-20V055-5846.pdf","GMC","SIERRA 1500","2019","N192268091 recall; software error can, in rare cases, disable the vehicles electronic brake assist during startup; supplemental information to assist dealer in addressing customer questions "
"20V055","RCMN-20V055-4972.pdf","GMC","SIERRA 1500","2019","N192268091 recall; vehicle may have been repaired under 19V889 with software that contained an error; dealer notification that the population has been corrected"
"20V055","RCMN-20V055-5233.pdf","GMC","SIERRA 1500","2019","N192268091 recall; software error can, in rare cases, disable the vehicles electronic brake assist during startup; dealer notification that the bulletin has been revised to correct the condition description"
"20V055","RCMN-20V055-9009.pdf","GMC","SIERRA 1500","2019","N192268091 recall; software error can, in rare cases, disable the vehicles electronic brake assist; dealer notification of recall launch"
"20V055","RCMN-20V055-9901.pdf","GMC","SIERRA 1500","2019","N192268091 recall; EBCM software error can, in rare cases, disable the vehicles electronic brake assist and illuminate the ESC, ABS and BRAKE telltales; dealer notification that the bulletin has been revised to include a copy of the owner notification letter"
"20V055","RCONL-20V055-5678.pdf","GMC","SIERRA 1500","2019","N192268091 recall; an EBCM software error can, in rare cases, disable the vehicles electronic brake assist and illuminate the ESC, ABS and BRAKE telltales; representative copy of the owner notification letter"
"20V055","RCONL-20V055-8497.pdf","GMC","SIERRA 1500","2019","N192268091 recall; a software error can, in rare cases, disable the vehicles electronic brake assist and illuminate the ESC, ABS and BRAKE telltales; Owner notification letter"
"20V055","RCSB-20V055-7506.pdf","GMC","SIERRA 1500","2019","N192268091 recall; EBCM software error can, in rare cases, disable the vehicles electronic brake assist and illuminate the ESC, ABS and BRAKE telltales; bulletin revised to include a copy of the owner notification letter"
"20V055","RCSB-20V055-8275.pdf","GMC","SIERRA 1500","2019","N192268091 recall; software error can, in rare cases, disable the vehicles electronic brake assist; service procedure"
"20V055","RCSB-20V055-8916.pdf","GMC","SIERRA 1500","2019","N192268091 recall; software error can, in rare cases, disable the vehicles electronic brake assist during startup; bulletin has been revised to correct the condition description"
"20V061","RCRN-20V061-2165.pdf","HYUNDAI","ELANTRA","2007","The subject vehicles are equipped with an Anti-Lock Brake System (ABS) module that remains energized when the vehicle is turned off. If moisture enters the electrical circuit of the ABS module a short circuit could develop. A specific causality allowing moisture to enter the ABS module electrical circuit has not yet been identified; however, because the ABS module is continually powered, an electrical short could develop even while the vehicle is turned off. If a short circuit occurs inside the ABS module, there could be an increased risk of an engine compartment fire, even when the car is turned off, increasing the risk of injury. The short circuit does not affect brake system operation."
"20V061","RCRIT-20V061-7612.pdf","HYUNDAI","ELANTRA","2007","Moisture may enter the ABS electrical system of certain Elantra (HD) and Elantra Touring (FD) vehicles. Over time, the moisture can cause a short circuit. If a short circuit occurs inside the ABS module, there could be an increased risk of an engine compartment fire. This bulletin describes the procedure to install a relay into the ABS module electrical circuit."
"20V061","RMISC-20V061-1327.pdf","HYUNDAI","ELANTRA","2007","If moisture enters the electrical circuit of the ABS module a short circuit could develop. A specific causality allowing moisture to enter the ABS module electrical circuit has not yet been identified; however, because the ABS module is continually powered, an electrical short could develop even while the vehicle is turned off. If a short circuit occurs inside the ABS module, there could be an increased risk of an engine compartment fire, even when the car is turned off, increasing the risk of injury. The short circuit does not affect brake system operation."
"20V061","RCRN-20V061-7804.pdf","HYUNDAI","ELANTRA","2007","The subject vehicles are equipped with an Anti-Lock Brake System (ABS) module that remains energized when the vehicle is turned
off. If moisture enters the electrical circuit of the ABS module a short circuit could develop. A specific causality allowing moisture to enter the ABS module electrical circuit has not yet been identified; however, because the ABS module is continually powered, an electrical short could develop even while the vehicle is turned off. If a short circuit occurs inside the ABS module, there could be an increased risk of an engine compartment fire, even when the car is turned off, increasing the risk of injury. The short circuit does not affect brake
system operation."
"20V061","RCRIT-20V061-2782.pdf","HYUNDAI","ELANTRA","2007","Moisture may enter the ABS electrical system of certain Elantra (HD), Elantra Touring (FD), Santa Fe (CM) and Entourage (EP) vehicles. Over time, the moisture can cause a short circuit. If a short circuit occurs inside the ABS module, there could be an increased risk of an engine compartment fire. This bulletin describes the procedure to install a relay into the ABS module electrical circuit."
"20V061","RCONL-20V061-0541.pdf","HYUNDAI","ELANTRA","2007","What is the problem?
The subject vehicles are equipped with an Anti-Lock Brake System (ABS) module that remains energized when the vehicle is turned
off. If moisture enters the electrical circuit of the ABS module a short circuit could develop. A specific causality allowing moisture to enter the ABS module electrical circuit has not yet been identified; however, because the ABS module is continually powered, an electrical short could develop even while the vehicle is turned off. If a short circuit occurs inside the ABS module, there could be an increased risk of an engine compartment fire, even when the car is turned off, increasing the risk of injury. The short circuit does not affect brake
system operation.
What will Hyundai do?
Your Hyundai dealer will install a relay in the vehicles main junction box. This procedure will be performed at NO CHARGE to you.
What should you do?
Park your vehicles outside and away from structures and other vehicles until the repair is completed.
Please contact your nearest Hyundai dealer to schedule the recall repair as soon as possible.
The actual time required to perform the installation may take up to one hour, however"
"20V061","RCMN-20V061-7232.pdf","HYUNDAI","ELANTRA","2007","Hyundai is conducting a safety recall in the United States to repair the Anti-Lock Brake System (ABS) module in certain Elantra, Elantra Touring, Entourage, and Santa Fe vehicles."
"20V061","RCMN-20V061-0278.pdf","HYUNDAI","ELANTRA","2007","The subject vehicles are equipped with an Anti-Lock Brake System (ABS) module that remains energized when the vehicle is turned off. If moisture enters the electrical circuit of the ABS module a short circuit could gradually develop and increase the risk of an engine compartment fire.
A specific causality allowing moisture to enter the ABS module electrical circuit has not yet been identified; however, because the ABS module is continually powered, an electrical short could develop even while the vehicle is turned off.
The TSB describes the procedure to install a relay into the ABS module electrical circuit."
"20V061","RCRN-20V061-2165.pdf","HYUNDAI","ELANTRA","2008","The subject vehicles are equipped with an Anti-Lock Brake System (ABS) module that remains energized when the vehicle is turned off. If moisture enters the electrical circuit of the ABS module a short circuit could develop. A specific causality allowing moisture to enter the ABS module electrical circuit has not yet been identified; however, because the ABS module is continually powered, an electrical short could develop even while the vehicle is turned off. If a short circuit occurs inside the ABS module, there could be an increased risk of an engine compartment fire, even when the car is turned off, increasing the risk of injury. The short circuit does not affect brake system operation."
"20V061","RCMN-20V061-0278.pdf","HYUNDAI","ELANTRA","2008","The subject vehicles are equipped with an Anti-Lock Brake System (ABS) module that remains energized when the vehicle is turned off. If moisture enters the electrical circuit of the ABS module a short circuit could gradually develop and increase the risk of an engine compartment fire.
A specific causality allowing moisture to enter the ABS module electrical circuit has not yet been identified; however, because the ABS module is continually powered, an electrical short could develop even while the vehicle is turned off.
The TSB describes the procedure to install a relay into the ABS module electrical circuit."
"20V061","RCMN-20V061-7232.pdf","HYUNDAI","ELANTRA","2008","Hyundai is conducting a safety recall in the United States to repair the Anti-Lock Brake System (ABS) module in certain Elantra, Elantra Touring, Entourage, and Santa Fe vehicles."
"20V061","RCRN-20V061-7804.pdf","HYUNDAI","ELANTRA","2008","The subject vehicles are equipped with an Anti-Lock Brake System (ABS) module that remains energized when the vehicle is turned
off. If moisture enters the electrical circuit of the ABS module a short circuit could develop. A specific causality allowing moisture to enter the ABS module electrical circuit has not yet been identified; however, because the ABS module is continually powered, an electrical short could develop even while the vehicle is turned off. If a short circuit occurs inside the ABS module, there could be an increased risk of an engine compartment fire, even when the car is turned off, increasing the risk of injury. The short circuit does not affect brake
system operation."
"20V061","RMISC-20V061-1327.pdf","HYUNDAI","ELANTRA","2008","If moisture enters the electrical circuit of the ABS module a short circuit could develop. A specific causality allowing moisture to enter the ABS module electrical circuit has not yet been identified; however, because the ABS module is continually powered, an electrical short could develop even while the vehicle is turned off. If a short circuit occurs inside the ABS module, there could be an increased risk of an engine compartment fire, even when the car is turned off, increasing the risk of injury. The short circuit does not affect brake system operation."
"20V061","RCONL-20V061-0541.pdf","HYUNDAI","ELANTRA","2008","What is the problem?
The subject vehicles are equipped with an Anti-Lock Brake System (ABS) module that remains energized when the vehicle is turned
off. If moisture enters the electrical circuit of the ABS module a short circuit could develop. A specific causality allowing moisture to enter the ABS module electrical circuit has not yet been identified; however, because the ABS module is continually powered, an electrical short could develop even while the vehicle is turned off. If a short circuit occurs inside the ABS module, there could be an increased risk of an engine compartment fire, even when the car is turned off, increasing the risk of injury. The short circuit does not affect brake
system operation.
What will Hyundai do?
Your Hyundai dealer will install a relay in the vehicles main junction box. This procedure will be performed at NO CHARGE to you.
What should you do?
Park your vehicles outside and away from structures and other vehicles until the repair is completed.
Please contact your nearest Hyundai dealer to schedule the recall repair as soon as possible.
The actual time required to perform the installation may take up to one hour, however"
"20V061","RCRIT-20V061-7612.pdf","HYUNDAI","ELANTRA","2008","Moisture may enter the ABS electrical system of certain Elantra (HD) and Elantra Touring (FD) vehicles. Over time, the moisture can cause a short circuit. If a short circuit occurs inside the ABS module, there could be an increased risk of an engine compartment fire. This bulletin describes the procedure to install a relay into the ABS module electrical circuit."
"20V061","RCRIT-20V061-2782.pdf","HYUNDAI","ELANTRA","2008","Moisture may enter the ABS electrical system of certain Elantra (HD), Elantra Touring (FD), Santa Fe (CM) and Entourage (EP) vehicles. Over time, the moisture can cause a short circuit. If a short circuit occurs inside the ABS module, there could be an increased risk of an engine compartment fire. This bulletin describes the procedure to install a relay into the ABS module electrical circuit."
"20V061","RCRIT-20V061-7612.pdf","HYUNDAI","ELANTRA","2009","Moisture may enter the ABS electrical system of certain Elantra (HD) and Elantra Touring (FD) vehicles. Over time, the moisture can cause a short circuit. If a short circuit occurs inside the ABS module, there could be an increased risk of an engine compartment fire. This bulletin describes the procedure to install a relay into the ABS module electrical circuit."
"20V061","RCRN-20V061-2165.pdf","HYUNDAI","ELANTRA","2009","The subject vehicles are equipped with an Anti-Lock Brake System (ABS) module that remains energized when the vehicle is turned off. If moisture enters the electrical circuit of the ABS module a short circuit could develop. A specific causality allowing moisture to enter the ABS module electrical circuit has not yet been identified; however, because the ABS module is continually powered, an electrical short could develop even while the vehicle is turned off. If a short circuit occurs inside the ABS module, there could be an increased risk of an engine compartment fire, even when the car is turned off, increasing the risk of injury. The short circuit does not affect brake system operation."
"20V061","RCRN-20V061-2968.pdf","HYUNDAI","ELANTRA","2009","The subject vehicles are equipped with an Anti-Lock Brake System (ABS) module that remains energized when the vehicle is turned
off. If moisture enters the electrical circuit of the ABS module a short circuit could develop. A specific causality allowing moisture to enter the ABS module electrical circuit has not yet been identified; however, because the ABS module is continually powered, an electrical short could develop even while the vehicle is turned off. If a short circuit occurs inside the ABS module, there could be an increased risk of an engine compartment fire, even when the car is turned off, increasing the risk of injury. The short circuit does not affect brake
system operation."
"20V061","RMISC-20V061-1327.pdf","HYUNDAI","ELANTRA","2009","If moisture enters the electrical circuit of the ABS module a short circuit could develop. A specific causality allowing moisture to enter the ABS module electrical circuit has not yet been identified; however, because the ABS module is continually powered, an electrical short could develop even while the vehicle is turned off. If a short circuit occurs inside the ABS module, there could be an increased risk of an engine compartment fire, even when the car is turned off, increasing the risk of injury. The short circuit does not affect brake system operation."
"20V061","RCMN-20V061-0278.pdf","HYUNDAI","ELANTRA","2009","The subject vehicles are equipped with an Anti-Lock Brake System (ABS) module that remains energized when the vehicle is turned off. If moisture enters the electrical circuit of the ABS module a short circuit could gradually develop and increase the risk of an engine compartment fire.
A specific causality allowing moisture to enter the ABS module electrical circuit has not yet been identified; however, because the ABS module is continually powered, an electrical short could develop even while the vehicle is turned off.
The TSB describes the procedure to install a relay into the ABS module electrical circuit."
"20V061","RCMN-20V061-7232.pdf","HYUNDAI","ELANTRA","2009","Hyundai is conducting a safety recall in the United States to repair the Anti-Lock Brake System (ABS) module in certain Elantra, Elantra Touring, Entourage, and Santa Fe vehicles."
"20V061","RCONL-20V061-0541.pdf","HYUNDAI","ELANTRA","2009","What is the problem?
The subject vehicles are equipped with an Anti-Lock Brake System (ABS) module that remains energized when the vehicle is turned
off. If moisture enters the electrical circuit of the ABS module a short circuit could develop. A specific causality allowing moisture to enter the ABS module electrical circuit has not yet been identified; however, because the ABS module is continually powered, an electrical short could develop even while the vehicle is turned off. If a short circuit occurs inside the ABS module, there could be an increased risk of an engine compartment fire, even when the car is turned off, increasing the risk of injury. The short circuit does not affect brake
system operation.
What will Hyundai do?
Your Hyundai dealer will install a relay in the vehicles main junction box. This procedure will be performed at NO CHARGE to you.
What should you do?
Park your vehicles outside and away from structures and other vehicles until the repair is completed.
Please contact your nearest Hyundai dealer to schedule the recall repair as soon as possible.
The actual time required to perform the installation may take up to one hour, however"
"20V061","RCRIT-20V061-2782.pdf","HYUNDAI","ELANTRA","2009","Moisture may enter the ABS electrical system of certain Elantra (HD), Elantra Touring (FD), Santa Fe (CM) and Entourage (EP) vehicles. Over time, the moisture can cause a short circuit. If a short circuit occurs inside the ABS module, there could be an increased risk of an engine compartment fire. This bulletin describes the procedure to install a relay into the ABS module electrical circuit."
"20V061","RCONL-20V061-0541.pdf","HYUNDAI","ELANTRA","2010","What is the problem?
The subject vehicles are equipped with an Anti-Lock Brake System (ABS) module that remains energized when the vehicle is turned
off. If moisture enters the electrical circuit of the ABS module a short circuit could develop. A specific causality allowing moisture to enter the ABS module electrical circuit has not yet been identified; however, because the ABS module is continually powered, an electrical short could develop even while the vehicle is turned off. If a short circuit occurs inside the ABS module, there could be an increased risk of an engine compartment fire, even when the car is turned off, increasing the risk of injury. The short circuit does not affect brake
system operation.
What will Hyundai do?
Your Hyundai dealer will install a relay in the vehicles main junction box. This procedure will be performed at NO CHARGE to you.
What should you do?
Park your vehicles outside and away from structures and other vehicles until the repair is completed.
Please contact your nearest Hyundai dealer to schedule the recall repair as soon as possible.
The actual time required to perform the installation may take up to one hour, however"
"20V122","RCMN-20V122-3085.pdf","HYUNDAI","SONATA","2020","Certain 2020 model year Sonata (DN8a) vehicles equipped with 205/65R16 (16) tires may indicate incorrect values for the tire sidewall aspect ratio on the Tire Specification Label and in the Owners Manual. As such, these vehicles do not comply with Federal Motor Vehicle Safety Standards.
Incorrect tire size specifications could lead to the installation of mismatched tires, increasing the risk of a crash. Please follow the procedures in TSB #20-01-015H to replace the Tire Specification Label and revise the Owners Manual."
"20V122","RCONL-20V122-3939.pdf","HYUNDAI","SONATA","2020","The tire size specifications set forth in the owners manual and tire pressure label inside the drivers door may indicate incorrect values for the sidewall aspect ratio, resulting in a failure to comply with Federal Motor Vehicle Safety Standard (FMVSS) number 110, Tire Selection and Rims. Incorrect tire size specifications could lead to the installation of the wrong size tires, increasing the risk of a crash.
What will Hyundai do?
Your Hyundai dealer will install new label stickers over the affected areas of the tire pressure label and owners manual. This procedure will be performed at NO CHARGE to you."
"20V122","RCRIT-20V122-9176.pdf","HYUNDAI","SONATA","2020","Certain 2020 model year Sonata (DN8a) vehicles equipped with 205/65R16 (16) tires may indicate incorrect values for the tire sidewall aspect ratio on the Tire Specification Label and in the Owners Manual. As such, these vehicles do not comply with Federal Motor Vehicle Safety Standards. Incorrect tire size specifications could lead to the installation of mismatched tires, increasing the risk of a crash. This bulletin describes the procedures to replace the Tire Specification Label and revise the Owners Manual."
"20V146","RCRIT-20V146-5514.pdf","BMW","F 750 GS","2020","Remedy Instructions and TSB"
"20V146","RCONL-20V146-3303.pdf","BMW","F 750 GS","2020","ONL"
"20V146","RCMN-20V146-2121.pdf","BMW","F 750 GS","2020","Manufacturer Notices to Dealers"
"20V146","RCRIT-20V146-1489.pdf","BMW","F 850 GS","2020","Remedy Instructions and TSB"
"20V146","RCONL-20V146-3303.pdf","BMW","F 850 GS","2020","ONL"
"20V146","RCMN-20V146-2121.pdf","BMW","F 850 GS","2020","Manufacturer Notices to Dealers"
"20V146","RCMN-20V146-2121.pdf","BMW","F 850 GS ADVENTURE","2020","Manufacturer Notices to Dealers"
"20V146","RCONL-20V146-3303.pdf","BMW","F 850 GS ADVENTURE","2020","ONL"
"20V146","RCRIT-20V146-5514.pdf","BMW","F 850 GS ADVENTURE","2020","Remedy Instructions and TSB"
"20V146","RCONL-20V146-3303.pdf","BMW","F 900 R","2020","ONL"
"20V146","RCRIT-20V146-1489.pdf","BMW","F 900 R","2020","Remedy Instructions and TSB"
"20V146","RCMN-20V146-2121.pdf","BMW","F 900 R","2020","Manufacturer Notices to Dealers"
"20V146","RCRIT-20V146-5514.pdf","BMW","F 900 XR","2020","Remedy Instructions and TSB"
"20V146","RCMN-20V146-2121.pdf","BMW","F 900 XR","2020","Manufacturer Notices to Dealers"
"20V146","RCONL-20V146-3303.pdf","BMW","F 900 XR","2020","ONL"
"20V146","RCRIT-20V146-1489.pdf","BMW","R 1250 GS","2020","Remedy Instructions and TSB"
"20V146","RCONL-20V146-3303.pdf","BMW","R 1250 GS","2020","ONL"
"20V146","RCMN-20V146-2121.pdf","BMW","R 1250 GS","2020","Manufacturer Notices to Dealers"
"20V146","RCMN-20V146-2121.pdf","BMW","R 1250 GS ADVENTURE","2020","Manufacturer Notices to Dealers"
"20V146","RCONL-20V146-3303.pdf","BMW","R 1250 GS ADVENTURE","2020","ONL"
"20V146","RCRIT-20V146-1489.pdf","BMW","R 1250 GS ADVENTURE","2020","Remedy Instructions and TSB"
"20V146","RCRIT-20V146-5514.pdf","BMW","R 1250 R","2020","Remedy Instructions and TSB"
"20V146","RCMN-20V146-2121.pdf","BMW","R 1250 R","2020","Manufacturer Notices to Dealers"
"20V146","RCONL-20V146-3303.pdf","BMW","R 1250 R","2020","ONL"
"20V146","RCMN-20V146-2121.pdf","BMW","R 1250 RS","2020","Manufacturer Notices to Dealers"
"20V170","RCONL-20V170-0863.pdf","HUSQVARNA","SVARTPILEN 701","2019","Owner Notification Final "
"20V170","RCRIT-20V170-6009.pdf","HUSQVARNA","SVARTPILEN 701","2019","Dealer Tech Bulletin"
"20V170","RIONL-20V170-1065.pdf","HUSQVARNA","SVARTPILEN 701","2019","Issued Interim Consumer Letter "
"20V170","RCRIT-20V170-6009.pdf","HUSQVARNA","SVARTPILEN 701","2020","Dealer Tech Bulletin"
"20V170","RIONL-20V170-1065.pdf","HUSQVARNA","SVARTPILEN 701","2020","Issued Interim Consumer Letter "
"20V170","RCONL-20V170-0863.pdf","HUSQVARNA","SVARTPILEN 701","2020","Owner Notification Final "
"20V170","RIONL-20V170-1065.pdf","HUSQVARNA","VITPILEN 701","2018","Issued Interim Consumer Letter "
"20V170","RCONL-20V170-0863.pdf","HUSQVARNA","VITPILEN 701","2018","Owner Notification Final "
"20V170","RCRIT-20V170-6009.pdf","HUSQVARNA","VITPILEN 701","2018","Dealer Tech Bulletin"
"20V170","RCRIT-20V170-6009.pdf","HUSQVARNA","VITPILEN 701","2019","Dealer Tech Bulletin"
"20V170","RIONL-20V170-1065.pdf","HUSQVARNA","VITPILEN 701","2019","Issued Interim Consumer Letter "
"20V170","RCONL-20V170-0863.pdf","HUSQVARNA","VITPILEN 701","2019","Owner Notification Final "
"20V170","RCONL-20V170-0863.pdf","HUSQVARNA","VITPILEN 701","2020","Owner Notification Final "
"20V170","RCRIT-20V170-6009.pdf","HUSQVARNA","VITPILEN 701","2020","Dealer Tech Bulletin"
"20V170","RIONL-20V170-1065.pdf","HUSQVARNA","VITPILEN 701","2020","Issued Interim Consumer Letter "
"20V184","RMISC-20V184-0161.pdf","CHEVROLET","BOLT EV","2019","A202298320 recall; the rear door may unintentionally open when opening the rear-door window; supplemental information to assist dealers in addressing customer questions"
"20V184","RCMN-20V184-4779.pdf","CHEVROLET","BOLT EV","2019","A202298320 recall; the rear window may contact and, over time, damage the cable connected to the rear doors inside handle and may unintentionally open the rear door; dealer notification that service bulletin is revised to include a copy of the owner notification letter."
"20V184","RCSB-20V184-6954.pdf","CHEVROLET","BOLT EV","2019","A202298320 recall; the rear window may contact and, over time, damage the cable connected to the rear doors inside handle and may unintentionally open the rear door; service bulletin is revised to include a copy of the owner notification letter."
"20V184","RCSB-20V184-5397.pdf","CHEVROLET","BOLT EV","2019","A202298320 recall; the rear door may unintentionally open when opening the rear-door window; service procedure."
"20V184","RCMN-20V184-1139.pdf","CHEVROLET","BOLT EV","2019","A202298320 recall; when the rear window is opened, it may contact and damage the cable connected to the rear doors inside handle and may open the rear door; dealer notification to stop delivery of affected vehicles"
"20V184","RCMN-20V184-9143.pdf","CHEVROLET","BOLT EV","2019","A202298320 recall; the rear door may unintentionally open when opening the rear-door window; dealer notification of service procedure publication."
"20V184","RCONL-20V184-3219.pdf","CHEVROLET","BOLT EV","2019","A202298320 recall; over time, the rear window may contact and damage the cable connected to the rear doors inside handle and may unintentionally open the door when opening the rear-door window; representative copy of the owner notification letter"
"20V184","RMISC-20V184-8828.pdf","CHEVROLET","BOLT EV","2019","20V184 recall; when the rear window in these vehicles is opened, it may contact and, over time, damage the cable connected to the rear doors inside handle, causing the rear door to unintentionally open; supplemental owner outreach"
"20V184","RMISC-20V184-9239.pdf","CHEVROLET","BOLT EV","2019","A202298320 recall; when the rear window is opened, it may contact and damage the cable connected to the rear doors inside handle and may open the rear door; supplemental information to assist dealers in addressing customer questions"
"20V184","RMISC-20V184-3707.pdf","CHEVROLET","BOLT EV","2019","A202298320 recall; the rear window may contact and, over time, damage the cable connected to the rear doors inside handle and may unintentionally open the rear door; supplemental information to assist dealers in addressing customer questions"
"20V184","RMISC-20V184-9239.pdf","CHEVROLET","BOLT EV","2020","A202298320 recall; when the rear window is opened, it may contact and damage the cable connected to the rear doors inside handle and may open the rear door; supplemental information to assist dealers in addressing customer questions"
"20V184","RCONL-20V184-3219.pdf","CHEVROLET","BOLT EV","2020","A202298320 recall; over time, the rear window may contact and damage the cable connected to the rear doors inside handle and may unintentionally open the door when opening the rear-door window; representative copy of the owner notification letter"
"20V184","RCMN-20V184-4779.pdf","CHEVROLET","BOLT EV","2020","A202298320 recall; the rear window may contact and, over time, damage the cable connected to the rear doors inside handle and may unintentionally open the rear door; dealer notification that service bulletin is revised to include a copy of the owner notification letter."
"20V184","RCMN-20V184-1139.pdf","CHEVROLET","BOLT EV","2020","A202298320 recall; when the rear window is opened, it may contact and damage the cable connected to the rear doors inside handle and may open the rear door; dealer notification to stop delivery of affected vehicles"
"20V184","RCMN-20V184-9143.pdf","CHEVROLET","BOLT EV","2020","A202298320 recall; the rear door may unintentionally open when opening the rear-door window; dealer notification of service procedure publication."
"20V184","RCSB-20V184-6954.pdf","CHEVROLET","BOLT EV","2020","A202298320 recall; the rear window may contact and, over time, damage the cable connected to the rear doors inside handle and may unintentionally open the rear door; service bulletin is revised to include a copy of the owner notification letter."
"20V184","RMISC-20V184-0161.pdf","CHEVROLET","BOLT EV","2020","A202298320 recall; the rear door may unintentionally open when opening the rear-door window; supplemental information to assist dealers in addressing customer questions"
"20V184","RMISC-20V184-3707.pdf","CHEVROLET","BOLT EV","2020","A202298320 recall; the rear window may contact and, over time, damage the cable connected to the rear doors inside handle and may unintentionally open the rear door; supplemental information to assist dealers in addressing customer questions"
"20V184","RMISC-20V184-8828.pdf","CHEVROLET","BOLT EV","2020","20V184 recall; when the rear window in these vehicles is opened, it may contact and, over time, damage the cable connected to the rear doors inside handle, causing the rear door to unintentionally open; supplemental owner outreach"
"20V184","RCSB-20V184-5397.pdf","CHEVROLET","BOLT EV","2020","A202298320 recall; the rear door may unintentionally open when opening the rear-door window; service procedure."
"20V195","RCMN-20V195-9960.pdf","CHEVROLET","6500XD","2018","Dealer Notification - Stop Sale and Delivery of vehicles until they are inspected and corrected."
"20V195","RCRN-20V195-9799.pdf","CHEVROLET","6500XD","2018","Communication regarding GM #N202303150, 2018-2020 Chevrolet Low Cab Forward 6500XD Med Duty trucks involved with recall 20V195; vehicle may stall and/or experience reduced functionality of the ABS brake system; representative copy of revised owner notification letter used in a second mailing"
"20V195","RCRN-20V195-2906.pdf","CHEVROLET","6500XD","2018","Isuzu Owner re-notification providing owner with details of campaign on what they should do, what we will do, and how long it should take.  Added risk of fire.  Free of charge.  20V195"
"20V195","RCRIT-20V195-9659.pdf","CHEVROLET","6500XD","2018","Campaign Bulletin.  condition of defect, inspection and how to remedy the issue."
"20V195","RCRIT-20V195-9645.pdf","CHEVROLET","6500XD","2018","Communication regarding GM #N202303150, 2018-2020 Chevrolet Low Cab Forward 6500XD Med Duty trucks involved with recall 20V195; vehicle may stall and/or experience reduced functionality of the ABS brake system; service bulletin revised to include a copy of the owner notification"
"20V195","RCRIT-20V195-5795.pdf","CHEVROLET","6500XD","2018","Communication regarding GM #N202303150, 2018-2020 Chevrolet Low Cab Forward 6500XD Med Duty trucks involved with recall 20V195; vehicle may stall and/or experience reduced functionality of the ABS brake system; service bulletin"
"20V195","RCRIT-20V195-4261.pdf","CHEVROLET","6500XD","2018","Campaign Bulletin released with Dealer communication on how to remedy the safety recall.  20V195"
"20V195","RCONL-20V195-5438.pdf","CHEVROLET","6500XD","2018","Communication regarding GM #N202303150, 2018-2020 Chevrolet Low Cab Forward 6500XD Med Duty trucks involved with recall 20V195; vehicle may stall and/or experience reduced functionality of the ABS brake system; representative copy of owner notification letter"
"20V195","RCONL-20V195-1537.pdf","CHEVROLET","6500XD","2018","Owner notification providing owner with details of campaign on what they should do, what we will do, and how long it should take.  Free of charge.  20V195"
"20V195","RCMN-20V195-9654.pdf","CHEVROLET","6500XD","2018","Communication regarding GM #N202303150, 2018-2020 Chevrolet Low Cab Forward 6500XD Med Duty trucks involved with recall 20V195; vehicle may stall and/or experience reduced functionality of the ABS brake system; supplemental information to assist dealers in addressing customer questions"
"20V195","RCMN-20V195-8149.pdf","CHEVROLET","6500XD","2018","Communication regarding GM #N202303150, 2018-2020 Chevrolet Low Cab Forward 6500XD Med Duty trucks involved with recall 20V195; vehicle may stall and/or experience reduced functionality of the ABS brake system; dealer notification of availability of working capital assistance program"
"20V195","RCMN-20V195-8094.pdf","CHEVROLET","6500XD","2018","Dealer communication providing details of safety recall campaign, announcing start date of owner notification, and releasing latest campaign bulletin."
"20V195","RCMN-20V195-3885.pdf","CHEVROLET","6500XD","2018","Communication regarding GM #N202303150, 2018-2020 Chevrolet Low Cab Forward 6500XD Med Duty trucks involved with recall 20V195; vehicle may stall and/or experience reduced functionality of the ABS brake system; dealer notification that the bulletin has been revised to include a copy of the owner notification"
"20V195","RCMN-20V195-2291.pdf","CHEVROLET","6500XD","2018","Communication regarding GM #N202303150, 2018-2020 Chevrolet Low Cab Forward 6500XD Med Duty trucks involved with recall 20V195; vehicle may stall and/or experience reduced functionality of the ABS brake system; dealer notification of recall and direction to stop delivery"
"20V195","RCMN-20V195-1979.pdf","CHEVROLET","6500XD","2018","Communication regarding GM #N202303150, 2018-2020 Chevrolet Low Cab Forward 6500XD Med Duty trucks involved with recall 20V195; vehicle may stall and/or experience reduced functionality of the ABS brake system; dealer notification of recall launch"
"20V195","RCRIT-20V195-9645.pdf","CHEVROLET","6500XD","2019","Communication regarding GM #N202303150, 2018-2020 Chevrolet Low Cab Forward 6500XD Med Duty trucks involved with recall 20V195; vehicle may stall and/or experience reduced functionality of the ABS brake system; service bulletin revised to include a copy of the owner notification"
"20V195","RCMN-20V195-9654.pdf","CHEVROLET","6500XD","2019","Communication regarding GM #N202303150, 2018-2020 Chevrolet Low Cab Forward 6500XD Med Duty trucks involved with recall 20V195; vehicle may stall and/or experience reduced functionality of the ABS brake system; supplemental information to assist dealers in addressing customer questions"
"20V195","RCMN-20V195-8149.pdf","CHEVROLET","6500XD","2019","Communication regarding GM #N202303150, 2018-2020 Chevrolet Low Cab Forward 6500XD Med Duty trucks involved with recall 20V195; vehicle may stall and/or experience reduced functionality of the ABS brake system; dealer notification of availability of working capital assistance program"
"20V195","RCMN-20V195-8094.pdf","CHEVROLET","6500XD","2019","Dealer communication providing details of safety recall campaign, announcing start date of owner notification, and releasing latest campaign bulletin."
"20V195","RCMN-20V195-3885.pdf","CHEVROLET","6500XD","2019","Communication regarding GM #N202303150, 2018-2020 Chevrolet Low Cab Forward 6500XD Med Duty trucks involved with recall 20V195; vehicle may stall and/or experience reduced functionality of the ABS brake system; dealer notification that the bulletin has been revised to include a copy of the owner notification"
"20V195","RCMN-20V195-1979.pdf","CHEVROLET","6500XD","2019","Communication regarding GM #N202303150, 2018-2020 Chevrolet Low Cab Forward 6500XD Med Duty trucks involved with recall 20V195; vehicle may stall and/or experience reduced functionality of the ABS brake system; dealer notification of recall launch"
"20V195","RCMN-20V195-2291.pdf","CHEVROLET","6500XD","2019","Communication regarding GM #N202303150, 2018-2020 Chevrolet Low Cab Forward 6500XD Med Duty trucks involved with recall 20V195; vehicle may stall and/or experience reduced functionality of the ABS brake system; dealer notification of recall and direction to stop delivery"
"20V195","RCONL-20V195-5438.pdf","CHEVROLET","6500XD","2019","Communication regarding GM #N202303150, 2018-2020 Chevrolet Low Cab Forward 6500XD Med Duty trucks involved with recall 20V195; vehicle may stall and/or experience reduced functionality of the ABS brake system; representative copy of owner notification letter"
"20V195","RCRIT-20V195-4261.pdf","CHEVROLET","6500XD","2019","Campaign Bulletin released with Dealer communication on how to remedy the safety recall.  20V195"
"20V195","RCRIT-20V195-5795.pdf","CHEVROLET","6500XD","2019","Communication regarding GM #N202303150, 2018-2020 Chevrolet Low Cab Forward 6500XD Med Duty trucks involved with recall 20V195; vehicle may stall and/or experience reduced functionality of the ABS brake system; service bulletin"
"20V216","RCONL-20V216-8642.pdf","UTILIMASTER","TRUCK BODY","2020","This is a representative copy of the owner notification that was sent to the vehicle owners. It is required by Part 577 and contains required informaition."
"20V216","RCONL-20V216-8642.pdf","UTILIMASTER","TRUCK BODY","2021","This is a representative copy of the owner notification that was sent to the vehicle owners. It is required by Part 577 and contains required informaition."
"20V228","RCMN-20V228-5877.pdf","MERCEDES-BENZ","E 450","2020","Please find the manufacturer's notice to dealers for 20V228 distributed 15MAY2020. For any questions, please contact Gregory Gunther at gregory.gunther@mbusa.com."
"20V228","RCRIT-20V228-8659.pdf","MERCEDES-BENZ","E 450","2020","Please find the remedy instructions and TSB for 20V228 distributed 15MAY2020. For any questions, please contact Gregory Gunther at gregory.gunther@mbusa.com"
"20V228","RCMN-20V228-7898.pdf","MERCEDES-BENZ","E 450","2020","Please find the initial manufacturer notice to dealer for 20V228 Distributed 28APR2020. For any questions please contact Gregory Gunther at gregory.gunther@mbusa.com"
"20V228","RCONL-20V228-6526.pdf","MERCEDES-BENZ","E 450","2020","Please find the redacted owner notification letter for 20V228 mailed 22MAY2020. For any questions, please contact Gregory Gunther at gregory.gunther@mbusa.com"
"20V255","RCONL-20V255-2891.pdf","INTERNATIONAL","LT","2018","20504; 07/08/2020; International; LT & RH; 2018, 2019,2020; The connecting rod bushing over time may develop cracks or lose chunks of material, which could lead to connecting rod
failure."
"20V255","RCONL-20V255-7190.pdf","INTERNATIONAL","LT","2018","20504; 07/20/2020; International; CV; 2019, 2020; Certain CV series trucks may not conform to Federal Motor Vehicle Safety Standard (FMVSS) 105 S5.3.1.C. The Anti-Lock Brake System (ABS) Malfunction Indicator Lamp (MIL) should be illuminated when there is loss of communication with the control module."
"20V255","RCONL-20V255-8777.pdf","INTERNATIONAL","LT","2018","20507; 08/20/2020; International; LT, RH; 2018, 2019, 2020; The connecting rod bushing over time may develop cracks or lose chunks of material, which could lead to connecting rod failure."
"20V255","RCRIT-20V255-0886.pdf","INTERNATIONAL","LT","2019","20504; 07/20/2020; International; CV; 2019, 2020; Certain CV series trucks may not conform to Federal Motor Vehicle Safety Standard (FMVSS) 105 S5.3.1.C. The Anti-Lock Brake System (ABS) Malfunction Indicator Lamp (MIL) should be illuminated when there is loss of communication with the control module."
"20V255","RCONL-20V255-8777.pdf","INTERNATIONAL","LT","2019","20507; 08/20/2020; International; LT, RH; 2018, 2019, 2020; The connecting rod bushing over time may develop cracks or lose chunks of material, which could lead to connecting rod failure."
"20V255","RCRIT-20V255-4928.pdf","INTERNATIONAL","LT","2019","20504; 07/08/2020; International; LT & RH; 2018, 2019,2020; The connecting rod bushing over time may develop cracks or lose chunks of material, which could lead to connecting rod
failure."
"20V255","RCRIT-20V255-0886.pdf","INTERNATIONAL","LT","2020","20504; 07/20/2020; International; CV; 2019, 2020; Certain CV series trucks may not conform to Federal Motor Vehicle Safety Standard (FMVSS) 105 S5.3.1.C. The Anti-Lock Brake System (ABS) Malfunction Indicator Lamp (MIL) should be illuminated when there is loss of communication with the control module."
"20V255","RCONL-20V255-2891.pdf","INTERNATIONAL","LT","2020","20504; 07/08/2020; International; LT & RH; 2018, 2019,2020; The connecting rod bushing over time may develop cracks or lose chunks of material, which could lead to connecting rod
failure."
"20V255","RCONL-20V255-8777.pdf","INTERNATIONAL","LT","2020","20507; 08/20/2020; International; LT, RH; 2018, 2019, 2020; The connecting rod bushing over time may develop cracks or lose chunks of material, which could lead to connecting rod failure."
"20V255","RCONL-20V255-2891.pdf","INTERNATIONAL","RH","2019","20504; 07/08/2020; International; LT & RH; 2018, 2019,2020; The connecting rod bushing over time may develop cracks or lose chunks of material, which could lead to connecting rod
failure."
"20V255","RCRIT-20V255-0886.pdf","INTERNATIONAL","RH","2019","20504; 07/20/2020; International; CV; 2019, 2020; Certain CV series trucks may not conform to Federal Motor Vehicle Safety Standard (FMVSS) 105 S5.3.1.C. The Anti-Lock Brake System (ABS) Malfunction Indicator Lamp (MIL) should be illuminated when there is loss of communication with the control module."
"20V255","RCONL-20V255-8777.pdf","INTERNATIONAL","RH","2019","20507; 08/20/2020; International; LT, RH; 2018, 2019, 2020; The connecting rod bushing over time may develop cracks or lose chunks of material, which could lead to connecting rod failure."
"20V255","RCRIT-20V255-4928.pdf","INTERNATIONAL","RH","2020","20504; 07/08/2020; International; LT & RH; 2018, 2019,2020; The connecting rod bushing over time may develop cracks or lose chunks of material, which could lead to connecting rod
failure."
"20V255","RCONL-20V255-7190.pdf","INTERNATIONAL","RH","2020","20504; 07/20/2020; International; CV; 2019, 2020; Certain CV series trucks may not conform to Federal Motor Vehicle Safety Standard (FMVSS) 105 S5.3.1.C. The Anti-Lock Brake System (ABS) Malfunction Indicator Lamp (MIL) should be illuminated when there is loss of communication with the control module."
"20V255","RCONL-20V255-8777.pdf","INTERNATIONAL","RH","2020","20507; 08/20/2020; International; LT, RH; 2018, 2019, 2020; The connecting rod bushing over time may develop cracks or lose chunks of material, which could lead to connecting rod failure."
"20V260","RCRN-20V260-9808.pdf","FORD","TRANSIT CONNECT","2014","20S22 renotification.  Mailed January 4-6, 2021"
"20V260","RCRN-20V260-7940.pdf","FORD","TRANSIT CONNECT","2014","20S22 renotification.  Mailed January 28-31, 2022"
"20V260","RCONL-20V260-3943.pdf","FORD","TRANSIT CONNECT","2014","20S22 parts available owner letter.  Mailed August 25, 2020"
"20V260","RMISC-20V260-7463.pdf","FORD","TRANSIT CONNECT","2014","20S22 media correspondence"
"20V260","RCRN-20V260-4676.pdf","FORD","TRANSIT CONNECT","2014","20S22 Renotification.  Mailed February 3, 2023"
"20V260","RCRN-20V260-2908.pdf","FORD","TRANSIT CONNECT","2014","20S22 Renot.  Mailed February 26-March 1, 2024"
"20V260","RCRN-20V260-6567.pdf","FORD","TRANSIT CONNECT","2014","20S22 renotification.  Mailed October 17, 2023"
"20V260","RCMN-20V260-3045.pdf","FORD","TRANSIT CONNECT","2014","NEW VEHICLE DEMONSTRATION / DELIVERY HOLD - Advance Notice - Safety
Recall 20S22
Certain 2014-2017 Model Year Transit Connect Vehicles Equipped with Panoramic
Roof
Panoramic Roof Panel Repair"
"20V260","RCMN-20V260-1616.pdf","FORD","TRANSIT CONNECT","2014","NEW VEHICLE DEMONSTRATION / DELIVERY HOLD - Safety Recall 20S22
Certain 2014-2017 Model Year Transit Connect Vehicles Equipped with Panoramic
Roof
Panoramic Roof Panel Repair"
"20V260","RIONL-20V260-3237.pdf","FORD","TRANSIT CONNECT","2014","20S22 owner letter.  Mailed May 26, 2020"
"20V260","RCRN-20V260-9808.pdf","FORD","TRANSIT CONNECT","2015","20S22 renotification.  Mailed January 4-6, 2021"
"20V260","RCMN-20V260-1616.pdf","FORD","TRANSIT CONNECT","2015","NEW VEHICLE DEMONSTRATION / DELIVERY HOLD - Safety Recall 20S22
Certain 2014-2017 Model Year Transit Connect Vehicles Equipped with Panoramic
Roof
Panoramic Roof Panel Repair"
"20V260","RCONL-20V260-3943.pdf","FORD","TRANSIT CONNECT","2015","20S22 parts available owner letter.  Mailed August 25, 2020"
"20V260","RCRN-20V260-2908.pdf","FORD","TRANSIT CONNECT","2015","20S22 Renot.  Mailed February 26-March 1, 2024"
"20V260","RCRN-20V260-4676.pdf","FORD","TRANSIT CONNECT","2015","20S22 Renotification.  Mailed February 3, 2023"
"20V260","RCRN-20V260-6567.pdf","FORD","TRANSIT CONNECT","2015","20S22 renotification.  Mailed October 17, 2023"
"20V260","RCRN-20V260-7940.pdf","FORD","TRANSIT CONNECT","2015","20S22 renotification.  Mailed January 28-31, 2022"
"20V260","RIONL-20V260-3237.pdf","FORD","TRANSIT CONNECT","2015","20S22 owner letter.  Mailed May 26, 2020"
"20V260","RMISC-20V260-7463.pdf","FORD","TRANSIT CONNECT","2015","20S22 media correspondence"
"20V260","RCMN-20V260-3045.pdf","FORD","TRANSIT CONNECT","2015","NEW VEHICLE DEMONSTRATION / DELIVERY HOLD - Advance Notice - Safety
Recall 20S22
Certain 2014-2017 Model Year Transit Connect Vehicles Equipped with Panoramic
Roof
Panoramic Roof Panel Repair"
"20V260","RCRN-20V260-6567.pdf","FORD","TRANSIT CONNECT","2016","20S22 renotification.  Mailed October 17, 2023"
"20V260","RCRN-20V260-9808.pdf","FORD","TRANSIT CONNECT","2016","20S22 renotification.  Mailed January 4-6, 2021"
"20V260","RIONL-20V260-3237.pdf","FORD","TRANSIT CONNECT","2016","20S22 owner letter.  Mailed May 26, 2020"
"20V260","RMISC-20V260-7463.pdf","FORD","TRANSIT CONNECT","2016","20S22 media correspondence"
"20V260","RCMN-20V260-1616.pdf","FORD","TRANSIT CONNECT","2016","NEW VEHICLE DEMONSTRATION / DELIVERY HOLD - Safety Recall 20S22
Certain 2014-2017 Model Year Transit Connect Vehicles Equipped with Panoramic
Roof
Panoramic Roof Panel Repair"
"20V270","RMRP-20V270-2180.pdf","PORSCHE","CAYENNE S E-HYBRID","2020","Actual copy of reimbursement plan is attached"
"20V270","RIONL-20V270-5071.pdf","PORSCHE","CAYENNE S E-HYBRID","2020","Actual copy of interim owner notification letter is attached."
"20V270","RCRIT-20V270-5983.pdf","PORSCHE","CAYENNE S E-HYBRID","2020","Actual copy of TI is attached"
"20V270","RCONL-20V270-3100.pdf","PORSCHE","CAYENNE S E-HYBRID","2020","Actual copy of owner notification letter is attached"
"20V270","RCMN-20V270-6352.pdf","PORSCHE","CAYENNE S E-HYBRID","2020","Actual copy of Initial notice to dealers for stop sale / stop delivery on inventory vehicles is attached"
"20V270","RCMN-20V270-8794.pdf","PORSCHE","CAYENNE S E-HYBRID","2020","Actual copy of announcement is attached"
"20V270","RCONL-20V270-0611.pdf","PORSCHE","CAYENNE S E-HYBRID","2020","Actual copy of letter is attached"
"20V270","RONE-20V270-0492.pdf","PORSCHE","CAYENNE S E-HYBRID","2020","Actual copy of interim owner notification letter envelope is attached."
"20V270","RONE-20V270-0492.pdf","PORSCHE","CAYENNE TURBO","2019","Actual copy of interim owner notification letter envelope is attached."
"20V270","RIONL-20V270-9509.pdf","PORSCHE","CAYENNE TURBO","2019","Actual copy of interim owner notification letter is attached."
"20V270","RCMN-20V270-6352.pdf","PORSCHE","CAYENNE TURBO","2019","Actual copy of Initial notice to dealers for stop sale / stop delivery on inventory vehicles is attached"
"20V270","RCMN-20V270-8794.pdf","PORSCHE","CAYENNE TURBO","2019","Actual copy of announcement is attached"
"20V270","RCONL-20V270-0611.pdf","PORSCHE","CAYENNE TURBO","2019","Actual copy of letter is attached"
"20V270","RCONL-20V270-3100.pdf","PORSCHE","CAYENNE TURBO","2019","Actual copy of owner notification letter is attached"
"20V270","RCRIT-20V270-5983.pdf","PORSCHE","CAYENNE TURBO","2019","Actual copy of TI is attached"
"20V270","RMRP-20V270-2180.pdf","PORSCHE","CAYENNE TURBO","2019","Actual copy of reimbursement plan is attached"
"20V270","RONE-20V270-0492.pdf","PORSCHE","CAYENNE TURBO","2020","Actual copy of interim owner notification letter envelope is attached."
"20V270","RCMN-20V270-8794.pdf","PORSCHE","CAYENNE TURBO","2020","Actual copy of announcement is attached"
"20V270","RCONL-20V270-3100.pdf","PORSCHE","CAYENNE TURBO","2020","Actual copy of owner notification letter is attached"
"20V270","RCRIT-20V270-5983.pdf","PORSCHE","CAYENNE TURBO","2020","Actual copy of TI is attached"
"20V270","RIONL-20V270-5071.pdf","PORSCHE","CAYENNE TURBO","2020","Actual copy of interim owner notification letter is attached."
"20V270","RCONL-20V270-0611.pdf","PORSCHE","CAYENNE TURBO","2020","Actual copy of letter is attached"
"20V270","RCMN-20V270-6352.pdf","PORSCHE","CAYENNE TURBO","2020","Actual copy of Initial notice to dealers for stop sale / stop delivery on inventory vehicles is attached"
"20V270","RMRP-20V270-2180.pdf","PORSCHE","CAYENNE TURBO","2020","Actual copy of reimbursement plan is attached"
"20V270","RONE-20V270-0492.pdf","PORSCHE","CAYENNE TURBO COUPE","2020","Actual copy of interim owner notification letter envelope is attached."
"20V283","RCMN-20V283-0008.pdf","BMW","X1","2020","Manufacturer Notice to Dealers"
"20V283","RCONL-20V283-6839.pdf","BMW","X1","2020","Owner Notification Letter"
"20V283","RCRIT-20V283-2319.pdf","BMW","X1","2020","Remedy Instructions and TSB"
"20V283","RCONL-20V283-6839.pdf","BMW","X2","2020","Owner Notification Letter"
"20V283","RCMN-20V283-4041.pdf","BMW","X2","2020","Manufacturer Notice to Dealers"
"20V283","RCRIT-20V283-9271.pdf","BMW","X2","2020","Remedy Instructions and TSB"
"20V283","RCMN-20V283-4041.pdf","MINI","COOPER","2020","Manufacturer Notice to Dealers"
"20V283","RCRIT-20V283-2319.pdf","MINI","COOPER","2020","Remedy Instructions and TSB"
"20V283","RCONL-20V283-7380.pdf","MINI","COOPER","2020","Owner Notification Letter"
"20V283","RCRIT-20V283-9271.pdf","MINI","COOPER","2021","Remedy Instructions and TSB"
"20V283","RCMN-20V283-0008.pdf","MINI","COOPER","2021","Manufacturer Notice to Dealers"
"20V283","RCONL-20V283-7380.pdf","MINI","COOPER","2021","Owner Notification Letter"
"20V283","RCMN-20V283-0008.pdf","MINI","COOPER S","2020","Manufacturer Notice to Dealers"
"20V283","RCONL-20V283-6839.pdf","MINI","COOPER S","2020","Owner Notification Letter"
"20V283","RCRIT-20V283-9271.pdf","MINI","COOPER S","2020","Remedy Instructions and TSB"
"20V283","RCMN-20V283-4041.pdf","MINI","COOPER S","2021","Manufacturer Notice to Dealers"
"20V283","RCONL-20V283-6839.pdf","MINI","COOPER S","2021","Owner Notification Letter"
"20V283","RCRIT-20V283-2319.pdf","MINI","COOPER S","2021","Remedy Instructions and TSB"
"20V283","RCONL-20V283-6839.pdf","MINI","COOPER S CLUBMAN","2020","Owner Notification Letter"
"20V283","RCMN-20V283-4041.pdf","MINI","COOPER S CLUBMAN","2020","Manufacturer Notice to Dealers"
"20V283","RCRIT-20V283-9271.pdf","MINI","COOPER S CLUBMAN","2020","Remedy Instructions and TSB"
"20V283","RCONL-20V283-6839.pdf","MINI","JCW CONVERTIBLE","2021","Owner Notification Letter"
"20V283","RCRIT-20V283-9271.pdf","MINI","JCW CONVERTIBLE","2021","Remedy Instructions and TSB"
"20V283","RCMN-20V283-4041.pdf","MINI","JCW CONVERTIBLE","2021","Manufacturer Notice to Dealers"
"20V285","RCRIT-20V285-8028.pdf","INTERNATIONAL","CV","2019","20505; 07/20/2020; International; CV; 2019, 2020 Certain CV series trucks may not conform to Federal Motor Vehicle Safety Standard (FMVSS) 105 S5.3.1.C. The Anti-Lock Brake System (ABS) Malfunction Indicator Lamp (MIL) should be illuminated when there is loss of communication with the control module."
"20V285","RCRIT-20V285-8028.pdf","INTERNATIONAL","CV","2020","20505; 07/20/2020; International; CV; 2019, 2020 Certain CV series trucks may not conform to Federal Motor Vehicle Safety Standard (FMVSS) 105 S5.3.1.C. The Anti-Lock Brake System (ABS) Malfunction Indicator Lamp (MIL) should be illuminated when there is loss of communication with the control module."
"20V303","RCMN-20V303-6723.pdf","THOR MOTOR COACH","AXIS","2020","On certain TMC motorhomes subject to this recall campaign, there may be insufficient clearance between a wiring harness bundle and the vehicles frame. Insufficient clearance could lead to a touch condition between the wiring harness bundle and the vehicles frame. Over time, this could damage the wiring harness bundle potentially resulting in an engine stall or limited anti-lock braking and roll stability control system functionality, increasing the risk of a crash."
"20V303","RCMN-20V303-4343.pdf","THOR MOTOR COACH","AXIS","2020","It has been decided that on certain TMC motorhomes subject to this recall campaign, there may be insufficient clearance between a wiring harness bundle and the vehicles frame. Insufficient clearance could lead to a touch condition between the wiring harness bundle and the vehicles frame. Over time, this could damage the wiring harness bundle potentially resulting in an engine stall or limited anti-lock braking and roll stability control system functionality, increasing the risk of a crash."
"20V303","RMISC-20V303-8936.pdf","THOR MOTOR COACH","AXIS","2020","There may be insufficient clearance between a wiring harness bundle and the vehicles frame. Insufficient clearance could lead to a touch condition between the wiring harness bundle and the vehicles frame. Over time, this could damage the wiring harness bundle potentially resulting in an engine stall or limited anti-lock braking and roll stability control system functionality, increasing the risk of a crash."
"20V303","RCONL-20V303-3416.pdf","THOR MOTOR COACH","CHATEAU","2020","It has been decided that on certain TMC motorhomes subject to this recall campaign, there may be insufficient clearance between a wiring harness bundle and the vehicles frame. Insufficient clearance could lead to a touch condition between the wiring harness bundle and the vehicles frame. Over time, this could damage the wiring harness bundle potentially resulting in an engine stall or limited anti-lock braking and roll stability control system functionality, increasing the risk of a crash."
"20V303","RCMN-20V303-6723.pdf","THOR MOTOR COACH","CHATEAU","2020","On certain TMC motorhomes subject to this recall campaign, there may be insufficient clearance between a wiring harness bundle and the vehicles frame. Insufficient clearance could lead to a touch condition between the wiring harness bundle and the vehicles frame. Over time, this could damage the wiring harness bundle potentially resulting in an engine stall or limited anti-lock braking and roll stability control system functionality, increasing the risk of a crash."
"20V303","RMISC-20V303-8936.pdf","THOR MOTOR COACH","CHATEAU","2020","There may be insufficient clearance between a wiring harness bundle and the vehicles frame. Insufficient clearance could lead to a touch condition between the wiring harness bundle and the vehicles frame. Over time, this could damage the wiring harness bundle potentially resulting in an engine stall or limited anti-lock braking and roll stability control system functionality, increasing the risk of a crash."
"20V303","RCMN-20V303-6723.pdf","THOR MOTOR COACH","CHATEAU","2021","On certain TMC motorhomes subject to this recall campaign, there may be insufficient clearance between a wiring harness bundle and the vehicles frame. Insufficient clearance could lead to a touch condition between the wiring harness bundle and the vehicles frame. Over time, this could damage the wiring harness bundle potentially resulting in an engine stall or limited anti-lock braking and roll stability control system functionality, increasing the risk of a crash."
"20V303","RMISC-20V303-8936.pdf","THOR MOTOR COACH","CHATEAU","2021","There may be insufficient clearance between a wiring harness bundle and the vehicles frame. Insufficient clearance could lead to a touch condition between the wiring harness bundle and the vehicles frame. Over time, this could damage the wiring harness bundle potentially resulting in an engine stall or limited anti-lock braking and roll stability control system functionality, increasing the risk of a crash."
"20V303","RCONL-20V303-3416.pdf","THOR MOTOR COACH","CHATEAU","2021","It has been decided that on certain TMC motorhomes subject to this recall campaign, there may be insufficient clearance between a wiring harness bundle and the vehicles frame. Insufficient clearance could lead to a touch condition between the wiring harness bundle and the vehicles frame. Over time, this could damage the wiring harness bundle potentially resulting in an engine stall or limited anti-lock braking and roll stability control system functionality, increasing the risk of a crash."
"20V303","RCMN-20V303-4343.pdf","THOR MOTOR COACH","FOUR WINDS","2020","It has been decided that on certain TMC motorhomes subject to this recall campaign, there may be insufficient clearance between a wiring harness bundle and the vehicles frame. Insufficient clearance could lead to a touch condition between the wiring harness bundle and the vehicles frame. Over time, this could damage the wiring harness bundle potentially resulting in an engine stall or limited anti-lock braking and roll stability control system functionality, increasing the risk of a crash."
"20V303","RCMN-20V303-6723.pdf","THOR MOTOR COACH","FOUR WINDS","2020","On certain TMC motorhomes subject to this recall campaign, there may be insufficient clearance between a wiring harness bundle and the vehicles frame. Insufficient clearance could lead to a touch condition between the wiring harness bundle and the vehicles frame. Over time, this could damage the wiring harness bundle potentially resulting in an engine stall or limited anti-lock braking and roll stability control system functionality, increasing the risk of a crash."
"20V303","RMISC-20V303-8936.pdf","THOR MOTOR COACH","FOUR WINDS","2020","There may be insufficient clearance between a wiring harness bundle and the vehicles frame. Insufficient clearance could lead to a touch condition between the wiring harness bundle and the vehicles frame. Over time, this could damage the wiring harness bundle potentially resulting in an engine stall or limited anti-lock braking and roll stability control system functionality, increasing the risk of a crash."
"20V303","RCMN-20V303-4343.pdf","THOR MOTOR COACH","FOUR WINDS","2021","It has been decided that on certain TMC motorhomes subject to this recall campaign, there may be insufficient clearance between a wiring harness bundle and the vehicles frame. Insufficient clearance could lead to a touch condition between the wiring harness bundle and the vehicles frame. Over time, this could damage the wiring harness bundle potentially resulting in an engine stall or limited anti-lock braking and roll stability control system functionality, increasing the risk of a crash."
"20V303","RCMN-20V303-6723.pdf","THOR MOTOR COACH","FOUR WINDS","2021","On certain TMC motorhomes subject to this recall campaign, there may be insufficient clearance between a wiring harness bundle and the vehicles frame. Insufficient clearance could lead to a touch condition between the wiring harness bundle and the vehicles frame. Over time, this could damage the wiring harness bundle potentially resulting in an engine stall or limited anti-lock braking and roll stability control system functionality, increasing the risk of a crash."
"20V303","RMISC-20V303-8936.pdf","THOR MOTOR COACH","FOUR WINDS","2021","There may be insufficient clearance between a wiring harness bundle and the vehicles frame. Insufficient clearance could lead to a touch condition between the wiring harness bundle and the vehicles frame. Over time, this could damage the wiring harness bundle potentially resulting in an engine stall or limited anti-lock braking and roll stability control system functionality, increasing the risk of a crash."
"20V303","RCONL-20V303-3416.pdf","THOR MOTOR COACH","QUANTUM","2020","It has been decided that on certain TMC motorhomes subject to this recall campaign, there may be insufficient clearance between a wiring harness bundle and the vehicles frame. Insufficient clearance could lead to a touch condition between the wiring harness bundle and the vehicles frame. Over time, this could damage the wiring harness bundle potentially resulting in an engine stall or limited anti-lock braking and roll stability control system functionality, increasing the risk of a crash."
"20V303","RMISC-20V303-8936.pdf","THOR MOTOR COACH","QUANTUM","2020","There may be insufficient clearance between a wiring harness bundle and the vehicles frame. Insufficient clearance could lead to a touch condition between the wiring harness bundle and the vehicles frame. Over time, this could damage the wiring harness bundle potentially resulting in an engine stall or limited anti-lock braking and roll stability control system functionality, increasing the risk of a crash."
"20V303","RCMN-20V303-6723.pdf","THOR MOTOR COACH","QUANTUM","2020","On certain TMC motorhomes subject to this recall campaign, there may be insufficient clearance between a wiring harness bundle and the vehicles frame. Insufficient clearance could lead to a touch condition between the wiring harness bundle and the vehicles frame. Over time, this could damage the wiring harness bundle potentially resulting in an engine stall or limited anti-lock braking and roll stability control system functionality, increasing the risk of a crash."
"20V303","RCMN-20V303-4343.pdf","THOR MOTOR COACH","QUANTUM","2021","It has been decided that on certain TMC motorhomes subject to this recall campaign, there may be insufficient clearance between a wiring harness bundle and the vehicles frame. Insufficient clearance could lead to a touch condition between the wiring harness bundle and the vehicles frame. Over time, this could damage the wiring harness bundle potentially resulting in an engine stall or limited anti-lock braking and roll stability control system functionality, increasing the risk of a crash."
"20V303","RCMN-20V303-6723.pdf","THOR MOTOR COACH","QUANTUM","2021","On certain TMC motorhomes subject to this recall campaign, there may be insufficient clearance between a wiring harness bundle and the vehicles frame. Insufficient clearance could lead to a touch condition between the wiring harness bundle and the vehicles frame. Over time, this could damage the wiring harness bundle potentially resulting in an engine stall or limited anti-lock braking and roll stability control system functionality, increasing the risk of a crash."
"20V303","RMISC-20V303-8936.pdf","THOR MOTOR COACH","QUANTUM","2021","There may be insufficient clearance between a wiring harness bundle and the vehicles frame. Insufficient clearance could lead to a touch condition between the wiring harness bundle and the vehicles frame. Over time, this could damage the wiring harness bundle potentially resulting in an engine stall or limited anti-lock braking and roll stability control system functionality, increasing the risk of a crash."
"20V303","RMISC-20V303-8936.pdf","THOR MOTOR COACH","VEGAS","2020","There may be insufficient clearance between a wiring harness bundle and the vehicles frame. Insufficient clearance could lead to a touch condition between the wiring harness bundle and the vehicles frame. Over time, this could damage the wiring harness bundle potentially resulting in an engine stall or limited anti-lock braking and roll stability control system functionality, increasing the risk of a crash."
"20V303","RCONL-20V303-3416.pdf","THOR MOTOR COACH","VEGAS","2020","It has been decided that on certain TMC motorhomes subject to this recall campaign, there may be insufficient clearance between a wiring harness bundle and the vehicles frame. Insufficient clearance could lead to a touch condition between the wiring harness bundle and the vehicles frame. Over time, this could damage the wiring harness bundle potentially resulting in an engine stall or limited anti-lock braking and roll stability control system functionality, increasing the risk of a crash."
"20V303","RCMN-20V303-6723.pdf","THOR MOTOR COACH","VEGAS","2020","On certain TMC motorhomes subject to this recall campaign, there may be insufficient clearance between a wiring harness bundle and the vehicles frame. Insufficient clearance could lead to a touch condition between the wiring harness bundle and the vehicles frame. Over time, this could damage the wiring harness bundle potentially resulting in an engine stall or limited anti-lock braking and roll stability control system functionality, increasing the risk of a crash."
"20V319","RCSB-20V319-8174.pdf","INTERNATIONAL MOTORS","CHEVY 4500HD","2019","N202305070 recall; vehicles antilock brake system (ABS) malfunction indicator lamp (MIL) will not illuminate as required by FMVSS 105; service bulletin"
"20V319","RCMN-20V319-0073.pdf","INTERNATIONAL MOTORS","CHEVY 4500HD","2019","N202305070 recall; vehicles antilock brake system (ABS) malfunction indicator lamp (MIL) will not illuminate as required by FMVSS 105; notification to dealers of recall and remedy availability"
"20V319","RMISC-20V319-7623.pdf","INTERNATIONAL MOTORS","CHEVY 4500HD","2019","N202305070 recall; vehicles antilock brake system (ABS) malfunction indicator lamp (MIL) will not illuminate as required by FMVSS 105; supplemental information to assist dealer in addressing customer questions"
"20V319","RMISC-20V319-5655.pdf","INTERNATIONAL MOTORS","CHEVY 4500HD","2019","N202305070 recall; if the BCM loses communication with the EBCM, the ABS malfunction indicator lamp will not illuminate as required by FMVSS 105; supplemental information to assist dealer in addressing customer questions"
"20V319","RCSB-20V319-4935.pdf","INTERNATIONAL MOTORS","CHEVY 4500HD","2019","N202305070 recall; if the BCM loses communication with the EBCM, the vehicles ABS malfunction indicator lamp will not illuminate as required by FMVSS 105; service bulletin"
"20V319","RCSB-20V319-2276.pdf","INTERNATIONAL MOTORS","CHEVY 4500HD","2019","N202305070 recall; if the BCM loses communication with the EBCM, the ABS malfunction indicator lamp will not illuminate as required by FMVSS 105; service bulletin is revised to include a copy of the owner notification letter"
"20V319","RCONL-20V319-3055.pdf","INTERNATIONAL MOTORS","CHEVY 4500HD","2019","N202305070 recall; if the BCM loses communication with the EBCM, the ABS malfunction indicator lamp will not illuminate as required by FMVSS 105; representative copy of the owner notification letter"
"20V319","RCMN-20V319-7025.pdf","INTERNATIONAL MOTORS","CHEVY 4500HD","2019","N202305070 recall; if the BCM loses communication with the EBCM, the ABS malfunction indicator lamp will not illuminate as required by FMVSS 105;dealer notification that service bulletin is revised to include a copy of the owner notification letter"
"20V319","RCMN-20V319-1884.pdf","INTERNATIONAL MOTORS","CHEVY 4500HD","2019","N202305070 recall; if the BCM loses communication with the EBCM, the vehicles ABS malfunction indicator lamp will not illuminate as required by FMVSS 105; dealer notification of recall and service bulletin"
"20V319","RMISC-20V319-8658.pdf","INTERNATIONAL MOTORS","CHEVY 4500HD","2019","N202305070 recall; if the BCM loses communication with the EBCM, the vehicles ABS malfunction indicator lamp will not illuminate as required by FMVSS 105; supplemental information to assist dealers in addressing customer questions"
"20V319","RCSB-20V319-4935.pdf","INTERNATIONAL MOTORS","CHEVY 4500HD","2020","N202305070 recall; if the BCM loses communication with the EBCM, the vehicles ABS malfunction indicator lamp will not illuminate as required by FMVSS 105; service bulletin"
"20V319","RCMN-20V319-7025.pdf","INTERNATIONAL MOTORS","CHEVY 4500HD","2020","N202305070 recall; if the BCM loses communication with the EBCM, the ABS malfunction indicator lamp will not illuminate as required by FMVSS 105;dealer notification that service bulletin is revised to include a copy of the owner notification letter"
"20V319","RMISC-20V319-8658.pdf","INTERNATIONAL MOTORS","CHEVY 4500HD","2020","N202305070 recall; if the BCM loses communication with the EBCM, the vehicles ABS malfunction indicator lamp will not illuminate as required by FMVSS 105; supplemental information to assist dealers in addressing customer questions"
"20V319","RMISC-20V319-7623.pdf","INTERNATIONAL MOTORS","CHEVY 4500HD","2020","N202305070 recall; vehicles antilock brake system (ABS) malfunction indicator lamp (MIL) will not illuminate as required by FMVSS 105; supplemental information to assist dealer in addressing customer questions"
"20V319","RMISC-20V319-5655.pdf","INTERNATIONAL MOTORS","CHEVY 4500HD","2020","N202305070 recall; if the BCM loses communication with the EBCM, the ABS malfunction indicator lamp will not illuminate as required by FMVSS 105; supplemental information to assist dealer in addressing customer questions"
"20V319","RCSB-20V319-8174.pdf","INTERNATIONAL MOTORS","CHEVY 4500HD","2020","N202305070 recall; vehicles antilock brake system (ABS) malfunction indicator lamp (MIL) will not illuminate as required by FMVSS 105; service bulletin"
"20V319","RCMN-20V319-0073.pdf","INTERNATIONAL MOTORS","CHEVY 4500HD","2020","N202305070 recall; vehicles antilock brake system (ABS) malfunction indicator lamp (MIL) will not illuminate as required by FMVSS 105; notification to dealers of recall and remedy availability"
"20V319","RCMN-20V319-1884.pdf","INTERNATIONAL MOTORS","CHEVY 4500HD","2020","N202305070 recall; if the BCM loses communication with the EBCM, the vehicles ABS malfunction indicator lamp will not illuminate as required by FMVSS 105; dealer notification of recall and service bulletin"
"20V319","RCONL-20V319-3055.pdf","INTERNATIONAL MOTORS","CHEVY 4500HD","2020","N202305070 recall; if the BCM loses communication with the EBCM, the ABS malfunction indicator lamp will not illuminate as required by FMVSS 105; representative copy of the owner notification letter"
"20V319","RCSB-20V319-2276.pdf","INTERNATIONAL MOTORS","CHEVY 4500HD","2020","N202305070 recall; if the BCM loses communication with the EBCM, the ABS malfunction indicator lamp will not illuminate as required by FMVSS 105; service bulletin is revised to include a copy of the owner notification letter"
"20V319","RCMN-20V319-7025.pdf","INTERNATIONAL MOTORS","CHEVY 5500HD","2019","N202305070 recall; if the BCM loses communication with the EBCM, the ABS malfunction indicator lamp will not illuminate as required by FMVSS 105;dealer notification that service bulletin is revised to include a copy of the owner notification letter"
"20V319","RMISC-20V319-7623.pdf","INTERNATIONAL MOTORS","CHEVY 5500HD","2019","N202305070 recall; vehicles antilock brake system (ABS) malfunction indicator lamp (MIL) will not illuminate as required by FMVSS 105; supplemental information to assist dealer in addressing customer questions"
"20V319","RMISC-20V319-5655.pdf","INTERNATIONAL MOTORS","CHEVY 5500HD","2019","N202305070 recall; if the BCM loses communication with the EBCM, the ABS malfunction indicator lamp will not illuminate as required by FMVSS 105; supplemental information to assist dealer in addressing customer questions"
"20V319","RCSB-20V319-8174.pdf","INTERNATIONAL MOTORS","CHEVY 5500HD","2019","N202305070 recall; vehicles antilock brake system (ABS) malfunction indicator lamp (MIL) will not illuminate as required by FMVSS 105; service bulletin"
"20V319","RCSB-20V319-4935.pdf","INTERNATIONAL MOTORS","CHEVY 5500HD","2019","N202305070 recall; if the BCM loses communication with the EBCM, the vehicles ABS malfunction indicator lamp will not illuminate as required by FMVSS 105; service bulletin"
"20V366","RMISC-20V366-3841.pdf","FORD","EXPEDITION","2020","20C12 media correspondence"
"20V366","RCRN-20V366-9471.pdf","FORD","EXPEDITION","2020","20C12 Renotification.  Mailed February 5, 2024"
"20V366","RCRN-20V366-7593.pdf","FORD","EXPEDITION","2020","20C12 renotification.  Mailed December 10, 2021"
"20V366","RCRN-20V366-7356.pdf","FORD","EXPEDITION","2020","20C12 Renotification.  Mailed February 3, 2023"
"20V366","RCRN-20V366-0736.pdf","FORD","EXPEDITION","2020","20C12 renotification.  Mailed November 16, 2020"
"20V366","RCONL-20V366-5140.pdf","FORD","EXPEDITION","2020","20C12 Ford owner letter.  Mailed July 8, 2020"
"20V366","RCONL-20V366-2041.pdf","FORD","EXPEDITION","2020","20C12 Lincoln owner letter.  Mailed July 8, 2020"
"20V366","RCMN-20V366-7992.pdf","FORD","EXPEDITION","2020","NEW VEHICLE DEMONSTRATION / DELIVERY HOLD -
Compliance Recall 20C12
Certain 2020 Model Year Expedition and Navigator Vehicles
Second Row Left Hand Seat Frame Headrest Weld"
"20V366","RCRN-20V366-7593.pdf","LINCOLN","NAVIGATOR","2020","20C12 renotification.  Mailed December 10, 2021"
"20V366","RCRN-20V366-9471.pdf","LINCOLN","NAVIGATOR","2020","20C12 Renotification.  Mailed February 5, 2024"
"20V366","RCMN-20V366-7992.pdf","LINCOLN","NAVIGATOR","2020","NEW VEHICLE DEMONSTRATION / DELIVERY HOLD -
Compliance Recall 20C12
Certain 2020 Model Year Expedition and Navigator Vehicles
Second Row Left Hand Seat Frame Headrest Weld"
"20V366","RCONL-20V366-2041.pdf","LINCOLN","NAVIGATOR","2020","20C12 Lincoln owner letter.  Mailed July 8, 2020"
"20V366","RCONL-20V366-5140.pdf","LINCOLN","NAVIGATOR","2020","20C12 Ford owner letter.  Mailed July 8, 2020"
"20V366","RMISC-20V366-3841.pdf","LINCOLN","NAVIGATOR","2020","20C12 media correspondence"
"20V366","RCRN-20V366-7356.pdf","LINCOLN","NAVIGATOR","2020","20C12 Renotification.  Mailed February 3, 2023"
"20V366","RCRN-20V366-0736.pdf","LINCOLN","NAVIGATOR","2020","20C12 renotification.  Mailed November 16, 2020"
"20V370","RCMN-20V370-1456.pdf","WONDER","W24FTB","2020","On certain 2020 Wonder motorhomes the Ford Transit CCP1 communication nut, located on the driver seat base, was not torqued to the correct value of 35 in-lbs."
"20V370","RCMN-20V370-1456.pdf","WONDER","W24MB","2020","On certain 2020 Wonder motorhomes the Ford Transit CCP1 communication nut, located on the driver seat base, was not torqued to the correct value of 35 in-lbs."
"20V370","RCMN-20V370-1456.pdf","WONDER","W24RTB","2020","On certain 2020 Wonder motorhomes the Ford Transit CCP1 communication nut, located on the driver seat base, was not torqued to the correct value of 35 in-lbs."
"20V384","RCONL-20V384-0877.pdf","VOLVO","VNL","2018","Volvo Trucks North America has decided that a defect, which relates to motor vehicle safety exists in certain 2018 to 2021 VNL, and VNR model vehicles manufactured from October 13, 2017 through March 27, 2020 manufactured with CONMET alum drive hubs, combined with a wheel offset."
"20V384","RCMN-20V384-7751.pdf","VOLVO","VNL","2018","On certain vehicles, the Gross Axle Weight Rating (GAWR) for the rear drive axles as stated on the certification label exceeds the rating of the hubs considering the offset. Exceeding the rating of the hubs may lead to premature failure over time, which may result in loss of parts on the road. Parts on the road can be a hazard to other road users and result in personal injury or a vehicle crash."
"20V384","RCRIT-20V384-5489.pdf","VOLVO","VNL","2019","Volvo Trucks North America has decided that a defect, which relates to motor vehicle safety exists in certain 2018 to 2021 VNL, and VNR model vehicles manufactured from October 13, 2017 through March 27, 2020 manufactured with CONMET alum drive hubs, combined with a wheel offset."
"20V384","RCMN-20V384-7751.pdf","VOLVO","VNL","2019","On certain vehicles, the Gross Axle Weight Rating (GAWR) for the rear drive axles as stated on the certification label exceeds the rating of the hubs considering the offset. Exceeding the rating of the hubs may lead to premature failure over time, which may result in loss of parts on the road. Parts on the road can be a hazard to other road users and result in personal injury or a vehicle crash."
"20V384","RCRIT-20V384-5489.pdf","VOLVO","VNL","2020","Volvo Trucks North America has decided that a defect, which relates to motor vehicle safety exists in certain 2018 to 2021 VNL, and VNR model vehicles manufactured from October 13, 2017 through March 27, 2020 manufactured with CONMET alum drive hubs, combined with a wheel offset."
"20V384","RCMN-20V384-7751.pdf","VOLVO","VNL","2020","On certain vehicles, the Gross Axle Weight Rating (GAWR) for the rear drive axles as stated on the certification label exceeds the rating of the hubs considering the offset. Exceeding the rating of the hubs may lead to premature failure over time, which may result in loss of parts on the road. Parts on the road can be a hazard to other road users and result in personal injury or a vehicle crash."
"20V384","RCMN-20V384-7751.pdf","VOLVO","VNL","2021","On certain vehicles, the Gross Axle Weight Rating (GAWR) for the rear drive axles as stated on the certification label exceeds the rating of the hubs considering the offset. Exceeding the rating of the hubs may lead to premature failure over time, which may result in loss of parts on the road. Parts on the road can be a hazard to other road users and result in personal injury or a vehicle crash."
"20V384","RCONL-20V384-0877.pdf","VOLVO","VNL","2021","Volvo Trucks North America has decided that a defect, which relates to motor vehicle safety exists in certain 2018 to 2021 VNL, and VNR model vehicles manufactured from October 13, 2017 through March 27, 2020 manufactured with CONMET alum drive hubs, combined with a wheel offset."
"20V384","RCONL-20V384-0877.pdf","VOLVO","VNR","2018","Volvo Trucks North America has decided that a defect, which relates to motor vehicle safety exists in certain 2018 to 2021 VNL, and VNR model vehicles manufactured from October 13, 2017 through March 27, 2020 manufactured with CONMET alum drive hubs, combined with a wheel offset."
"20V384","RCMN-20V384-7751.pdf","VOLVO","VNR","2018","On certain vehicles, the Gross Axle Weight Rating (GAWR) for the rear drive axles as stated on the certification label exceeds the rating of the hubs considering the offset. Exceeding the rating of the hubs may lead to premature failure over time, which may result in loss of parts on the road. Parts on the road can be a hazard to other road users and result in personal injury or a vehicle crash."
"20V384","RCMN-20V384-7751.pdf","VOLVO","VNR","2019","On certain vehicles, the Gross Axle Weight Rating (GAWR) for the rear drive axles as stated on the certification label exceeds the rating of the hubs considering the offset. Exceeding the rating of the hubs may lead to premature failure over time, which may result in loss of parts on the road. Parts on the road can be a hazard to other road users and result in personal injury or a vehicle crash."
"20V384","RCONL-20V384-0877.pdf","VOLVO","VNR","2019","Volvo Trucks North America has decided that a defect, which relates to motor vehicle safety exists in certain 2018 to 2021 VNL, and VNR model vehicles manufactured from October 13, 2017 through March 27, 2020 manufactured with CONMET alum drive hubs, combined with a wheel offset."
"20V384","RCONL-20V384-0877.pdf","VOLVO","VNR","2020","Volvo Trucks North America has decided that a defect, which relates to motor vehicle safety exists in certain 2018 to 2021 VNL, and VNR model vehicles manufactured from October 13, 2017 through March 27, 2020 manufactured with CONMET alum drive hubs, combined with a wheel offset."
"20V384","RCMN-20V384-7751.pdf","VOLVO","VNR","2020","On certain vehicles, the Gross Axle Weight Rating (GAWR) for the rear drive axles as stated on the certification label exceeds the rating of the hubs considering the offset. Exceeding the rating of the hubs may lead to premature failure over time, which may result in loss of parts on the road. Parts on the road can be a hazard to other road users and result in personal injury or a vehicle crash."
"20V384","RCMN-20V384-7751.pdf","VOLVO","VNR","2021","On certain vehicles, the Gross Axle Weight Rating (GAWR) for the rear drive axles as stated on the certification label exceeds the rating of the hubs considering the offset. Exceeding the rating of the hubs may lead to premature failure over time, which may result in loss of parts on the road. Parts on the road can be a hazard to other road users and result in personal injury or a vehicle crash."
"20V384","RCRIT-20V384-5489.pdf","VOLVO","VNR","2021","Volvo Trucks North America has decided that a defect, which relates to motor vehicle safety exists in certain 2018 to 2021 VNL, and VNR model vehicles manufactured from October 13, 2017 through March 27, 2020 manufactured with CONMET alum drive hubs, combined with a wheel offset."
"20V412","RCMN-20V412-2365.pdf","NISSAN","LEAF","2020","RearView Monitor
Voluntary Recall Campaign

REVISED August 14, 2020

Please discard earlier versions of this bulletin.

The announcement from July 17, 2020 has been revised to include the following: 

Please see the amended answer in the Q&A section of this announcement:

Q. Is there anything owners can do to mitigate this condition?
A. If the vehicle has been shifted into reverse within 25 seconds of starting the vehicle, avoid 
reversing at speeds of 7.5 mph or higher and do not press OK to acknowledge the rear 
sonar notification on the vehicle information display. If the rear camera image should 
disappear under these conditions, it can be restored by stopping the vehicle, shifting into 
park, and then shifting back into reverse.

Contact your Nissan dealer at your earliest convenience in order to arrange an 
appointment to have your vehicle reprogrammed."
"20V412","RCRIT-20V412-4803.pdf","NISSAN","LEAF","2020","VOLUNTARY SAFETY RECALL CAMPAIGN
2020 LEAF; AV CONTROL UNIT

INTRODUCTION
Nissan is conducting this voluntary safety recall campaign on certain specific model year
2020 LEAF vehicles. The AV control unit will be reprogrammed. This service will be
performed at no charge to the customer for parts or labor.
IDENTIFICATION NUMBER
Nissan has assigned identification number PC743 to this campaign. This number must
appear on all communication and documentation of any nature dealing with this campaign.
DEALER RESPONSIBILITY
It is the dealers responsibility to check Service COMM or Dealer Business Systems (DBS)
National Service History for the campaign status on each vehicle falling within the range of
this voluntary safety recall which for any reason enters the service department. This includes
vehicles purchased from private parties or presented by transient (tourist) owners and
vehicles in a dealers inventory. Federal law requires that new vehicles in dealer
inventory which are the subject of a safety recall must be corrected prior to sale.
Failure to do so can result in civil penalties by the National Highway Traffic Safety
Administration. While federal law applies only to new vehicles, Nissan strongly encourages
dealers to correct any used vehicles in their inventory before they are retailed."
"20V412","RCRIT-20V412-1563.pdf","NISSAN","LEAF","2020","VOLUNTARY SAFETY RECALL CAMPAIGN
2020 LEAF; AV CONTROL UNIT

This bulletin has been amended. See AMENDMENT HISTORY on the last page.
Discard all previous versions of this bulletin."
"20V412","RCMN-20V412-4342.pdf","NISSAN","LEAF","2020","Rearview Monitor
Voluntary Recall Campaign

***** Campaign Summary *****
  
Nissan is committed to the safety and security of our customers and their passengers.  Nissan has notified the National Highway Traffic Safety Administration (NHTSA) and Transport Canada that it is recalling certain MY2020 Nissan LEAF vehicles in the US and Canada to address an Around View Monitor (AVM) and Rear View Monitor (RVM) display issue. 

Due to a software issue on affected vehicles, under certain conditions at vehicle start up, the Around View Monitor (AVM) and Rear View Monitor (RVM) camera image may disappear and change to the previous screen display while the vehicle is in reverse.  This condition does not meet the requirements of FMVSS/CMVSS No. 111; Rear Visibility.  Nissan will update the Around View Monitor/Rear View Monitor (AVM/RVM) display control unit software to remedy this condition.

***** What Dealers Should Do****

1. Verify if vehicles are affected by this Voluntary Recall using Service Comm or DBS National Service history Open Campaign I.D. PC743.
. New vehicles in dealer inventory can also be identified using DBS (Sales-> Vehicle Inventory, and filter by Open Campaign).
. Refer to NPSB 15-460 for additional information
. Please continue to check newly arriving inventory for campaign applicability.
2. Dealers should use NTB20-051to remedy any vehicles subject to this campaign.
3. Once remedied, dealers should submit the claim, using the claims coding provided, and release the vehicle."
"20V435","RMISC-20V435-8206.pdf","THOMAS BUILT BUSES","SAF-T-LINER C2","2021","Updated 573 Filing with requested additions"
"20V435","RCRN-20V435-3905.pdf","THOMAS BUILT BUSES","SAF-T-LINER C2","2021","Attached is the renotification postcard for recall 20V435."
"20V435","RIONL-20V435-6158.pdf","THOMAS BUILT BUSES","SAF-T-LINER C2","2021","20V-435, FL857, Interim Owner's Notice"
"20V435","RCMN-20V435-0269.pdf","THOMAS BUILT BUSES","SAF-T-LINER C2","2021","ICI Letter to dealers for FL857"
"20V435","RCONL-20V435-2564.pdf","THOMAS BUILT BUSES","SAF-T-LINER C2","2021","20V435 Owner's Letter"
"20V435","RCMN-20V435-3806.pdf","THOMAS BUILT BUSES","SAF-T-LINER C2","2021","20V435 Dealer Bulletin"
"20V435","RCMN-20V435-2527.pdf","THOMAS BUILT BUSES","SAF-T-LINER C2","2021","Attached is the ICI Bulletin from DTNA to dealers regarding Recall 20V435 about a Customer Performed Warranty Agreement (CPWA) Program to support select Recall Campaigns."
"20V435","RIONL-20V435-7470.pdf","THOMAS BUILT BUSES","SAF-T-LINER C2","2021","Initial submission was rejected due to incorrect ""type of file/document"""
"20V435","RCMN-20V435-9818.pdf","THOMAS BUILT BUSES","SAF-T-LINER C2","2021","20V435, Dealers Bulletin - French"
"20V435","RMISC-20V435-0462.pdf","THOMAS BUILT BUSES","SAF-T-LINER C2","2021","Signed Amended 573, updated defect, chronology, and population"
"20V435","RCMN-20V435-8154.pdf","THOMAS BUILT BUSES","SAF-T-LINER C2","2021","20V435, Dealers Bulletin - Spanish"
"20V435","RMISC-20V435-0882.pdf","THOMAS BUILT BUSES","SAF-T-LINER C2","2021","Signed 573 for FL-857"
"20V465","RCRIT-20V465-0543.pdf","BMW","X5","2020","Remedy Instructions and TSB"
"20V465","RCMN-20V465-1812.pdf","BMW","X5","2020","Manufacturer Notices to Dealers"
"20V465","RCONL-20V465-1703.pdf","BMW","X5","2020","Owner Notification Letter"
"20V465","RCMN-20V465-1812.pdf","BMW","X7","2020","Manufacturer Notices to Dealers"
"20V465","RCRIT-20V465-8511.pdf","BMW","X7","2020","Remedy Instructions and TSB"
"20V465","RCONL-20V465-1703.pdf","BMW","X7","2020","Owner Notification Letter"
"20V512","RIONL-20V512-9074.pdf","DODGE","CHARGER","2018","Interim Owner Letter regarding certain 2018 Model Year Dodge Charger Pursuit (Police) vehicles"
"20V512","RCMN-20V512-2166.pdf","DODGE","CHARGER","2018","Revised NSRAC regarding certain 2018 through 2020 Model Year Dodge Charger Pursuit (Police) vehicles"
"20V512","RCRIT-20V512-3547.pdf","DODGE","CHARGER","2018","Revised Dealer Instructions regarding certain 2019-2020 Dodge Charger Pursuit vehicles"
"20V512","RCONL-20V512-4932.pdf","DODGE","CHARGER","2018","Final Owner Letter regarding certain 2020 Model Year Dodge Charger Pursuit (Police) vehicles"
"20V512","RCONL-20V512-3455.pdf","DODGE","CHARGER","2018","Final Owner Letter regarding certain 2019 Model Year Dodge Charger Pursuit (Police) vehicles"
"20V512","RCRIT-20V512-5917.pdf","DODGE","CHARGER","2018","Revised Dealer Instructions regarding 20V-512 (FCA campaign W62)"
"20V512","RCRIT-20V512-6385.pdf","DODGE","CHARGER","2018","Revised Dealer Instructions regarding certain 2018-2020 Dodge Charger Pursuit vehicles"
"20V512","RCRIT-20V512-9317.pdf","DODGE","CHARGER","2018","Dealer Instructions regarding FCA campaign W62"
"20V512","RCRN-20V512-3353.pdf","DODGE","CHARGER","2018","Renotification regarding FCA campaign W62"
"20V512","RCRN-20V512-9758.pdf","DODGE","CHARGER","2018","W62 renotification for owners with an open recall"
"20V512","RMISC-20V512-1386.pdf","DODGE","CHARGER","2018","Email blast sent to certain customers of FCA campaign W62"
"20V512","RMISC-20V512-0184.pdf","DODGE","CHARGER","2018","W62 apology letter for certain 2018 through 2020 model year Dodge Charger Pursuit (Police) vehicles equipped with Stealth Mode"""
"20V512","RCMN-20V512-1465.pdf","DODGE","CHARGER","2018","NSRAC regarding certain 2018 through 2020 Model Year Dodge Charger Pursuit (Police) vehicles"
"20V512","RMISC-20V512-0184.pdf","DODGE","CHARGER","2019","W62 apology letter for certain 2018 through 2020 model year Dodge Charger Pursuit (Police) vehicles equipped with Stealth Mode"""
"20V512","RCMN-20V512-1465.pdf","DODGE","CHARGER","2019","NSRAC regarding certain 2018 through 2020 Model Year Dodge Charger Pursuit (Police) vehicles"
"20V512","RCMN-20V512-2166.pdf","DODGE","CHARGER","2019","Revised NSRAC regarding certain 2018 through 2020 Model Year Dodge Charger Pursuit (Police) vehicles"
"20V512","RCONL-20V512-3455.pdf","DODGE","CHARGER","2019","Final Owner Letter regarding certain 2019 Model Year Dodge Charger Pursuit (Police) vehicles"
"20V512","RCONL-20V512-4932.pdf","DODGE","CHARGER","2019","Final Owner Letter regarding certain 2020 Model Year Dodge Charger Pursuit (Police) vehicles"
"20V512","RCRIT-20V512-3547.pdf","DODGE","CHARGER","2019","Revised Dealer Instructions regarding certain 2019-2020 Dodge Charger Pursuit vehicles"
"20V512","RCRIT-20V512-5917.pdf","DODGE","CHARGER","2019","Revised Dealer Instructions regarding 20V-512 (FCA campaign W62)"
"20V512","RCRIT-20V512-6385.pdf","DODGE","CHARGER","2019","Revised Dealer Instructions regarding certain 2018-2020 Dodge Charger Pursuit vehicles"
"20V512","RCRIT-20V512-9317.pdf","DODGE","CHARGER","2019","Dealer Instructions regarding FCA campaign W62"
"20V512","RCRN-20V512-3353.pdf","DODGE","CHARGER","2019","Renotification regarding FCA campaign W62"
"20V512","RCRN-20V512-9758.pdf","DODGE","CHARGER","2019","W62 renotification for owners with an open recall"
"20V512","RIONL-20V512-9074.pdf","DODGE","CHARGER","2019","Interim Owner Letter regarding certain 2018 Model Year Dodge Charger Pursuit (Police) vehicles"
"20V520","RCMN-20V520-9269.pdf","HYUNDAI","SANTA FE SPORT","2013","The subject vehicles are equipped with Anti-lock Brake System (ABS) modules that could leak brake fluid internally and cause an electrical short over time. An electrical short in the ABS module could increase the risk of an engine compartment fire."
"20V520","RIONL-20V520-2743.pdf","HYUNDAI","SANTA FE SPORT","2013","This notice is sent to you in accordance with the National Traffic and Motor Vehicle Safety Act. Hyundai has decided that a defect which relates to motor vehicle safety exists in your vehicle, with the VIN shown above. Hyundai is conducting a safety recall in the United States to repair the Anti-lock Brake System (ABS) modules in certain model year 2013  2015 Hyundai Santa Fe Sport vehicles produced by Kia Motor Manufacturing Georgia (KMMG).
The purpose of this letter is to explain what the recall is about and to keep you informed of Hyundais recall implementation plan. We are currently making preparations to implement the safety recall remedy which when available, will be performed at no cost to you. We will send you another notification when the remedy is available.
What is the problem?
The subject vehicles are equipped with Anti-lock Brake System (ABS) modules that could leak brake fluid internally and cause an
electrical short over time. The piston seals in the ABS modules hydraulic valve unit could leak brake fluid into the electronic control unit (ECU). An electrical short in the ABS module could increase the risk of an engine compartment fire.
What should you do in the interim?
We appreciate your patience. Hyundai is currently making preparations to implement the recall remedy. You will receive a second notification letter when the remedy is available. In the interim, park your vehicles outside, and if the Malfunction Indicator Light is illuminated in your vehicle, you should seek service at your Hyundai dealer as soon as possible. For updated information regarding this recall, please visit:
www.HyundaiUSA.com/Campaign194"
"20V520","RCONL-20V520-9009.pdf","HYUNDAI","SANTA FE SPORT","2013","This notice is sent to you in accordance with the National Traffic and Motor Vehicle Safety Act. Hyundai has decided that a defect which relates to motor vehicle safety exists in your vehicle, with the VIN shown above. Hyundai is conducting a safety recall in the United States to repair the Anti-lock Brake System (ABS) modules in certain model year 2013  2015 Hyundai Santa Fe Sport vehicles produced by Kia Motor Manufacturing Georgia (KMMG).
What is the problem?
The subject vehicles are equipped with Anti-lock Brake System (ABS) modules that could leak brake fluid internally and cause an electrical short over time. The piston seals in the ABS modules hydraulic valve unit could leak brake fluid into the electronic control unit (ECU).
An electrical short in the ABS module could increase the risk of an engine compartment fire.
What will Hyundai do?
Your Hyundai dealer will inspect the ABS module (also referred to as the Hydraulic Unit Assembly, or HECU) and if necessary, replace the Hydraulic Unit Assembly (HECU). This procedure will be performed at NO CHARGE to you.
What should you do?
Please contact your nearest Hyundai dealer to schedule the recall repair as soon as possible.
Owners should park their vehicles outside until the recall repair is completed. If the Malfunction Indicator Light is illuminated in your vehicle, you should seek service at your Hyundai dealer as soon as possible. The actual time required to perform the inspection will take less than one hour, however your vehicle may be needed longer. Therefore, we recommend scheduling a service appointment to
minimize inconvenience."
"20V520","RCRIT-20V520-8334.pdf","HYUNDAI","SANTA FE SPORT","2013","Certain 2013-2015MY Santa Fe Sport (AN) vehicles equipped with Anti-lock Brake System (ABS) modules may leak brake fluid internally and cause an electrical short over time. An electrical short in the ABS module could increase the risk of an engine compartment fire. This bulletin describes the procedure to inspect the ABS module and replace if necessary."
"20V520","RCONL-20V520-9009.pdf","HYUNDAI","SANTA FE SPORT","2014","This notice is sent to you in accordance with the National Traffic and Motor Vehicle Safety Act. Hyundai has decided that a defect which relates to motor vehicle safety exists in your vehicle, with the VIN shown above. Hyundai is conducting a safety recall in the United States to repair the Anti-lock Brake System (ABS) modules in certain model year 2013  2015 Hyundai Santa Fe Sport vehicles produced by Kia Motor Manufacturing Georgia (KMMG).
What is the problem?
The subject vehicles are equipped with Anti-lock Brake System (ABS) modules that could leak brake fluid internally and cause an electrical short over time. The piston seals in the ABS modules hydraulic valve unit could leak brake fluid into the electronic control unit (ECU).
An electrical short in the ABS module could increase the risk of an engine compartment fire.
What will Hyundai do?
Your Hyundai dealer will inspect the ABS module (also referred to as the Hydraulic Unit Assembly, or HECU) and if necessary, replace the Hydraulic Unit Assembly (HECU). This procedure will be performed at NO CHARGE to you.
What should you do?
Please contact your nearest Hyundai dealer to schedule the recall repair as soon as possible.
Owners should park their vehicles outside until the recall repair is completed. If the Malfunction Indicator Light is illuminated in your vehicle, you should seek service at your Hyundai dealer as soon as possible. The actual time required to perform the inspection will take less than one hour, however your vehicle may be needed longer. Therefore, we recommend scheduling a service appointment to
minimize inconvenience."
"20V520","RCRIT-20V520-8334.pdf","HYUNDAI","SANTA FE SPORT","2014","Certain 2013-2015MY Santa Fe Sport (AN) vehicles equipped with Anti-lock Brake System (ABS) modules may leak brake fluid internally and cause an electrical short over time. An electrical short in the ABS module could increase the risk of an engine compartment fire. This bulletin describes the procedure to inspect the ABS module and replace if necessary."
"20V520","RIONL-20V520-2743.pdf","HYUNDAI","SANTA FE SPORT","2014","This notice is sent to you in accordance with the National Traffic and Motor Vehicle Safety Act. Hyundai has decided that a defect which relates to motor vehicle safety exists in your vehicle, with the VIN shown above. Hyundai is conducting a safety recall in the United States to repair the Anti-lock Brake System (ABS) modules in certain model year 2013  2015 Hyundai Santa Fe Sport vehicles produced by Kia Motor Manufacturing Georgia (KMMG).
The purpose of this letter is to explain what the recall is about and to keep you informed of Hyundais recall implementation plan. We are currently making preparations to implement the safety recall remedy which when available, will be performed at no cost to you. We will send you another notification when the remedy is available.
What is the problem?
The subject vehicles are equipped with Anti-lock Brake System (ABS) modules that could leak brake fluid internally and cause an
electrical short over time. The piston seals in the ABS modules hydraulic valve unit could leak brake fluid into the electronic control unit (ECU). An electrical short in the ABS module could increase the risk of an engine compartment fire.
What should you do in the interim?
We appreciate your patience. Hyundai is currently making preparations to implement the recall remedy. You will receive a second notification letter when the remedy is available. In the interim, park your vehicles outside, and if the Malfunction Indicator Light is illuminated in your vehicle, you should seek service at your Hyundai dealer as soon as possible. For updated information regarding this recall, please visit:
www.HyundaiUSA.com/Campaign194"
"20V520","RCMN-20V520-9269.pdf","HYUNDAI","SANTA FE SPORT","2014","The subject vehicles are equipped with Anti-lock Brake System (ABS) modules that could leak brake fluid internally and cause an electrical short over time. An electrical short in the ABS module could increase the risk of an engine compartment fire."
"20V520","RCMN-20V520-9269.pdf","HYUNDAI","SANTA FE SPORT","2015","The subject vehicles are equipped with Anti-lock Brake System (ABS) modules that could leak brake fluid internally and cause an electrical short over time. An electrical short in the ABS module could increase the risk of an engine compartment fire."
"20V520","RIONL-20V520-2743.pdf","HYUNDAI","SANTA FE SPORT","2015","This notice is sent to you in accordance with the National Traffic and Motor Vehicle Safety Act. Hyundai has decided that a defect which relates to motor vehicle safety exists in your vehicle, with the VIN shown above. Hyundai is conducting a safety recall in the United States to repair the Anti-lock Brake System (ABS) modules in certain model year 2013  2015 Hyundai Santa Fe Sport vehicles produced by Kia Motor Manufacturing Georgia (KMMG).
The purpose of this letter is to explain what the recall is about and to keep you informed of Hyundais recall implementation plan. We are currently making preparations to implement the safety recall remedy which when available, will be performed at no cost to you. We will send you another notification when the remedy is available.
What is the problem?
The subject vehicles are equipped with Anti-lock Brake System (ABS) modules that could leak brake fluid internally and cause an
electrical short over time. The piston seals in the ABS modules hydraulic valve unit could leak brake fluid into the electronic control unit (ECU). An electrical short in the ABS module could increase the risk of an engine compartment fire.
What should you do in the interim?
We appreciate your patience. Hyundai is currently making preparations to implement the recall remedy. You will receive a second notification letter when the remedy is available. In the interim, park your vehicles outside, and if the Malfunction Indicator Light is illuminated in your vehicle, you should seek service at your Hyundai dealer as soon as possible. For updated information regarding this recall, please visit:
www.HyundaiUSA.com/Campaign194"
"20V520","RCONL-20V520-9009.pdf","HYUNDAI","SANTA FE SPORT","2015","This notice is sent to you in accordance with the National Traffic and Motor Vehicle Safety Act. Hyundai has decided that a defect which relates to motor vehicle safety exists in your vehicle, with the VIN shown above. Hyundai is conducting a safety recall in the United States to repair the Anti-lock Brake System (ABS) modules in certain model year 2013  2015 Hyundai Santa Fe Sport vehicles produced by Kia Motor Manufacturing Georgia (KMMG).
What is the problem?
The subject vehicles are equipped with Anti-lock Brake System (ABS) modules that could leak brake fluid internally and cause an electrical short over time. The piston seals in the ABS modules hydraulic valve unit could leak brake fluid into the electronic control unit (ECU).
An electrical short in the ABS module could increase the risk of an engine compartment fire.
What will Hyundai do?
Your Hyundai dealer will inspect the ABS module (also referred to as the Hydraulic Unit Assembly, or HECU) and if necessary, replace the Hydraulic Unit Assembly (HECU). This procedure will be performed at NO CHARGE to you.
What should you do?
Please contact your nearest Hyundai dealer to schedule the recall repair as soon as possible.
Owners should park their vehicles outside until the recall repair is completed. If the Malfunction Indicator Light is illuminated in your vehicle, you should seek service at your Hyundai dealer as soon as possible. The actual time required to perform the inspection will take less than one hour, however your vehicle may be needed longer. Therefore, we recommend scheduling a service appointment to
minimize inconvenience."
"20V520","RCRIT-20V520-8334.pdf","HYUNDAI","SANTA FE SPORT","2015","Certain 2013-2015MY Santa Fe Sport (AN) vehicles equipped with Anti-lock Brake System (ABS) modules may leak brake fluid internally and cause an electrical short over time. An electrical short in the ABS module could increase the risk of an engine compartment fire. This bulletin describes the procedure to inspect the ABS module and replace if necessary."
"20V543","RCRIT-20V543-5288.pdf","HYUNDAI","TUCSON","2016","Certain 2016-2021MY Tucson (TL) vehicles may be equipped with Anti-lock Brake System (ABS) modules that over time could exhibit an electrical short. An electrical short in the ABS module could increase the risk of an engine compartment fire. This bulletin describes the procedure to install a fuse kit into the ABS module electrical circuit and if necessary, update the ABS/ESC software."
"20V543","RCONL-20V543-2480.pdf","HYUNDAI","TUCSON","2016","This notice is sent to you in accordance with the National Traffic and Motor Vehicle Safety Act. Hyundai has decided that a defect which relates to motor vehicle safety exists in your vehicle, with the VIN shown above. Hyundai is conducting a safety recall in the United States to address a condition with the Anti-lock Brake System (ABS) modules in certain model year 2019  2021 Hyundai Tucson vehicles produced by Hyundai Motor Company (HMC) in South Korea for sale in the U.S. market.
What is the problem?
The subject vehicles are equipped with Anti-lock Brake System (ABS) modules that could corrode internally and cause an electrical short over time. An electrical short in the ABS module could increase the risk of an engine compartment fire.
What will Hyundai do?
Your Hyundai dealer will install a fuse kit into the ABS module electrical circuit and update the ABS software. This procedure will be performed at NO CHARGE to you.
What should you do?
Please contact your nearest Hyundai dealer to schedule the recall repair as soon as possible.
Owners should park their vehicles outside until the recall repair is completed. If the Malfunction Indicator Light is illuminated in your vehicle, you should seek service at your Hyundai dealer as soon as possible. The actual time required to perform the repair will take less than one hour, however your vehicle may be needed longer. Therefore, we recommend scheduling a service appointment to minimize inconvenience."
"20V543","RCRIT-20V543-2615.pdf","HYUNDAI","TUCSON","2016","Certain 2019-2021MY Tucson (TL) vehicles may be equipped with Anti-lock Brake System (ABS) modules that over time could exhibit an electrical short. An electrical short in the ABS module could increase the risk of an engine compartment fire. This bulletin describes the procedure to install a fuse kit into the ABS module electrical circuit and if necessary, update the ABS/ESC software."
"20V543","RCMN-20V543-9976.pdf","HYUNDAI","TUCSON","2016","The subject vehicles may be equipped with Anti-lock Brake System (ABS) modules that could exhibit an electrical short over time. An electrical short in the ABS module could increase the risk of an engine compartment fire while parked or driving. This recall describes the procedure to install a fuse kit into the ABS module electrical circuit and if necessary, update the ABS/ESC software from the TSB."
"20V543","RCONL-20V543-0565.pdf","HYUNDAI","TUCSON","2016","This notice is sent to you in accordance with the National Traffic and Motor Vehicle Safety Act. Hyundai has decided that a defect which relates to motor vehicle safety exists in your vehicle, with the VIN shown above. Hyundai is conducting a safety recall in the United States to address a condition with the Anti-lock Brake System (ABS) modules in certain model year 2016-2021 Hyundai Tucson vehicles produced by Hyundai Motor Company (HMC) in South Korea for sale in the U.S. market.
What is the problem?
The subject vehicles are equipped with Anti-lock Brake System (ABS) modules that could corrode internally and cause an electrical short over time. An electrical short in the ABS module could increase the risk of an engine compartment fire.
What will Hyundai do?
Your Hyundai dealer will install a fuse kit into the ABS module electrical circuit and update the ABS software. This procedure will be performed at NO CHARGE to you.
What should you do?
Please contact your nearest Hyundai dealer to schedule the recall repair as soon as possible.
Owners should park their vehicles outside until the recall repair is completed. If the Malfunction Indicator Light is illuminated in your vehicle, you should seek service at your Hyundai dealer as soon as possible. The actual time required to perform the repair will take less than one hour, however your vehicle may be needed longer. Therefore, we recommend scheduling a service appointment to minimize inconvenience."
"20V543","RCONL-20V543-2480.pdf","HYUNDAI","TUCSON","2017","This notice is sent to you in accordance with the National Traffic and Motor Vehicle Safety Act. Hyundai has decided that a defect which relates to motor vehicle safety exists in your vehicle, with the VIN shown above. Hyundai is conducting a safety recall in the United States to address a condition with the Anti-lock Brake System (ABS) modules in certain model year 2019  2021 Hyundai Tucson vehicles produced by Hyundai Motor Company (HMC) in South Korea for sale in the U.S. market.
What is the problem?
The subject vehicles are equipped with Anti-lock Brake System (ABS) modules that could corrode internally and cause an electrical short over time. An electrical short in the ABS module could increase the risk of an engine compartment fire.
What will Hyundai do?
Your Hyundai dealer will install a fuse kit into the ABS module electrical circuit and update the ABS software. This procedure will be performed at NO CHARGE to you.
What should you do?
Please contact your nearest Hyundai dealer to schedule the recall repair as soon as possible.
Owners should park their vehicles outside until the recall repair is completed. If the Malfunction Indicator Light is illuminated in your vehicle, you should seek service at your Hyundai dealer as soon as possible. The actual time required to perform the repair will take less than one hour, however your vehicle may be needed longer. Therefore, we recommend scheduling a service appointment to minimize inconvenience."
"20V543","RCONL-20V543-0565.pdf","HYUNDAI","TUCSON","2017","This notice is sent to you in accordance with the National Traffic and Motor Vehicle Safety Act. Hyundai has decided that a defect which relates to motor vehicle safety exists in your vehicle, with the VIN shown above. Hyundai is conducting a safety recall in the United States to address a condition with the Anti-lock Brake System (ABS) modules in certain model year 2016-2021 Hyundai Tucson vehicles produced by Hyundai Motor Company (HMC) in South Korea for sale in the U.S. market.
What is the problem?
The subject vehicles are equipped with Anti-lock Brake System (ABS) modules that could corrode internally and cause an electrical short over time. An electrical short in the ABS module could increase the risk of an engine compartment fire.
What will Hyundai do?
Your Hyundai dealer will install a fuse kit into the ABS module electrical circuit and update the ABS software. This procedure will be performed at NO CHARGE to you.
What should you do?
Please contact your nearest Hyundai dealer to schedule the recall repair as soon as possible.
Owners should park their vehicles outside until the recall repair is completed. If the Malfunction Indicator Light is illuminated in your vehicle, you should seek service at your Hyundai dealer as soon as possible. The actual time required to perform the repair will take less than one hour, however your vehicle may be needed longer. Therefore, we recommend scheduling a service appointment to minimize inconvenience."
"20V543","RCRIT-20V543-5288.pdf","HYUNDAI","TUCSON","2017","Certain 2016-2021MY Tucson (TL) vehicles may be equipped with Anti-lock Brake System (ABS) modules that over time could exhibit an electrical short. An electrical short in the ABS module could increase the risk of an engine compartment fire. This bulletin describes the procedure to install a fuse kit into the ABS module electrical circuit and if necessary, update the ABS/ESC software."
"20V543","RCMN-20V543-9976.pdf","HYUNDAI","TUCSON","2017","The subject vehicles may be equipped with Anti-lock Brake System (ABS) modules that could exhibit an electrical short over time. An electrical short in the ABS module could increase the risk of an engine compartment fire while parked or driving. This recall describes the procedure to install a fuse kit into the ABS module electrical circuit and if necessary, update the ABS/ESC software from the TSB."
"20V543","RCRIT-20V543-2615.pdf","HYUNDAI","TUCSON","2017","Certain 2019-2021MY Tucson (TL) vehicles may be equipped with Anti-lock Brake System (ABS) modules that over time could exhibit an electrical short. An electrical short in the ABS module could increase the risk of an engine compartment fire. This bulletin describes the procedure to install a fuse kit into the ABS module electrical circuit and if necessary, update the ABS/ESC software."
"20V543","RCMN-20V543-9976.pdf","HYUNDAI","TUCSON","2018","The subject vehicles may be equipped with Anti-lock Brake System (ABS) modules that could exhibit an electrical short over time. An electrical short in the ABS module could increase the risk of an engine compartment fire while parked or driving. This recall describes the procedure to install a fuse kit into the ABS module electrical circuit and if necessary, update the ABS/ESC software from the TSB."
"20V543","RCONL-20V543-0565.pdf","HYUNDAI","TUCSON","2018","This notice is sent to you in accordance with the National Traffic and Motor Vehicle Safety Act. Hyundai has decided that a defect which relates to motor vehicle safety exists in your vehicle, with the VIN shown above. Hyundai is conducting a safety recall in the United States to address a condition with the Anti-lock Brake System (ABS) modules in certain model year 2016-2021 Hyundai Tucson vehicles produced by Hyundai Motor Company (HMC) in South Korea for sale in the U.S. market.
What is the problem?
The subject vehicles are equipped with Anti-lock Brake System (ABS) modules that could corrode internally and cause an electrical short over time. An electrical short in the ABS module could increase the risk of an engine compartment fire.
What will Hyundai do?
Your Hyundai dealer will install a fuse kit into the ABS module electrical circuit and update the ABS software. This procedure will be performed at NO CHARGE to you.
What should you do?
Please contact your nearest Hyundai dealer to schedule the recall repair as soon as possible.
Owners should park their vehicles outside until the recall repair is completed. If the Malfunction Indicator Light is illuminated in your vehicle, you should seek service at your Hyundai dealer as soon as possible. The actual time required to perform the repair will take less than one hour, however your vehicle may be needed longer. Therefore, we recommend scheduling a service appointment to minimize inconvenience."
"20V543","RCRIT-20V543-5288.pdf","HYUNDAI","TUCSON","2018","Certain 2016-2021MY Tucson (TL) vehicles may be equipped with Anti-lock Brake System (ABS) modules that over time could exhibit an electrical short. An electrical short in the ABS module could increase the risk of an engine compartment fire. This bulletin describes the procedure to install a fuse kit into the ABS module electrical circuit and if necessary, update the ABS/ESC software."
"20V543","RCRIT-20V543-2615.pdf","HYUNDAI","TUCSON","2018","Certain 2019-2021MY Tucson (TL) vehicles may be equipped with Anti-lock Brake System (ABS) modules that over time could exhibit an electrical short. An electrical short in the ABS module could increase the risk of an engine compartment fire. This bulletin describes the procedure to install a fuse kit into the ABS module electrical circuit and if necessary, update the ABS/ESC software."
"20V543","RCONL-20V543-2480.pdf","HYUNDAI","TUCSON","2018","This notice is sent to you in accordance with the National Traffic and Motor Vehicle Safety Act. Hyundai has decided that a defect which relates to motor vehicle safety exists in your vehicle, with the VIN shown above. Hyundai is conducting a safety recall in the United States to address a condition with the Anti-lock Brake System (ABS) modules in certain model year 2019  2021 Hyundai Tucson vehicles produced by Hyundai Motor Company (HMC) in South Korea for sale in the U.S. market.
What is the problem?
The subject vehicles are equipped with Anti-lock Brake System (ABS) modules that could corrode internally and cause an electrical short over time. An electrical short in the ABS module could increase the risk of an engine compartment fire.
What will Hyundai do?
Your Hyundai dealer will install a fuse kit into the ABS module electrical circuit and update the ABS software. This procedure will be performed at NO CHARGE to you.
What should you do?
Please contact your nearest Hyundai dealer to schedule the recall repair as soon as possible.
Owners should park their vehicles outside until the recall repair is completed. If the Malfunction Indicator Light is illuminated in your vehicle, you should seek service at your Hyundai dealer as soon as possible. The actual time required to perform the repair will take less than one hour, however your vehicle may be needed longer. Therefore, we recommend scheduling a service appointment to minimize inconvenience."
"20V543","RCONL-20V543-0565.pdf","HYUNDAI","TUCSON","2019","This notice is sent to you in accordance with the National Traffic and Motor Vehicle Safety Act. Hyundai has decided that a defect which relates to motor vehicle safety exists in your vehicle, with the VIN shown above. Hyundai is conducting a safety recall in the United States to address a condition with the Anti-lock Brake System (ABS) modules in certain model year 2016-2021 Hyundai Tucson vehicles produced by Hyundai Motor Company (HMC) in South Korea for sale in the U.S. market.
What is the problem?
The subject vehicles are equipped with Anti-lock Brake System (ABS) modules that could corrode internally and cause an electrical short over time. An electrical short in the ABS module could increase the risk of an engine compartment fire.
What will Hyundai do?
Your Hyundai dealer will install a fuse kit into the ABS module electrical circuit and update the ABS software. This procedure will be performed at NO CHARGE to you.
What should you do?
Please contact your nearest Hyundai dealer to schedule the recall repair as soon as possible.
Owners should park their vehicles outside until the recall repair is completed. If the Malfunction Indicator Light is illuminated in your vehicle, you should seek service at your Hyundai dealer as soon as possible. The actual time required to perform the repair will take less than one hour, however your vehicle may be needed longer. Therefore, we recommend scheduling a service appointment to minimize inconvenience."
"20V543","RCRIT-20V543-2615.pdf","HYUNDAI","TUCSON","2019","Certain 2019-2021MY Tucson (TL) vehicles may be equipped with Anti-lock Brake System (ABS) modules that over time could exhibit an electrical short. An electrical short in the ABS module could increase the risk of an engine compartment fire. This bulletin describes the procedure to install a fuse kit into the ABS module electrical circuit and if necessary, update the ABS/ESC software."
"20V543","RCMN-20V543-9976.pdf","HYUNDAI","TUCSON","2019","The subject vehicles may be equipped with Anti-lock Brake System (ABS) modules that could exhibit an electrical short over time. An electrical short in the ABS module could increase the risk of an engine compartment fire while parked or driving. This recall describes the procedure to install a fuse kit into the ABS module electrical circuit and if necessary, update the ABS/ESC software from the TSB."
"20V543","RCONL-20V543-2480.pdf","HYUNDAI","TUCSON","2019","This notice is sent to you in accordance with the National Traffic and Motor Vehicle Safety Act. Hyundai has decided that a defect which relates to motor vehicle safety exists in your vehicle, with the VIN shown above. Hyundai is conducting a safety recall in the United States to address a condition with the Anti-lock Brake System (ABS) modules in certain model year 2019  2021 Hyundai Tucson vehicles produced by Hyundai Motor Company (HMC) in South Korea for sale in the U.S. market.
What is the problem?
The subject vehicles are equipped with Anti-lock Brake System (ABS) modules that could corrode internally and cause an electrical short over time. An electrical short in the ABS module could increase the risk of an engine compartment fire.
What will Hyundai do?
Your Hyundai dealer will install a fuse kit into the ABS module electrical circuit and update the ABS software. This procedure will be performed at NO CHARGE to you.
What should you do?
Please contact your nearest Hyundai dealer to schedule the recall repair as soon as possible.
Owners should park their vehicles outside until the recall repair is completed. If the Malfunction Indicator Light is illuminated in your vehicle, you should seek service at your Hyundai dealer as soon as possible. The actual time required to perform the repair will take less than one hour, however your vehicle may be needed longer. Therefore, we recommend scheduling a service appointment to minimize inconvenience."
"20V543","RCRIT-20V543-5288.pdf","HYUNDAI","TUCSON","2019","Certain 2016-2021MY Tucson (TL) vehicles may be equipped with Anti-lock Brake System (ABS) modules that over time could exhibit an electrical short. An electrical short in the ABS module could increase the risk of an engine compartment fire. This bulletin describes the procedure to install a fuse kit into the ABS module electrical circuit and if necessary, update the ABS/ESC software."
"20V543","RCONL-20V543-2480.pdf","HYUNDAI","TUCSON","2020","This notice is sent to you in accordance with the National Traffic and Motor Vehicle Safety Act. Hyundai has decided that a defect which relates to motor vehicle safety exists in your vehicle, with the VIN shown above. Hyundai is conducting a safety recall in the United States to address a condition with the Anti-lock Brake System (ABS) modules in certain model year 2019  2021 Hyundai Tucson vehicles produced by Hyundai Motor Company (HMC) in South Korea for sale in the U.S. market.
What is the problem?
The subject vehicles are equipped with Anti-lock Brake System (ABS) modules that could corrode internally and cause an electrical short over time. An electrical short in the ABS module could increase the risk of an engine compartment fire.
What will Hyundai do?
Your Hyundai dealer will install a fuse kit into the ABS module electrical circuit and update the ABS software. This procedure will be performed at NO CHARGE to you.
What should you do?
Please contact your nearest Hyundai dealer to schedule the recall repair as soon as possible.
Owners should park their vehicles outside until the recall repair is completed. If the Malfunction Indicator Light is illuminated in your vehicle, you should seek service at your Hyundai dealer as soon as possible. The actual time required to perform the repair will take less than one hour, however your vehicle may be needed longer. Therefore, we recommend scheduling a service appointment to minimize inconvenience."
"20V543","RCRIT-20V543-2615.pdf","HYUNDAI","TUCSON","2020","Certain 2019-2021MY Tucson (TL) vehicles may be equipped with Anti-lock Brake System (ABS) modules that over time could exhibit an electrical short. An electrical short in the ABS module could increase the risk of an engine compartment fire. This bulletin describes the procedure to install a fuse kit into the ABS module electrical circuit and if necessary, update the ABS/ESC software."
"20V543","RCONL-20V543-0565.pdf","HYUNDAI","TUCSON","2020","This notice is sent to you in accordance with the National Traffic and Motor Vehicle Safety Act. Hyundai has decided that a defect which relates to motor vehicle safety exists in your vehicle, with the VIN shown above. Hyundai is conducting a safety recall in the United States to address a condition with the Anti-lock Brake System (ABS) modules in certain model year 2016-2021 Hyundai Tucson vehicles produced by Hyundai Motor Company (HMC) in South Korea for sale in the U.S. market.
What is the problem?
The subject vehicles are equipped with Anti-lock Brake System (ABS) modules that could corrode internally and cause an electrical short over time. An electrical short in the ABS module could increase the risk of an engine compartment fire.
What will Hyundai do?
Your Hyundai dealer will install a fuse kit into the ABS module electrical circuit and update the ABS software. This procedure will be performed at NO CHARGE to you.
What should you do?
Please contact your nearest Hyundai dealer to schedule the recall repair as soon as possible.
Owners should park their vehicles outside until the recall repair is completed. If the Malfunction Indicator Light is illuminated in your vehicle, you should seek service at your Hyundai dealer as soon as possible. The actual time required to perform the repair will take less than one hour, however your vehicle may be needed longer. Therefore, we recommend scheduling a service appointment to minimize inconvenience."
"20V543","RCRIT-20V543-5288.pdf","HYUNDAI","TUCSON","2020","Certain 2016-2021MY Tucson (TL) vehicles may be equipped with Anti-lock Brake System (ABS) modules that over time could exhibit an electrical short. An electrical short in the ABS module could increase the risk of an engine compartment fire. This bulletin describes the procedure to install a fuse kit into the ABS module electrical circuit and if necessary, update the ABS/ESC software."
"20V543","RCMN-20V543-9976.pdf","HYUNDAI","TUCSON","2020","The subject vehicles may be equipped with Anti-lock Brake System (ABS) modules that could exhibit an electrical short over time. An electrical short in the ABS module could increase the risk of an engine compartment fire while parked or driving. This recall describes the procedure to install a fuse kit into the ABS module electrical circuit and if necessary, update the ABS/ESC software from the TSB."
"20V604","RCMN-20V604-2938.pdf","ASTON MARTIN","DB11","2017","Dealer Bulletin with check and if necessary repair instructions, including Part Number that may be required and applicable Labor times."
"20V604","RCMN-20V604-2938.pdf","ASTON MARTIN","DB11","2019","Dealer Bulletin with check and if necessary repair instructions, including Part Number that may be required and applicable Labor times."
"20V604","RCMN-20V604-2938.pdf","ASTON MARTIN","DBS SUPERLEGGERA","2019","Dealer Bulletin with check and if necessary repair instructions, including Part Number that may be required and applicable Labor times."
"20V604","RCMN-20V604-2938.pdf","ASTON MARTIN","DBS SUPERLEGGERA","2020","Dealer Bulletin with check and if necessary repair instructions, including Part Number that may be required and applicable Labor times."
"20V604","RCMN-20V604-2938.pdf","ASTON MARTIN","VANTAGE","2019","Dealer Bulletin with check and if necessary repair instructions, including Part Number that may be required and applicable Labor times."
"20V604","RCMN-20V604-2938.pdf","ASTON MARTIN","VANTAGE","2020","Dealer Bulletin with check and if necessary repair instructions, including Part Number that may be required and applicable Labor times."
"20V632","RCMN-20V632-9333.pdf","CAN-AM","RYKER","2020","Dealer letter dated October 15, 2020 for recall 20V632"
"20V632","RCSB-20V632-7414.pdf","CAN-AM","RYKER","2020","Dealer bulletin dated October 15, 2020 for recall  20V632"
"20V672","RCMN-20V672-5054.pdf","MERCEDES-BENZ","GLA 250","2019","Please find the initial manufacturer's notice to dealers for 20V672 distributed 06NOV2020. For any questions, please contact Gregory Gunther at gregory.gunther@mbusa.com"
"20V672","RCONL-20V672-6267.pdf","MERCEDES-BENZ","GLA 250","2019","Please find the redacted owner notification letter for 20V672 mailed 11DEC2020. For any questions, please contact Gregory Gunther at gregory.gunther@mbusa.com"
"20V672","RCMN-20V672-8551.pdf","MERCEDES-BENZ","GLA 250","2019","Please find the manufacturer's notice to dealers for 20V672 distributed 04DEC2020. For any questions, please contact Gregory Gunther at gregory.gunther@mbusa.com"
"20V672","RCRIT-20V672-1489.pdf","MERCEDES-BENZ","GLA 250","2019","Please find the remedy instructions and TSB for 20V672 distributed 04DEC2020. For any questions, please contact Gregory Gunther at gregory.gunther@mbusa.com"
"20V714","RCRIT-20V714-8398.pdf","ALFA ROMEO","GIULIA","2020","Revised Dealer Combo regarding certain 2020 Alfa Romeo Giulia vehicles"
"20V714","RCMN-20V714-5014.pdf","ALFA ROMEO","GIULIA","2020","NSRAC regarding certain 2020 Model Year Alfa Romeo Giulia vehicles"
"20V714","RCRIT-20V714-5277.pdf","ALFA ROMEO","GIULIA","2020","Dealer Combo regarding certain 2020 Alfa Romeo Giulia vehicles"
"20V714","RCONL-20V714-9430.pdf","ALFA ROMEO","GIULIA","2020","W86 Final Owner letter for certain 2020 Alfa Romeo Giulia vehicles."
"20V714","RCMN-20V714-3982.pdf","ALFA ROMEO","GIULIA","2020","Revised NSRAC regarding certain 2020 Alfa Romeo Giulia vehicles"
"20V714","RCRN-20V714-9961.pdf","ALFA ROMEO","GIULIA","2020","Renotification regarding FCA campaign W86"
"20V794","RMISC-20V794-5650.pdf","LAND ROVER","RANGE ROVER EVOQUE","2020","SAFETY RECALL 20V794 (N524) SFCC SLIDE"
"20V794","RMISC-20V794-6920.pdf","LAND ROVER","RANGE ROVER EVOQUE","2020","SAFETY RECALL 20V794 (N524) BIG 5 PRESENTATION SLIDE"
"20V794","RCONL-20V794-7958.pdf","LAND ROVER","RANGE ROVER EVOQUE","2020","SAFETY RECALL 20V794 (N524) OWNER LETTER"
"20V794","RCRIT-20V794-4513.pdf","LAND ROVER","RANGE ROVER EVOQUE","2020","SAFETY RECALL 20V794 (N524) TECHNICAL BULLETIN"
"20V794","RMISC-20V794-5961.pdf","LAND ROVER","RANGE ROVER EVOQUE","2020","SAFETY RECALL 20V794 (N524) SFCC PRESENTATION SLIDE"
"20V794","RCMN-20V794-5258.pdf","LAND ROVER","RANGE ROVER EVOQUE","2020","SAFETY RECALL 20V794 (N524) AFTERSALES BULLETIN"
"20V794","RCONL-20V794-3834.pdf","LAND ROVER","RANGE ROVER EVOQUE","2020","SAFETY RECALL 20V794 (N524) FINAL OWNER LETTER"
"20V807","RCMN-20V807-3275.pdf","FCCC","MBC","2021","20V807 Dealer's Bulletin"
"20V807","RCMN-20V807-2447.pdf","FCCC","MBC","2021","20V807 Spanish Dealer's Bulletin"
"20V807","RCONL-20V807-3611.pdf","FCCC","MBC","2021","20V807 FL871 Retraction Owner Notice on 195 units that were repaired at the plant."
"20V807","RCONL-20V807-3358.pdf","FCCC","MBC","2021","20V807 Owner's Letter"
"20V807","RCMN-20V807-3980.pdf","FCCC","MBC","2021","20V807 French Dealer's Bulletin"
"20V807","RCMN-20V807-3980.pdf","FCCC","MC","2021","20V807 French Dealer's Bulletin"
"20V807","RCONL-20V807-3358.pdf","FCCC","MC","2021","20V807 Owner's Letter"
"20V807","RCONL-20V807-3611.pdf","FCCC","MC","2021","20V807 FL871 Retraction Owner Notice on 195 units that were repaired at the plant."
"20V807","RCMN-20V807-2447.pdf","FCCC","MC","2021","20V807 Spanish Dealer's Bulletin"
"20V807","RCMN-20V807-3275.pdf","FCCC","MC","2021","20V807 Dealer's Bulletin"
"20V807","RCMN-20V807-3980.pdf","FCCC","MT55","2021","20V807 French Dealer's Bulletin"
"20V807","RCMN-20V807-2447.pdf","FCCC","MT55","2021","20V807 Spanish Dealer's Bulletin"
"20V807","RCONL-20V807-3611.pdf","FCCC","MT55","2021","20V807 FL871 Retraction Owner Notice on 195 units that were repaired at the plant."
"20V807","RCMN-20V807-3275.pdf","FCCC","MT55","2021","20V807 Dealer's Bulletin"
"20V807","RCONL-20V807-3358.pdf","FCCC","MT55","2021","20V807 Owner's Letter"
"20V807","RCMN-20V807-3980.pdf","FCCC","S2","2021","20V807 French Dealer's Bulletin"
"20V807","RCMN-20V807-3275.pdf","FCCC","S2","2021","20V807 Dealer's Bulletin"
"20V807","RCMN-20V807-2447.pdf","FCCC","S2","2021","20V807 Spanish Dealer's Bulletin"
"20V807","RCONL-20V807-3611.pdf","FCCC","S2","2021","20V807 FL871 Retraction Owner Notice on 195 units that were repaired at the plant."
"20V807","RCONL-20V807-3358.pdf","FCCC","S2","2021","20V807 Owner's Letter"
"20V807","RCMN-20V807-3980.pdf","FREIGHTLINER","BUSINESS CLASS M2","2021","20V807 French Dealer's Bulletin"
"20V807","RCMN-20V807-2447.pdf","FREIGHTLINER","BUSINESS CLASS M2","2021","20V807 Spanish Dealer's Bulletin"
"20V807","RCONL-20V807-3358.pdf","FREIGHTLINER","BUSINESS CLASS M2","2021","20V807 Owner's Letter"
"20V807","RCONL-20V807-3611.pdf","FREIGHTLINER","BUSINESS CLASS M2","2021","20V807 FL871 Retraction Owner Notice on 195 units that were repaired at the plant."
"20V807","RCMN-20V807-3275.pdf","FREIGHTLINER","BUSINESS CLASS M2","2021","20V807 Dealer's Bulletin"
"21E058","RCONL-21E058-8506.pdf","LASFIT","LED HEADLIGHT BULB","9999","
One More Auto Parts Inc. sent a recall notice to each customer who
purchased these bulbs for whom it has the purchasers contact
information.We offered to replace the bulb with halogen headlamp bulbs that comply with FMVSS108 for the customer who want halogen. To qualify for such replacement, provide proof of purchase or the recall notice they receive and the order number, then we will agree to get the halogen or refund.Part of the customer want refund directly and we issued the refund directly to them after provide all of the proof or one of the proof."
"21E063","RMISC-21E063-9983.pdf","CUMMINS","L9","9999","This is a supplemental campaign completion report sent to affected OEMs."
"21E063","RCONL-21E063-9659.pdf","CUMMINS","L9","9999","This is a representative owner notification letter. As more fully described in the defect notice, certain L9 engines are equipped with a remote Stage 2 fuel filter which includes pressurized fuel hoses. A fuel leak may occur in the fuel hoses between the fuel pump and remote filter head. A fuel leak in the presence of an ignition source may increase the risk of a fire."
"21E063","RCMN-21E063-7774.pdf","CUMMINS","L9","9999","This is an OEM notification letter. As more fully described in the defect notice, certain L9 engines are equipped with a remote Stage 2 fuel filter which includes pressurized fuel hoses. A fuel leak may occur in the fuel hoses between the fuel pump and remote filter head. A fuel leak in the presence of an ignition source may increase the risk of a fire."
"21E063","RCRIT-21E063-3176.pdf","CUMMINS","L9","9999","This document announces the release of safety campaign C2465 to dealers and purchasers of affected units. As more fully described in the defect notice, certain L9 engines are equipped with a remote Stage 2 fuel filter which includes pressurized fuel hoses. A fuel leak may occur in the fuel hoses between the fuel pump and remote filter head. A fuel leak in the presence of an ignition source may increase the risk of a fire."
"21E063","RCRN-21E063-2962.pdf","CUMMINS","L9","9999","This is third/final letter to notify owners of a safety campaign on certain Cummins  L9 engines that are equipped with a remote Stage 2 fuel filter which includes pressurized fuel hoses. A fuel leak may occur in the fuel hoses between the fuel pump and remote filter head.  A fuel leak in the presence of an ignition source may increase the risk of a fire."
"21E063","RCRN-21E063-9533.pdf","CUMMINS","L9","9999","This is second letter to notify owners of a safety campaign on certain Cummins L9 engines that are equipped with a remote Stage 2 fuel filter which includes pressurized fuel hoses. A fuel leak may occur in the fuel hoses between the fuel pump and remote filter head.  A fuel leak in the presence of an ignition source may increase the risk of a fire."
"21E063","RMISC-21E063-1186.pdf","CUMMINS","L9","9999","Supplemental campaign completion document provided to affected OEMs."
"21E063","RMISC-21E063-7012.pdf","CUMMINS","L9","9999","Supplemental quarterly completion report provided to affected OEMs."
"21E063","RCRIT-21E063-4093.pdf","CUMMINS","L9","9999","This document contains remedy instructions for 21E063. As more fully described in the defect notice, certain L9 engines are equipped with a remote Stage 2 fuel filter which includes pressurized fuel hoses. A fuel leak may occur in the fuel hoses between the fuel pump and remote filter head. A fuel leak in the presence of an ignition source may increase the risk of a fire."
"21E070","RCRIT-21E070-0361.pdf","BENDIX","INTELLIPARK","9999","Bendix Commercial Vehicle Systems LLC (Bendix) is conducting a voluntary safety recall campaign, 
Recall No.: 21E070, involving the Bendix Intellipark Parking Brake Systems Dash Electronic Control Unit (DECU)"
"21E070","RCMN-21E070-7441.pdf","BENDIX","INTELLIPARK","9999"," Bendix Commercial Vehicle Systems LLC (Bendix) notified the National Highway 
Traffic Safety Administration (NHTSA) of the start of a voluntary safety recall campaign involving the Bendix
Intellipark
 electronic Dash Electronic Control Unit (DECU). The recall has been assigned number 21E070."
"21E070","RCONL-21E070-2343.pdf","BENDIX","INTELLIPARK","9999","Bendix Commercial Vehicle Systems LLC (Bendix) has decided that a defect which relates to motor 
vehicle safety exists in certain Bendix
 Intellipark
 electronic Dash Electronic Control Units (DECUs)"
"21E088","RCMN-21E088-3975.pdf","ARCIMOTO","TRIO CONVERSION KIT","9999","TRiO Failure of bolts connecting shock hoop to pivot plate"
"21E088","RCONL-21E088-4397.pdf","ARCIMOTO","TRIO CONVERSION KIT","9999","TRiO Failute of bolts connecting shock hoop to pivot plate"
"21E090","RCMN-21E090-7278.pdf","WABCO TRAILER","IABS-2M","9999","ZF notification to aftermarket distributor customers."
"21E090","RCMN-21E090-8057.pdf","WABCO TRAILER","IABS-2M","9999","The distributor notification conveys that WABCO has determined a defect which relates to motor vehicle safety exists in certain iABS-2M trailer ABS units that were manufactured between September 19, 2019 and October 6, 2021.  WABCO has initiated a recall of the subject iABS-2M units.

Screws securing the bracket cover and end cover of affected iABS units may have been under torqued, creating the potential for the screws to back out over time. If this occurs, there could be a loss of pressure inside the unit, resulting in a potential loss of service braking or loss of control pressure during operation for a trailer connected to the iABS without warning. A loss of service braking or control pressure for a trailer may increase the risk of a vehicle crash.

Distributors are provided a list of iABS-2M units that were supplied to them, and provided instructions on what to do with product remaining in their inventory, product sold to other resellers, and product installed or sold to vehicle owners.  

Contact information is provided should our distributors have any questions or concerns regarding this recall."
"21E090","RCONL-21E090-6996.pdf","WABCO TRAILER","IABS-2M","9999","Approved owner notification letter.  Sent to end-users of WABCO's distributor customers by either WABCO or its distributors."
"21E104","RCMN-21E104-0419.pdf","CRYSTEEL","TELESCOPING DUMP CYLINDER","9999","Field Service Bulletin sent to J-Craft / Crysteel Mfg dealers describing the hydraulic cylinder potential failure with instructions on how to inspect for this."
"21E104","RIONL-21E104-3442.pdf","CRYSTEEL","TELESCOPING DUMP CYLINDER","9999","This is a cover letter we are sending to our distributors that will include the end-customer letter and envelope (previously uploaded to this site).  It instructs them on how we will work with them to manage the replacement of the defective cylinders owned by their customers."
"21E104","RCMN-21E104-9089.pdf","CRYSTEEL","TELESCOPING DUMP CYLINDER","9999","Field Service Bulletin sent to J-Craft / Crysteel Mfg dealers describing the hydraulic cylinder failure issue with instructions on how to inspect for the potential failure."
"21V014","RCONL-21V014-7861.pdf","FORD","EXPLORER POLICE INTERCEPT","2020","21C01 Ford owner letter.  Mailed March 2, 2021"
"21V014","RCONL-21V014-7548.pdf","FORD","EXPLORER POLICE INTERCEPT","2020","21C01 Lincoln owner letter.  Mailed March 2, 2021"
"21V014","RCRN-21V014-8238.pdf","FORD","EXPLORER POLICE INTERCEPT","2020","21C01 renotification.  Mailed July 20-23, 2021"
"21V014","RCMN-21V014-8347.pdf","FORD","EXPLORER POLICE INTERCEPT","2020","NEW VEHICLE DEMONSTRATION / DELIVERY HOLD -
Compliance Recall 21C01
Certain 2020 Model Year Aviator Black Label and Police Interceptor Utility Vehicles
Equipped with 3.0L GTDI Engines - Washer Fluid Contamination"
"21V014","RCRN-21V014-8724.pdf","FORD","EXPLORER POLICE INTERCEPT","2020","21C02 renotification.  Mailed August 2, 2022"
"21V014","RCMN-21V014-4836.pdf","FORD","EXPLORER POLICE INTERCEPT","2020","NEW VEHICLE DEMONSTRATION / DELIVERY HOLD - Advance Notice 
Compliance Recall 21C01
Certain 2020 Model Year Aviator Black Label and Police Interceptor Utility Vehicles
Equipped with 3.0L GTDI Engines - Washer Fluid Contamination"
"21V014","RMISC-21V014-3666.pdf","FORD","EXPLORER POLICE INTERCEPT","2020","21C01 Media correspondence"
"21V014","RCRN-21V014-4938.pdf","FORD","EXPLORER POLICE INTERCEPT","2020","21C01 renotification.  Mailed August 31, 2023"
"21V014","RCRN-21V014-4715.pdf","FORD","EXPLORER POLICE INTERCEPT","2020","21C01 Renotification.  Mailed July 30, 2024"
"21V014","RCRN-21V014-8238.pdf","LINCOLN","AVIATOR","2020","21C01 renotification.  Mailed July 20-23, 2021"
"21V014","RCONL-21V014-7548.pdf","LINCOLN","AVIATOR","2020","21C01 Lincoln owner letter.  Mailed March 2, 2021"
"21V014","RCMN-21V014-8347.pdf","LINCOLN","AVIATOR","2020","NEW VEHICLE DEMONSTRATION / DELIVERY HOLD -
Compliance Recall 21C01
Certain 2020 Model Year Aviator Black Label and Police Interceptor Utility Vehicles
Equipped with 3.0L GTDI Engines - Washer Fluid Contamination"
"21V014","RCRN-21V014-4938.pdf","LINCOLN","AVIATOR","2020","21C01 renotification.  Mailed August 31, 2023"
"21V014","RCMN-21V014-4836.pdf","LINCOLN","AVIATOR","2020","NEW VEHICLE DEMONSTRATION / DELIVERY HOLD - Advance Notice 
Compliance Recall 21C01
Certain 2020 Model Year Aviator Black Label and Police Interceptor Utility Vehicles
Equipped with 3.0L GTDI Engines - Washer Fluid Contamination"
"21V014","RCRN-21V014-8724.pdf","LINCOLN","AVIATOR","2020","21C02 renotification.  Mailed August 2, 2022"
"21V014","RCRN-21V014-4715.pdf","LINCOLN","AVIATOR","2020","21C01 Renotification.  Mailed July 30, 2024"
"21V014","RMISC-21V014-3666.pdf","LINCOLN","AVIATOR","2020","21C01 Media correspondence"
"21V014","RCONL-21V014-7861.pdf","LINCOLN","AVIATOR","2020","21C01 Ford owner letter.  Mailed March 2, 2021"
"21V018","RCMN-21V018-6708.pdf","FCCC","XCL","2021","21V018 French Dealer's Bulletin"
"21V018","RCMN-21V018-2596.pdf","FCCC","XCL","2021","21V018 Body Builder's Notice"
"21V018","RCMN-21V018-5438.pdf","FCCC","XCL","2021","21V018 Notice to Bodybuilders of DIR"
"21V018","RCMN-21V018-5770.pdf","FCCC","XCL","2021","signed 20V018 DIR"
"21V018","RCMN-21V018-8605.pdf","FCCC","XCL","2021","21V018 Dealer's Bulletin"
"21V018","RCONL-21V018-0540.pdf","FCCC","XCL","2021","21V018 Owner's Notice"
"21V018","RCRN-21V018-2845.pdf","FCCC","XCL","2021","Attached is the renotification postcard for recall 21V018."
"21V018","RMISC-21V018-5041.pdf","FCCC","XCL","2021","Signed 573 Filing for FL873 - Non SB"
"21V018","RCRN-21V018-2845.pdf","FCCC","XCM","2021","Attached is the renotification postcard for recall 21V018."
"21V018","RCONL-21V018-0540.pdf","FCCC","XCM","2021","21V018 Owner's Notice"
"21V018","RCMN-21V018-8605.pdf","FCCC","XCM","2021","21V018 Dealer's Bulletin"
"21V018","RCMN-21V018-6708.pdf","FCCC","XCM","2021","21V018 French Dealer's Bulletin"
"21V018","RCMN-21V018-2596.pdf","FCCC","XCM","2021","21V018 Body Builder's Notice"
"21V018","RCMN-21V018-5438.pdf","FCCC","XCM","2021","21V018 Notice to Bodybuilders of DIR"
"21V018","RCMN-21V018-5770.pdf","FCCC","XCM","2021","signed 20V018 DIR"
"21V018","RMISC-21V018-5041.pdf","FCCC","XCM","2021","Signed 573 Filing for FL873 - Non SB"
"21V018","RCMN-21V018-6708.pdf","FCCC","XCP","2021","21V018 French Dealer's Bulletin"
"21V018","RCRN-21V018-2845.pdf","FCCC","XCP","2021","Attached is the renotification postcard for recall 21V018."
"21V018","RCONL-21V018-0540.pdf","FCCC","XCP","2021","21V018 Owner's Notice"
"21V018","RCMN-21V018-8605.pdf","FCCC","XCP","2021","21V018 Dealer's Bulletin"
"21V018","RCMN-21V018-5438.pdf","FCCC","XCP","2021","21V018 Notice to Bodybuilders of DIR"
"21V018","RCMN-21V018-5770.pdf","FCCC","XCP","2021","signed 20V018 DIR"
"21V018","RMISC-21V018-5041.pdf","FCCC","XCP","2021","Signed 573 Filing for FL873 - Non SB"
"21V018","RCMN-21V018-2596.pdf","FCCC","XCP","2021","21V018 Body Builder's Notice"
"21V018","RMISC-21V018-5041.pdf","FCCC","XCR","2021","Signed 573 Filing for FL873 - Non SB"
"21V102","RCMN-21V102-4168.pdf","MERCEDES-BENZ","GLA 250","2021","Please find the manufacturers notice to dealers for 21V102 distributed 20MAR2021. For any questions, please contact Gregory Gunther at gregory.gunther@mbusa.com"
"21V102","RCMN-21V102-6403.pdf","MERCEDES-BENZ","GLA 250","2021","Please find the initial manufacturer notice to dealers for 21V102 distributed 01MAR2021. For any questions, please contact Gregory Gunther at gregory.gunther@mbusa.com"
"21V102","RCONL-21V102-2374.pdf","MERCEDES-BENZ","GLA 250","2021","Please find the redacted owner notification letter for 21V102 mailed 26MAR2021. For any questions, please contact Gregory Gunther at gregory.gunther@mbusa.com"
"21V102","RCRIT-21V102-8032.pdf","MERCEDES-BENZ","GLA 250","2021","Please find the remedy instructions and TSB for 21V102 distributed 20MAR2021. For any questions, please contact Gregory Gunther at gregory.gunther@mbusa.com"
"21V132","RCONL-21V132-3088.pdf","VOLKSWAGEN","ATLAS","2021","Owner notification - recall repair available USA"
"21V132","RMISC-21V132-7884.pdf","VOLKSWAGEN","ATLAS","2021","FAQ for vw.com website"
"21V132","RCRIT-21V132-6405.pdf","VOLKSWAGEN","ATLAS","2021","Recall repair instructions for dealers"
"21V132","RCONL-21V132-5069.pdf","VOLKSWAGEN","ATLAS","2021","Owner notification - recall repair available Puerto Rico"
"21V132","RMISC-21V132-6308.pdf","VOLKSWAGEN","ATLAS","2021","FAQ for vw.com"
"21V132","RCMN-21V132-6027.pdf","VOLKSWAGEN","ATLAS","2021","Dealer notice - recall repair available"
"21V132","RCONL-21V132-5069.pdf","VOLKSWAGEN","ATLAS CROSS SPORT","2021","Owner notification - recall repair available Puerto Rico"
"21V132","RMISC-21V132-7884.pdf","VOLKSWAGEN","ATLAS CROSS SPORT","2021","FAQ for vw.com website"
"21V132","RCONL-21V132-3088.pdf","VOLKSWAGEN","ATLAS CROSS SPORT","2021","Owner notification - recall repair available USA"
"21V132","RMISC-21V132-6308.pdf","VOLKSWAGEN","ATLAS CROSS SPORT","2021","FAQ for vw.com"
"21V132","RCRIT-21V132-6405.pdf","VOLKSWAGEN","ATLAS CROSS SPORT","2021","Recall repair instructions for dealers"
"21V132","RCMN-21V132-6027.pdf","VOLKSWAGEN","ATLAS CROSS SPORT","2021","Dealer notice - recall repair available"
"21V139","RCMN-21V139-8053.pdf","INFINITI","FX35","2003","Front Passenger Air Bag Module
Voluntary Safety Recall Campaign

UPDATE December 10, 2021
Please discard earlier versions of this bulletin.
The announcement from March 5, 2021 has been revised to include the following:
 The parts restriction will be removed and retailers can order parts, as needed, via normal ordering process beginning December 10, 2021.
o Parts currently on order in DBS will be fulfilled."
"21V139","RCRIT-21V139-1017.pdf","INFINITI","FX35","2003","VOLUNTARY SAFETY RECALL CAMPAIGN
2003 FX35/45; FRONT PASSENGER AIRBAG MODULE

This bulletin has been amended. See AMENDMENT HISTORY on the last page.
Please discard previous versions of this bulletin."
"21V139","RCRIT-21V139-3111.pdf","INFINITI","FX35","2003","VOLUNTARY SAFETY RECALL CAMPAIGN
2006-2008 FX; FRONT PASSENGER AIR BAG MODULE

This bulletin has been amended. See AMENDMENT HISTORY on the last page.
Please discard previous versions of this bulletin."
"21V139","RCMN-21V139-3036.pdf","INFINITI","FX35","2003","Front Passenger Air Bag Module
Voluntary Safety Recall Campaign

UPDATE February 8, 2022
Please discard earlier versions of this bulletin.
The announcement from December 10, 2021 has been revised to include the following:
 Review of additional service records for FX35/FX45 vehicles has allowed INFINITI to identify potentially affected vehicles. As a result, two (2) 2003 FX35 vehicles have been added under PNC R21C1"
"21V139","RCRIT-21V139-4244.pdf","INFINITI","FX35","2003","VOLUNTARY SAFETY RECALL CAMPAIGN
2006-2008 FX; FRONT PASSENGER AIR BAG MODULE

INTRODUCTION
Infiniti is conducting this voluntary safety recall campaign, on certain specific model year 2006-2008 FX vehicles, to replace the front passenger air bag module. This service will be performed at no charge to the customer for parts or labor.
IDENTIFICATION NUMBER
Infiniti has assigned identification number R20C2 to this campaign. This number must appear on all communication and documentation of any nature dealing with this campaign.
RETAILER RESPONSIBILITY
It is the retailers responsibility to check Service COMM or Dealer Business Systems (DBS) National Service History for the campaign status on each vehicle falling within the range of this voluntary safety recall which for any reason enters the service department. This includes vehicles purchased from private parties or presented by transient (tourist) owners and vehicles in a retailers inventory. Federal law requires that new vehicles in retailer inventory which are the subject of a safety recall must be corrected prior to sale. Failure to do so can result in civil penalties by the National Highway Traffic Safety Administration. While federal law applies only to new vehicles, Infiniti strongly encourages retailers to correct any used vehicles in their inventory before they are retailed."
"21V139","RCRIT-21V139-7658.pdf","INFINITI","FX35","2003","VOLUNTARY SAFETY RECALL CAMPAIGN
2003 FX35/45; FRONT PASSENGER AIRBAG MODULE

INTRODUCTION
Infiniti is conducting this voluntary safety recall campaign, on certain specific model year 2003 FX35/45
vehicles, to replace the passenger (RH) side front airbag module. This service will be performed at no charge to
the client for parts or labor.
Return packaging, shipping labels, documents, and directions must be used and followed in order to properly
carry out this campaign. A return instructions sheet is attached and is part of this bulletin.
IDENTIFICATION NUMBER
Infiniti has assigned identification number R21C1 to this campaign. This number must appear on all
communication and documentation of any nature dealing with this campaign.
RETAILER RESPONSIBILITY
It is the retailers responsibility to check Service COMM or Dealer Business Systems (DBS) National Service
History for the campaign status on each vehicle falling within the range of this voluntary safety recall which for
any reason enters the service department. This includes vehicles purchased from private parties or presented
by transient (tourist) owners and vehicles in a retailers inventory. Federal law requires that new vehicles in
retailer inventory which are the subject of a safety recall must be corrected prior to sale. Failure to do
so can result in civil penalties by the National Highway Traffic Safety Administration. While federal law
applies only to new vehicles, Infiniti strongly encourages retailers to correct any used vehicles in their inventory
before they are retailed."
"21V139","RCMN-21V139-8243.pdf","INFINITI","FX35","2003","Front Passenger Air Bag Module
Voluntary Safety Recall Campaign

***** Campaign Summary *****
INFINITI is committed to safety, security, and satisfaction of our clients and their passengers. INFINITI is conducting a Voluntary Safety Recall Campaign on certain INFINITI Model Year 2006-2008 FX35/FX45 vehicles identified in Service Comm to replace the passenger air bag module.
A suppliers process change reduced the air bag cushions folding width, which could increase the cushion internal pressure during deployment. If this condition occurs, the cushion could tear and may increase the risk of injury to the front passenger-side occupant in the event of a crash if air bag deployment is warranted.
Owners of vehicles that have previously been repaired using module part number K8515-CL71A under the following campaign IDs are now being asked to return to the dealership for part replacement:
 -  R1622
 -  R1701
 -  R1704
***** What Retailers Should Do *****
1. Verify if vehicles are affected by this Voluntary Safety Recall Campaign using Service Comm or DBS National Service History  Open Campaign I.D. R20C2.
2. Retailers must not sell, lease, trade, rent or loan any vehicles in retailer inventory affected by this recall campaign until after the vehicle has been remedied.
3. Retailers should use ITB21-003 to remedy any vehicles subject to this campaign.
4. Once repaired, the service department should submit the applicable warranty claim for the action performed so it can be closed on SERVICE COMM."
"21V139","RCRIT-21V139-4244.pdf","INFINITI","FX35","2006","VOLUNTARY SAFETY RECALL CAMPAIGN
2006-2008 FX; FRONT PASSENGER AIR BAG MODULE

INTRODUCTION
Infiniti is conducting this voluntary safety recall campaign, on certain specific model year 2006-2008 FX vehicles, to replace the front passenger air bag module. This service will be performed at no charge to the customer for parts or labor.
IDENTIFICATION NUMBER
Infiniti has assigned identification number R20C2 to this campaign. This number must appear on all communication and documentation of any nature dealing with this campaign.
RETAILER RESPONSIBILITY
It is the retailers responsibility to check Service COMM or Dealer Business Systems (DBS) National Service History for the campaign status on each vehicle falling within the range of this voluntary safety recall which for any reason enters the service department. This includes vehicles purchased from private parties or presented by transient (tourist) owners and vehicles in a retailers inventory. Federal law requires that new vehicles in retailer inventory which are the subject of a safety recall must be corrected prior to sale. Failure to do so can result in civil penalties by the National Highway Traffic Safety Administration. While federal law applies only to new vehicles, Infiniti strongly encourages retailers to correct any used vehicles in their inventory before they are retailed."
"21V139","RCMN-21V139-8053.pdf","INFINITI","FX35","2006","Front Passenger Air Bag Module
Voluntary Safety Recall Campaign

UPDATE December 10, 2021
Please discard earlier versions of this bulletin.
The announcement from March 5, 2021 has been revised to include the following:
 The parts restriction will be removed and retailers can order parts, as needed, via normal ordering process beginning December 10, 2021.
o Parts currently on order in DBS will be fulfilled."
"21V139","RCRIT-21V139-7658.pdf","INFINITI","FX35","2006","VOLUNTARY SAFETY RECALL CAMPAIGN
2003 FX35/45; FRONT PASSENGER AIRBAG MODULE

INTRODUCTION
Infiniti is conducting this voluntary safety recall campaign, on certain specific model year 2003 FX35/45
vehicles, to replace the passenger (RH) side front airbag module. This service will be performed at no charge to
the client for parts or labor.
Return packaging, shipping labels, documents, and directions must be used and followed in order to properly
carry out this campaign. A return instructions sheet is attached and is part of this bulletin.
IDENTIFICATION NUMBER
Infiniti has assigned identification number R21C1 to this campaign. This number must appear on all
communication and documentation of any nature dealing with this campaign.
RETAILER RESPONSIBILITY
It is the retailers responsibility to check Service COMM or Dealer Business Systems (DBS) National Service
History for the campaign status on each vehicle falling within the range of this voluntary safety recall which for
any reason enters the service department. This includes vehicles purchased from private parties or presented
by transient (tourist) owners and vehicles in a retailers inventory. Federal law requires that new vehicles in
retailer inventory which are the subject of a safety recall must be corrected prior to sale. Failure to do
so can result in civil penalties by the National Highway Traffic Safety Administration. While federal law
applies only to new vehicles, Infiniti strongly encourages retailers to correct any used vehicles in their inventory
before they are retailed."
"21V139","RCRIT-21V139-1017.pdf","INFINITI","FX35","2006","VOLUNTARY SAFETY RECALL CAMPAIGN
2003 FX35/45; FRONT PASSENGER AIRBAG MODULE

This bulletin has been amended. See AMENDMENT HISTORY on the last page.
Please discard previous versions of this bulletin."
"21V139","RCRIT-21V139-3111.pdf","INFINITI","FX35","2006","VOLUNTARY SAFETY RECALL CAMPAIGN
2006-2008 FX; FRONT PASSENGER AIR BAG MODULE

This bulletin has been amended. See AMENDMENT HISTORY on the last page.
Please discard previous versions of this bulletin."
"21V139","RCMN-21V139-3036.pdf","INFINITI","FX35","2006","Front Passenger Air Bag Module
Voluntary Safety Recall Campaign

UPDATE February 8, 2022
Please discard earlier versions of this bulletin.
The announcement from December 10, 2021 has been revised to include the following:
 Review of additional service records for FX35/FX45 vehicles has allowed INFINITI to identify potentially affected vehicles. As a result, two (2) 2003 FX35 vehicles have been added under PNC R21C1"
"21V139","RCMN-21V139-8243.pdf","INFINITI","FX35","2006","Front Passenger Air Bag Module
Voluntary Safety Recall Campaign

***** Campaign Summary *****
INFINITI is committed to safety, security, and satisfaction of our clients and their passengers. INFINITI is conducting a Voluntary Safety Recall Campaign on certain INFINITI Model Year 2006-2008 FX35/FX45 vehicles identified in Service Comm to replace the passenger air bag module.
A suppliers process change reduced the air bag cushions folding width, which could increase the cushion internal pressure during deployment. If this condition occurs, the cushion could tear and may increase the risk of injury to the front passenger-side occupant in the event of a crash if air bag deployment is warranted.
Owners of vehicles that have previously been repaired using module part number K8515-CL71A under the following campaign IDs are now being asked to return to the dealership for part replacement:
 -  R1622
 -  R1701
 -  R1704
***** What Retailers Should Do *****
1. Verify if vehicles are affected by this Voluntary Safety Recall Campaign using Service Comm or DBS National Service History  Open Campaign I.D. R20C2.
2. Retailers must not sell, lease, trade, rent or loan any vehicles in retailer inventory affected by this recall campaign until after the vehicle has been remedied.
3. Retailers should use ITB21-003 to remedy any vehicles subject to this campaign.
4. Once repaired, the service department should submit the applicable warranty claim for the action performed so it can be closed on SERVICE COMM."
"21V139","RCMN-21V139-8053.pdf","INFINITI","FX35","2007","Front Passenger Air Bag Module
Voluntary Safety Recall Campaign

UPDATE December 10, 2021
Please discard earlier versions of this bulletin.
The announcement from March 5, 2021 has been revised to include the following:
 The parts restriction will be removed and retailers can order parts, as needed, via normal ordering process beginning December 10, 2021.
o Parts currently on order in DBS will be fulfilled."
"21V139","RCRIT-21V139-1017.pdf","INFINITI","FX35","2007","VOLUNTARY SAFETY RECALL CAMPAIGN
2003 FX35/45; FRONT PASSENGER AIRBAG MODULE

This bulletin has been amended. See AMENDMENT HISTORY on the last page.
Please discard previous versions of this bulletin."
"21V139","RCMN-21V139-8243.pdf","INFINITI","FX35","2007","Front Passenger Air Bag Module
Voluntary Safety Recall Campaign

***** Campaign Summary *****
INFINITI is committed to safety, security, and satisfaction of our clients and their passengers. INFINITI is conducting a Voluntary Safety Recall Campaign on certain INFINITI Model Year 2006-2008 FX35/FX45 vehicles identified in Service Comm to replace the passenger air bag module.
A suppliers process change reduced the air bag cushions folding width, which could increase the cushion internal pressure during deployment. If this condition occurs, the cushion could tear and may increase the risk of injury to the front passenger-side occupant in the event of a crash if air bag deployment is warranted.
Owners of vehicles that have previously been repaired using module part number K8515-CL71A under the following campaign IDs are now being asked to return to the dealership for part replacement:
 -  R1622
 -  R1701
 -  R1704
***** What Retailers Should Do *****
1. Verify if vehicles are affected by this Voluntary Safety Recall Campaign using Service Comm or DBS National Service History  Open Campaign I.D. R20C2.
2. Retailers must not sell, lease, trade, rent or loan any vehicles in retailer inventory affected by this recall campaign until after the vehicle has been remedied.
3. Retailers should use ITB21-003 to remedy any vehicles subject to this campaign.
4. Once repaired, the service department should submit the applicable warranty claim for the action performed so it can be closed on SERVICE COMM."
"21V139","RCRIT-21V139-7658.pdf","INFINITI","FX35","2007","VOLUNTARY SAFETY RECALL CAMPAIGN
2003 FX35/45; FRONT PASSENGER AIRBAG MODULE

INTRODUCTION
Infiniti is conducting this voluntary safety recall campaign, on certain specific model year 2003 FX35/45
vehicles, to replace the passenger (RH) side front airbag module. This service will be performed at no charge to
the client for parts or labor.
Return packaging, shipping labels, documents, and directions must be used and followed in order to properly
carry out this campaign. A return instructions sheet is attached and is part of this bulletin.
IDENTIFICATION NUMBER
Infiniti has assigned identification number R21C1 to this campaign. This number must appear on all
communication and documentation of any nature dealing with this campaign.
RETAILER RESPONSIBILITY
It is the retailers responsibility to check Service COMM or Dealer Business Systems (DBS) National Service
History for the campaign status on each vehicle falling within the range of this voluntary safety recall which for
any reason enters the service department. This includes vehicles purchased from private parties or presented
by transient (tourist) owners and vehicles in a retailers inventory. Federal law requires that new vehicles in
retailer inventory which are the subject of a safety recall must be corrected prior to sale. Failure to do
so can result in civil penalties by the National Highway Traffic Safety Administration. While federal law
applies only to new vehicles, Infiniti strongly encourages retailers to correct any used vehicles in their inventory
before they are retailed."
"21V139","RCRIT-21V139-4244.pdf","INFINITI","FX35","2007","VOLUNTARY SAFETY RECALL CAMPAIGN
2006-2008 FX; FRONT PASSENGER AIR BAG MODULE

INTRODUCTION
Infiniti is conducting this voluntary safety recall campaign, on certain specific model year 2006-2008 FX vehicles, to replace the front passenger air bag module. This service will be performed at no charge to the customer for parts or labor.
IDENTIFICATION NUMBER
Infiniti has assigned identification number R20C2 to this campaign. This number must appear on all communication and documentation of any nature dealing with this campaign.
RETAILER RESPONSIBILITY
It is the retailers responsibility to check Service COMM or Dealer Business Systems (DBS) National Service History for the campaign status on each vehicle falling within the range of this voluntary safety recall which for any reason enters the service department. This includes vehicles purchased from private parties or presented by transient (tourist) owners and vehicles in a retailers inventory. Federal law requires that new vehicles in retailer inventory which are the subject of a safety recall must be corrected prior to sale. Failure to do so can result in civil penalties by the National Highway Traffic Safety Administration. While federal law applies only to new vehicles, Infiniti strongly encourages retailers to correct any used vehicles in their inventory before they are retailed."
"21V139","RCRIT-21V139-3111.pdf","INFINITI","FX35","2007","VOLUNTARY SAFETY RECALL CAMPAIGN
2006-2008 FX; FRONT PASSENGER AIR BAG MODULE

This bulletin has been amended. See AMENDMENT HISTORY on the last page.
Please discard previous versions of this bulletin."
"21V139","RCMN-21V139-3036.pdf","INFINITI","FX35","2007","Front Passenger Air Bag Module
Voluntary Safety Recall Campaign

UPDATE February 8, 2022
Please discard earlier versions of this bulletin.
The announcement from December 10, 2021 has been revised to include the following:
 Review of additional service records for FX35/FX45 vehicles has allowed INFINITI to identify potentially affected vehicles. As a result, two (2) 2003 FX35 vehicles have been added under PNC R21C1"
"21V139","RCMN-21V139-8053.pdf","INFINITI","FX35","2008","Front Passenger Air Bag Module
Voluntary Safety Recall Campaign

UPDATE December 10, 2021
Please discard earlier versions of this bulletin.
The announcement from March 5, 2021 has been revised to include the following:
 The parts restriction will be removed and retailers can order parts, as needed, via normal ordering process beginning December 10, 2021.
o Parts currently on order in DBS will be fulfilled."
"21V139","RCRIT-21V139-7658.pdf","INFINITI","FX35","2008","VOLUNTARY SAFETY RECALL CAMPAIGN
2003 FX35/45; FRONT PASSENGER AIRBAG MODULE

INTRODUCTION
Infiniti is conducting this voluntary safety recall campaign, on certain specific model year 2003 FX35/45
vehicles, to replace the passenger (RH) side front airbag module. This service will be performed at no charge to
the client for parts or labor.
Return packaging, shipping labels, documents, and directions must be used and followed in order to properly
carry out this campaign. A return instructions sheet is attached and is part of this bulletin.
IDENTIFICATION NUMBER
Infiniti has assigned identification number R21C1 to this campaign. This number must appear on all
communication and documentation of any nature dealing with this campaign.
RETAILER RESPONSIBILITY
It is the retailers responsibility to check Service COMM or Dealer Business Systems (DBS) National Service
History for the campaign status on each vehicle falling within the range of this voluntary safety recall which for
any reason enters the service department. This includes vehicles purchased from private parties or presented
by transient (tourist) owners and vehicles in a retailers inventory. Federal law requires that new vehicles in
retailer inventory which are the subject of a safety recall must be corrected prior to sale. Failure to do
so can result in civil penalties by the National Highway Traffic Safety Administration. While federal law
applies only to new vehicles, Infiniti strongly encourages retailers to correct any used vehicles in their inventory
before they are retailed."
"21V139","RCRIT-21V139-4244.pdf","INFINITI","FX35","2008","VOLUNTARY SAFETY RECALL CAMPAIGN
2006-2008 FX; FRONT PASSENGER AIR BAG MODULE

INTRODUCTION
Infiniti is conducting this voluntary safety recall campaign, on certain specific model year 2006-2008 FX vehicles, to replace the front passenger air bag module. This service will be performed at no charge to the customer for parts or labor.
IDENTIFICATION NUMBER
Infiniti has assigned identification number R20C2 to this campaign. This number must appear on all communication and documentation of any nature dealing with this campaign.
RETAILER RESPONSIBILITY
It is the retailers responsibility to check Service COMM or Dealer Business Systems (DBS) National Service History for the campaign status on each vehicle falling within the range of this voluntary safety recall which for any reason enters the service department. This includes vehicles purchased from private parties or presented by transient (tourist) owners and vehicles in a retailers inventory. Federal law requires that new vehicles in retailer inventory which are the subject of a safety recall must be corrected prior to sale. Failure to do so can result in civil penalties by the National Highway Traffic Safety Administration. While federal law applies only to new vehicles, Infiniti strongly encourages retailers to correct any used vehicles in their inventory before they are retailed."
"21V139","RCRIT-21V139-3111.pdf","INFINITI","FX35","2008","VOLUNTARY SAFETY RECALL CAMPAIGN
2006-2008 FX; FRONT PASSENGER AIR BAG MODULE

This bulletin has been amended. See AMENDMENT HISTORY on the last page.
Please discard previous versions of this bulletin."
"21V160","RCONL-21V160-2927.pdf","GENESIS","G80","2017","An electrical short in the hydraulic electronic control unit (HECU) may increase the risk
of an engine compartment fire. This bulletin describes the procedure to install replacement fuses."
"21V160","RIONL-21V160-6573.pdf","GENESIS","G80","2017","The subject vehicles are equipped with Anti-Lock Brake System (ABS) modules that could malfunction internally and cause an electrical short, potentially resulting in an engine compartment fire. An electrical short could result in significant overcurrent in the ABS module increasing the risk of an engine compartment fire while parked or driving."
"21V160","RCMN-21V160-0741.pdf","GENESIS","G80","2017","The subject vehicles are equipped with Anti-Lock Brake System (ABS) modules that could malfunction internally and cause an electrical short over time. An electrical short in the hydraulic electronic control unit (HECU) may increase the risk of an engine compartment fire."
"21V160","RCONL-21V160-3142.pdf","GENESIS","G80","2017","The subject vehicles are equipped with Anti-Lock Brake System (ABS) modules that could malfunction internally and cause an
electrical short, potentially resulting in an engine compartment fire. An electrical short could result in significant overcurrent in the ABS
module increasing the risk of an engine compartment fire while parked or driving."
"21V160","RCRIT-21V160-1417.pdf","GENESIS","G80","2018","An electrical short in the hydraulic electronic control unit (HECU) may increase the risk
of an engine compartment fire. This bulletin describes the procedure to install replacement fuses."
"21V160","RIONL-21V160-6829.pdf","GENESIS","G80","2018","The subject vehicles are equipped with Anti-Lock Brake System (ABS) modules that could malfunction internally and cause an electrical short, potentially resulting in an engine compartment fire. An electrical short could result in significant overcurrent in the ABS module increasing the risk of an engine compartment fire while parked or driving."
"21V160","RCMN-21V160-0741.pdf","GENESIS","G80","2018","The subject vehicles are equipped with Anti-Lock Brake System (ABS) modules that could malfunction internally and cause an electrical short over time. An electrical short in the hydraulic electronic control unit (HECU) may increase the risk of an engine compartment fire."
"21V160","RCONL-21V160-3142.pdf","GENESIS","G80","2018","The subject vehicles are equipped with Anti-Lock Brake System (ABS) modules that could malfunction internally and cause an
electrical short, potentially resulting in an engine compartment fire. An electrical short could result in significant overcurrent in the ABS
module increasing the risk of an engine compartment fire while parked or driving."
"21V160","RCRIT-21V160-1417.pdf","GENESIS","G80","2019","An electrical short in the hydraulic electronic control unit (HECU) may increase the risk
of an engine compartment fire. This bulletin describes the procedure to install replacement fuses."
"21V160","RCMN-21V160-3527.pdf","GENESIS","G80","2019","The subject vehicles are equipped with Anti-Lock Brake System (ABS) modules that could malfunction internally and cause an electrical short over time. An electrical short in the hydraulic electronic control unit (HECU) may increase the risk of an engine compartment fire."
"21V160","RCONL-21V160-3142.pdf","GENESIS","G80","2019","The subject vehicles are equipped with Anti-Lock Brake System (ABS) modules that could malfunction internally and cause an
electrical short, potentially resulting in an engine compartment fire. An electrical short could result in significant overcurrent in the ABS
module increasing the risk of an engine compartment fire while parked or driving."
"21V160","RIONL-21V160-6573.pdf","GENESIS","G80","2019","The subject vehicles are equipped with Anti-Lock Brake System (ABS) modules that could malfunction internally and cause an electrical short, potentially resulting in an engine compartment fire. An electrical short could result in significant overcurrent in the ABS module increasing the risk of an engine compartment fire while parked or driving."
"21V160","RCRIT-21V160-6827.pdf","GENESIS","G80","2020","An electrical short in the hydraulic electronic control unit (HECU) may increase the risk
of an engine compartment fire. This bulletin describes the procedure to install replacement fuses."
"21V160","RCMN-21V160-3527.pdf","GENESIS","G80","2020","The subject vehicles are equipped with Anti-Lock Brake System (ABS) modules that could malfunction internally and cause an electrical short over time. An electrical short in the hydraulic electronic control unit (HECU) may increase the risk of an engine compartment fire."
"21V160","RCONL-21V160-3142.pdf","GENESIS","G80","2020","The subject vehicles are equipped with Anti-Lock Brake System (ABS) modules that could malfunction internally and cause an
electrical short, potentially resulting in an engine compartment fire. An electrical short could result in significant overcurrent in the ABS
module increasing the risk of an engine compartment fire while parked or driving."
"21V160","RIONL-21V160-6573.pdf","GENESIS","G80","2020","The subject vehicles are equipped with Anti-Lock Brake System (ABS) modules that could malfunction internally and cause an electrical short, potentially resulting in an engine compartment fire. An electrical short could result in significant overcurrent in the ABS module increasing the risk of an engine compartment fire while parked or driving."
"21V160","RCONL-21V160-3142.pdf","HYUNDAI","GENESIS","2015","The subject vehicles are equipped with Anti-Lock Brake System (ABS) modules that could malfunction internally and cause an
electrical short, potentially resulting in an engine compartment fire. An electrical short could result in significant overcurrent in the ABS
module increasing the risk of an engine compartment fire while parked or driving."
"21V160","RIONL-21V160-6829.pdf","HYUNDAI","GENESIS","2015","The subject vehicles are equipped with Anti-Lock Brake System (ABS) modules that could malfunction internally and cause an electrical short, potentially resulting in an engine compartment fire. An electrical short could result in significant overcurrent in the ABS module increasing the risk of an engine compartment fire while parked or driving."
"21V160","RCONL-21V160-2927.pdf","HYUNDAI","GENESIS","2015","An electrical short in the hydraulic electronic control unit (HECU) may increase the risk
of an engine compartment fire. This bulletin describes the procedure to install replacement fuses."
"21V160","RCMN-21V160-3527.pdf","HYUNDAI","GENESIS","2015","The subject vehicles are equipped with Anti-Lock Brake System (ABS) modules that could malfunction internally and cause an electrical short over time. An electrical short in the hydraulic electronic control unit (HECU) may increase the risk of an engine compartment fire."
"21V160","RIONL-21V160-6573.pdf","HYUNDAI","GENESIS","2016","The subject vehicles are equipped with Anti-Lock Brake System (ABS) modules that could malfunction internally and cause an electrical short, potentially resulting in an engine compartment fire. An electrical short could result in significant overcurrent in the ABS module increasing the risk of an engine compartment fire while parked or driving."
"21V160","RCMN-21V160-3527.pdf","HYUNDAI","GENESIS","2016","The subject vehicles are equipped with Anti-Lock Brake System (ABS) modules that could malfunction internally and cause an electrical short over time. An electrical short in the hydraulic electronic control unit (HECU) may increase the risk of an engine compartment fire."
"21V160","RCRIT-21V160-6827.pdf","HYUNDAI","GENESIS","2016","An electrical short in the hydraulic electronic control unit (HECU) may increase the risk
of an engine compartment fire. This bulletin describes the procedure to install replacement fuses."
"21V160","RCONL-21V160-3142.pdf","HYUNDAI","GENESIS","2016","The subject vehicles are equipped with Anti-Lock Brake System (ABS) modules that could malfunction internally and cause an
electrical short, potentially resulting in an engine compartment fire. An electrical short could result in significant overcurrent in the ABS
module increasing the risk of an engine compartment fire while parked or driving."
"21V161","RIONL-21V161-8584.pdf","GENESIS","G70","2019","The subject vehicles are equipped with Anti-Lock Brake System (ABS) modules that could malfunction internally and cause an electrical short, potentially resulting in an engine compartment fire. An electrical short could result in significant overcurrent in the ABS module increasing the risk of an engine compartment fire while parked or driving."
"21V161","RCRIT-21V161-4527.pdf","GENESIS","G70","2019","An electrical short in the hydraulic unit assembly may increase the risk of an engine compartment fire. This bulletin describes the procedure to install a replacement multi fuse."
"21V161","RMISC-21V161-7687.pdf","GENESIS","G70","2019","The subject vehicles are equipped with Anti-Lock Brake System (ABS) modules that could malfunction internally and cause an
electrical short, potentially resulting in an engine compartment fire. An electrical short could result in significant overcurrent in the
ABS module increasing the risk of an engine compartment fire while parked or driving."
"21V161","RIONL-21V161-8584.pdf","GENESIS","G70","2020","The subject vehicles are equipped with Anti-Lock Brake System (ABS) modules that could malfunction internally and cause an electrical short, potentially resulting in an engine compartment fire. An electrical short could result in significant overcurrent in the ABS module increasing the risk of an engine compartment fire while parked or driving."
"21V161","RMISC-21V161-7687.pdf","GENESIS","G70","2020","The subject vehicles are equipped with Anti-Lock Brake System (ABS) modules that could malfunction internally and cause an
electrical short, potentially resulting in an engine compartment fire. An electrical short could result in significant overcurrent in the
ABS module increasing the risk of an engine compartment fire while parked or driving."
"21V161","RCRIT-21V161-4527.pdf","GENESIS","G70","2020","An electrical short in the hydraulic unit assembly may increase the risk of an engine compartment fire. This bulletin describes the procedure to install a replacement multi fuse."
"21V161","RCONL-21V161-4239.pdf","GENESIS","G70","2021","The subject vehicles are equipped with Anti-Lock Brake System (ABS) modules that could malfunction internally and cause an electrical short, potentially resulting in an engine compartment fire. An electrical short could result in significant overcurrent in the ABS module increasing the risk of an engine compartment fire while parked or driving."
"21V161","RMISC-21V161-7687.pdf","GENESIS","G70","2021","The subject vehicles are equipped with Anti-Lock Brake System (ABS) modules that could malfunction internally and cause an
electrical short, potentially resulting in an engine compartment fire. An electrical short could result in significant overcurrent in the
ABS module increasing the risk of an engine compartment fire while parked or driving."
"21V161","RCRIT-21V161-4527.pdf","GENESIS","G70","2021","An electrical short in the hydraulic unit assembly may increase the risk of an engine compartment fire. This bulletin describes the procedure to install a replacement multi fuse."
"21V167","RCRIT-21V167-2007.pdf","JAGUAR","F-TYPE","2020","SAFETY RECALL 21V167 (H335) TECHNICAL BULLETIN"
"21V167","RCRIT-21V167-2899.pdf","JAGUAR","F-TYPE","2020","SAFETY RECALL 21V167 (H335) BULLETIN"
"21V167","RMISC-21V167-2445.pdf","JAGUAR","F-TYPE","2020","SAFETY RECALL H335 CHRONOLOGY"
"21V167","RCMN-21V167-9982.pdf","JAGUAR","F-TYPE","2020","SAFETY RECALL 21V167 (H335) AFTERSALES BULLETIN"
"21V167","RCONL-21V167-5720.pdf","JAGUAR","F-TYPE","2020","SAFETY RECALL 21V167 (H335) FINAL OWNER LETTER"
"21V203","RCMN-21V203-2119.pdf","STARCRAFT","AUTUMN RIDGE","2019","Dometic cooking stoves R1731 R2131 S31 may have gas leak occr at the joint between the gas saddle valve for the burners and the manifold under the burner surface."
"21V203","RCRN-21V203-4533.pdf","STARCRAFT","AUTUMN RIDGE","2019","Second Notice for this recall"
"21V203","RCMN-21V203-2119.pdf","STARCRAFT","AUTUMN RIDGE","2020","Dometic cooking stoves R1731 R2131 S31 may have gas leak occr at the joint between the gas saddle valve for the burners and the manifold under the burner surface."
"21V203","RCRN-21V203-4533.pdf","STARCRAFT","AUTUMN RIDGE","2020","Second Notice for this recall"
"21V203","RCRN-21V203-4533.pdf","STARCRAFT","GPS","2019","Second Notice for this recall"
"21V203","RCONL-21V203-1448.pdf","STARCRAFT","GPS","2019","Dometic cooking stoves R1731 R2131 S31 may have gas leak occr at the joint between the gas saddle valve for the burners and the manifold under the burner surface."
"21V203","RCMN-21V203-2119.pdf","STARCRAFT","GPS","2020","Dometic cooking stoves R1731 R2131 S31 may have gas leak occr at the joint between the gas saddle valve for the burners and the manifold under the burner surface."
"21V203","RCRN-21V203-4533.pdf","STARCRAFT","GPS","2020","Second Notice for this recall"
"21V203","RCONL-21V203-1448.pdf","STARCRAFT","LAUNCH OUTFITTER","2019","Dometic cooking stoves R1731 R2131 S31 may have gas leak occr at the joint between the gas saddle valve for the burners and the manifold under the burner surface."
"21V203","RCRN-21V203-4533.pdf","STARCRAFT","LAUNCH OUTFITTER","2019","Second Notice for this recall"
"21V203","RCMN-21V203-2119.pdf","STARCRAFT","LAUNCH OUTFITTER","2020","Dometic cooking stoves R1731 R2131 S31 may have gas leak occr at the joint between the gas saddle valve for the burners and the manifold under the burner surface."
"21V203","RCRN-21V203-4533.pdf","STARCRAFT","LAUNCH OUTFITTER","2020","Second Notice for this recall"
"21V203","RCONL-21V203-1448.pdf","STARCRAFT","MOSSY OAK","2019","Dometic cooking stoves R1731 R2131 S31 may have gas leak occr at the joint between the gas saddle valve for the burners and the manifold under the burner surface."
"21V203","RCRN-21V203-4533.pdf","STARCRAFT","MOSSY OAK","2019","Second Notice for this recall"
"21V203","RCRN-21V203-4533.pdf","STARCRAFT","MOSSY OAK","2020","Second Notice for this recall"
"21V203","RCONL-21V203-1448.pdf","STARCRAFT","MOSSY OAK","2020","Dometic cooking stoves R1731 R2131 S31 may have gas leak occr at the joint between the gas saddle valve for the burners and the manifold under the burner surface."
"21V203","RCMN-21V203-2119.pdf","STARCRAFT","MOSSY OAK LITE","2019","Dometic cooking stoves R1731 R2131 S31 may have gas leak occr at the joint between the gas saddle valve for the burners and the manifold under the burner surface."
"21V203","RCRN-21V203-4533.pdf","STARCRAFT","MOSSY OAK LITE","2019","Second Notice for this recall"
"21V203","RCRN-21V203-4533.pdf","STARCRAFT","MOSSY OAK LITE","2020","Second Notice for this recall"
"21V203","RCONL-21V203-1448.pdf","STARCRAFT","MOSSY OAK LITE","2020","Dometic cooking stoves R1731 R2131 S31 may have gas leak occr at the joint between the gas saddle valve for the burners and the manifold under the burner surface."
"21V213","RMISC-21V213-6637.pdf","CHEVROLET","COLORADO","2015","21V213 recall; vehicles may experience loss of power steering assist at startup or while driving; supplemental information to assist dealers in addressing customer questions"
"21V213","RCMN-21V213-6315.pdf","CHEVROLET","COLORADO","2015","21V213 recall; vehicles may experience loss of power steering assist at startup or while driving; dealer notification of available remedy"
"21V213","RCMN-21V213-2225.pdf","CHEVROLET","COLORADO","2015","21V213 recall; vehicle may experience loss of power steering assist; dealer notification of availability of working capital assistance program"
"21V213","RIONL-21V213-3052.pdf","CHEVROLET","COLORADO","2015","21V213 recall; vehicles may experience loss of power steering assist; interim owner notification letter"
"21V213","RCSB-21V213-4201.pdf","CHEVROLET","COLORADO","2015","21V213 recall; vehicles may experience loss of power steering assist at startup or while driving; service bulletin updated with new grease"
"21V213","RCSB-21V213-1883.pdf","CHEVROLET","COLORADO","2015","21V213 recall; vehicles may experience loss of power steering assist at startup or while driving; service bulletin"
"21V213","RCONL-21V213-4199.pdf","CHEVROLET","COLORADO","2015","21V213 recall; these vehicles may experience loss of power steering assist at startup or while driving due to the potential for a poor electrical connection within the steering gear assembly; owner notification"
"21V213","RCMN-21V213-6360.pdf","CHEVROLET","COLORADO","2015","21V213 recall; vehicles may experience loss of power steering assist at startup or while driving; dealer notice that the service bulletin is updated with new grease"
"21V213","RMISC-21V213-5078.pdf","CHEVROLET","COLORADO","2015","21V213 recall; vehicle may experience loss of power assist; dealer notification of upcoming recall"
"21V213","RMISC-21V213-9551.pdf","CHEVROLET","COLORADO","2015","21V213 recall; vehicle may experience loss of power steering; 573 chronology"
"21V213","RMISC-21V213-9272.pdf","CHEVROLET","COLORADO","2015","21V213 recall; vehicle may experience loss of power assist; supplemental information to assist dealers in addressing customer questions"
"21V213","RCMN-21V213-6315.pdf","GMC","CANYON","2015","21V213 recall; vehicles may experience loss of power steering assist at startup or while driving; dealer notification of available remedy"
"21V213","RCMN-21V213-2225.pdf","GMC","CANYON","2015","21V213 recall; vehicle may experience loss of power steering assist; dealer notification of availability of working capital assistance program"
"21V213","RCMN-21V213-6360.pdf","GMC","CANYON","2015","21V213 recall; vehicles may experience loss of power steering assist at startup or while driving; dealer notice that the service bulletin is updated with new grease"
"21V213","RCONL-21V213-4199.pdf","GMC","CANYON","2015","21V213 recall; these vehicles may experience loss of power steering assist at startup or while driving due to the potential for a poor electrical connection within the steering gear assembly; owner notification"
"21V213","RCSB-21V213-1883.pdf","GMC","CANYON","2015","21V213 recall; vehicles may experience loss of power steering assist at startup or while driving; service bulletin"
"21V213","RCSB-21V213-4201.pdf","GMC","CANYON","2015","21V213 recall; vehicles may experience loss of power steering assist at startup or while driving; service bulletin updated with new grease"
"21V213","RIONL-21V213-3052.pdf","GMC","CANYON","2015","21V213 recall; vehicles may experience loss of power steering assist; interim owner notification letter"
"21V213","RMISC-21V213-6386.pdf","GMC","CANYON","2015","21V213 recall; vehicles may experience loss of power steering assist at startup or while driving; supplemental information to assist dealers in addressing customer questions"
"21V213","RMISC-21V213-9272.pdf","GMC","CANYON","2015","21V213 recall; vehicle may experience loss of power assist; supplemental information to assist dealers in addressing customer questions"
"21V213","RMISC-21V213-9551.pdf","GMC","CANYON","2015","21V213 recall; vehicle may experience loss of power steering; 573 chronology"
"21V213","RMISC-21V213-5078.pdf","GMC","CANYON","2015","21V213 recall; vehicle may experience loss of power assist; dealer notification of upcoming recall"
"21V271","RCRIT-21V271-9135.pdf","PORSCHE","CAYENNE","2021","Actual copy of updated Remedy instructions are attached."
"21V271","RCMN-21V271-0975.pdf","PORSCHE","CAYENNE","2021","Actual copy of notice is attached"
"21V271","RCONL-21V271-8964.pdf","PORSCHE","CAYENNE","2021","Actual copy of owner notification letter is attached"
"21V271","RONE-21V271-7281.pdf","PORSCHE","CAYENNE","2021","Actual copy of owner notification letter envelope is attached"
"21V271","RMRP-21V271-8999.pdf","PORSCHE","CAYENNE","2021","Actual copy of general reimbursement plan is attached"
"21V271","RCRIT-21V271-4748.pdf","PORSCHE","CAYENNE","2021","Actual copy of TSB is attached"
"21V303","RIONL-21V303-2412.pdf","HYUNDAI","SANTA FE SPORT","2013","The subject vehicles are equipped with Anti-Lock Brake System (ABS) modules that could leak brake fluid internally and cause an electrical short over time. An electrical short could result in significant overcurrent in the ABS module increasing the risk of an engine compartment fire while parked or driving."
"21V303","RCONL-21V303-6181.pdf","HYUNDAI","SANTA FE SPORT","2013","The subject vehicles are equipped with Anti-Lock Brake System (ABS) modules that could leak brake fluid internally and cause an
electrical short over time. An electrical short could result in significant overcurrent in the ABS module increasing the risk of an engine
compartment fire while parked or driving."
"21V303","RCMN-21V303-3049.pdf","HYUNDAI","SANTA FE SPORT","2013","Certain 2013-2015MY Santa Fe Sport (AN) vehicles equipped with Anti-lock Brake
System (ABS) modules may leak brake fluid internally and cause an electrical short over time. An
electrical short in the ABS module could increase the risk of an engine compartment fire. This bulletin
describes the procedure to inspect the ABS module, replace the multi-fuse, and if necessary replace
the ABS module."
"21V303","RCRIT-21V303-2514.pdf","HYUNDAI","SANTA FE SPORT","2014","Certain 2013-2015MY Santa Fe Sport (AN) vehicles equipped with Anti-lock Brake
System (ABS) modules may leak brake fluid internally and cause an electrical short over time. An
electrical short in the ABS module could increase the risk of an engine compartment fire. This bulletin
describes the procedure to inspect the ABS module, replace the multi-fuse, and if necessary replace
the ABS module."
"21V303","RCONL-21V303-6181.pdf","HYUNDAI","SANTA FE SPORT","2014","The subject vehicles are equipped with Anti-Lock Brake System (ABS) modules that could leak brake fluid internally and cause an
electrical short over time. An electrical short could result in significant overcurrent in the ABS module increasing the risk of an engine
compartment fire while parked or driving."
"21V303","RMISC-21V303-0995.pdf","HYUNDAI","SANTA FE SPORT","2014","The subject vehicles are equipped with Anti-Lock Brake System (ABS) modules that could leak brake fluid internally and cause an electrical short over time. An electrical short could result in significant overcurrent in the ABS module increasing the risk of an engine compartment fire while parked or driving."
"21V303","RIONL-21V303-2412.pdf","HYUNDAI","SANTA FE SPORT","2015","The subject vehicles are equipped with Anti-Lock Brake System (ABS) modules that could leak brake fluid internally and cause an electrical short over time. An electrical short could result in significant overcurrent in the ABS module increasing the risk of an engine compartment fire while parked or driving."
"21V303","RCRIT-21V303-2514.pdf","HYUNDAI","SANTA FE SPORT","2015","Certain 2013-2015MY Santa Fe Sport (AN) vehicles equipped with Anti-lock Brake
System (ABS) modules may leak brake fluid internally and cause an electrical short over time. An
electrical short in the ABS module could increase the risk of an engine compartment fire. This bulletin
describes the procedure to inspect the ABS module, replace the multi-fuse, and if necessary replace
the ABS module."
"21V303","RCONL-21V303-6181.pdf","HYUNDAI","SANTA FE SPORT","2015","The subject vehicles are equipped with Anti-Lock Brake System (ABS) modules that could leak brake fluid internally and cause an
electrical short over time. An electrical short could result in significant overcurrent in the ABS module increasing the risk of an engine
compartment fire while parked or driving."
"21V316","RMISC-21V316-3414.pdf","FORD","EXPLORER","2016","21S22 media correspondence"
"21V316","RCMN-21V316-7487.pdf","FORD","EXPLORER","2016","NEW VEHICLE DEMONSTRATION / DELIVERY HOLD - Advance Notice 
Safety Recall 21S22
Certain 2016 - 2019 Model Year Explorer Vehicles equipped with Painted Roof Rails
Roof Rail Cover Detachment"
"21V316","RCMN-21V316-3980.pdf","FORD","EXPLORER","2016","NEW VEHICLE DEMONSTRATION / DELIVERY HOLD -
Safety Recall 21S22
Certain 2016 - 2019 Model Year Explorer Vehicles equipped with Painted Roof Rail
Covers
Roof Rail Cover Detachment"
"21V316","RCONL-21V316-4477.pdf","FORD","EXPLORER","2016","21S22 owner letter.  Mailed October 1, 2021"
"21V316","RCONL-21V316-6124.pdf","FORD","EXPLORER","2016","21S22 Owner Letter Phase 2 Mailed October 15, 2021"
"21V316","RCRN-21V316-0867.pdf","FORD","EXPLORER","2016","21S22 Renotification.  Mailed April 8, 2024"
"21V316","RCRN-21V316-1170.pdf","FORD","EXPLORER","2016","21S22 Renot.  Mailed February 3, 2025"
"21V316","RCRN-21V316-3373.pdf","FORD","EXPLORER","2016","21S22 renotification.  Mailed March 2, 2022"
"21V316","RCRN-21V316-9677.pdf","FORD","EXPLORER","2016","21S22 Renotification.  Mailed April 3, 2023"
"21V316","RIONL-21V316-5725.pdf","FORD","EXPLORER","2016","21S22 interim owner letter.  Mailed June 22, 2021"
"21V316","RMISC-21V316-0418.pdf","FORD","EXPLORER","2016","Chronology"
"21V316","RCRN-21V316-3373.pdf","FORD","EXPLORER","2017","21S22 renotification.  Mailed March 2, 2022"
"21V316","RCMN-21V316-7487.pdf","FORD","EXPLORER","2017","NEW VEHICLE DEMONSTRATION / DELIVERY HOLD - Advance Notice 
Safety Recall 21S22
Certain 2016 - 2019 Model Year Explorer Vehicles equipped with Painted Roof Rails
Roof Rail Cover Detachment"
"21V316","RCONL-21V316-6124.pdf","FORD","EXPLORER","2017","21S22 Owner Letter Phase 2 Mailed October 15, 2021"
"21V316","RCRN-21V316-0867.pdf","FORD","EXPLORER","2017","21S22 Renotification.  Mailed April 8, 2024"
"21V316","RCRN-21V316-1170.pdf","FORD","EXPLORER","2017","21S22 Renot.  Mailed February 3, 2025"
"21V316","RCRN-21V316-9677.pdf","FORD","EXPLORER","2017","21S22 Renotification.  Mailed April 3, 2023"
"21V316","RIONL-21V316-5725.pdf","FORD","EXPLORER","2017","21S22 interim owner letter.  Mailed June 22, 2021"
"21V316","RMISC-21V316-0418.pdf","FORD","EXPLORER","2017","Chronology"
"21V316","RMISC-21V316-3414.pdf","FORD","EXPLORER","2017","21S22 media correspondence"
"21V316","RCMN-21V316-3980.pdf","FORD","EXPLORER","2017","NEW VEHICLE DEMONSTRATION / DELIVERY HOLD -
Safety Recall 21S22
Certain 2016 - 2019 Model Year Explorer Vehicles equipped with Painted Roof Rail
Covers
Roof Rail Cover Detachment"
"21V316","RCONL-21V316-4477.pdf","FORD","EXPLORER","2017","21S22 owner letter.  Mailed October 1, 2021"
"21V316","RCMN-21V316-7487.pdf","FORD","EXPLORER","2018","NEW VEHICLE DEMONSTRATION / DELIVERY HOLD - Advance Notice 
Safety Recall 21S22
Certain 2016 - 2019 Model Year Explorer Vehicles equipped with Painted Roof Rails
Roof Rail Cover Detachment"
"21V316","RMISC-21V316-3414.pdf","FORD","EXPLORER","2018","21S22 media correspondence"
"21V316","RMISC-21V316-0418.pdf","FORD","EXPLORER","2018","Chronology"
"21V331","RCRN-21V331-0579.pdf","KIA","OPTIMA","2013","This document is a renotification notice to owners of certain 2013-2015 MY Optima vehicles who have not had the safety recall completed on their vehicles.  The notice request the owners schedule an appointment to have the recall performed."
"21V331","RCRN-21V331-0330.pdf","KIA","OPTIMA","2013","Renotification Owner Letter renotifies the customer of the outstanding safety recall campaign relating to the HECU, what the concern is, what Kia will do, and what the customer should do when they receive the notice. It will also advise them of the steps to take to submit documents for review of possible reimbursement if they have had previous repairs for the recalled part."
"21V331","RCONL-21V331-7827.pdf","KIA","OPTIMA","2013","This document is the Owner Notification Letter to Sorento vehicle owners advising them of the Safety Recall regarding the HECU."
"21V331","RCONL-21V331-1795.pdf","KIA","OPTIMA","2013","This document is the Owner Notification Letter to the Optima vehicle owners of the Safety Recall Campaign regarding the Hydraulic Electronic Control Unit (HECU)"
"21V331","RCMN-21V331-6076.pdf","KIA","OPTIMA","2013","This document is the Notification to Dealer Principals advising them of the Safety Recall regarding the Hydraulic Electronic Control Unit (HECU) - SC212."
"21V331","RCMN-21V331-3888.pdf","KIA","OPTIMA","2013","This document is notice to the Dealer Parts & Service Managers of the Safety Recall on the Hydraulic Electronic Control Unit (HECU) - SC212."
"21V331","RCRN-21V331-3671.pdf","KIA","OPTIMA","2013","This document is a renotification notice to 2014-2015 MY Sorento vehicle owners who have not had the safety recall performed on their vehicles requesting that they contact a Kia dealer to have the recall completed."
"21V331","RMISC-21V331-6336.pdf","KIA","OPTIMA","2013","This document is the Request for Reimbursement Form which was sent to the vehicle owners to submit in the event they paid for any repairs related to the recall prior to its issuance."
"21V331","RMISC-21V331-3061.pdf","KIA","OPTIMA","2013","This document is the QA for SC212, which provides Frequently Asked Questions and Answers regarding the Safety Recall Campaign."
"21V331","RCONL-21V331-7827.pdf","KIA","OPTIMA","2014","This document is the Owner Notification Letter to Sorento vehicle owners advising them of the Safety Recall regarding the HECU."
"21V331","RCRN-21V331-0579.pdf","KIA","OPTIMA","2014","This document is a renotification notice to owners of certain 2013-2015 MY Optima vehicles who have not had the safety recall completed on their vehicles.  The notice request the owners schedule an appointment to have the recall performed."
"21V331","RCRN-21V331-2529.pdf","KIA","OPTIMA","2014","Renotification Owner Letter renotifies the customer of the outstanding safety recall campaign relating to the HECU, what the concern is, what Kia will do, and what the customer should do when they receive the notice. It will also advise them of the steps to take to submit documents for review of possible reimbursement if they have had previous repairs for the recalled part."
"21V331","RCRN-21V331-3671.pdf","KIA","OPTIMA","2014","This document is a renotification notice to 2014-2015 MY Sorento vehicle owners who have not had the safety recall performed on their vehicles requesting that they contact a Kia dealer to have the recall completed."
"21V331","RMISC-21V331-6336.pdf","KIA","OPTIMA","2014","This document is the Request for Reimbursement Form which was sent to the vehicle owners to submit in the event they paid for any repairs related to the recall prior to its issuance."
"21V331","RMISC-21V331-3061.pdf","KIA","OPTIMA","2014","This document is the QA for SC212, which provides Frequently Asked Questions and Answers regarding the Safety Recall Campaign."
"21V331","RCMN-21V331-3888.pdf","KIA","OPTIMA","2014","This document is notice to the Dealer Parts & Service Managers of the Safety Recall on the Hydraulic Electronic Control Unit (HECU) - SC212."
"21V331","RCMN-21V331-6076.pdf","KIA","OPTIMA","2014","This document is the Notification to Dealer Principals advising them of the Safety Recall regarding the Hydraulic Electronic Control Unit (HECU) - SC212."
"21V331","RCONL-21V331-1795.pdf","KIA","OPTIMA","2014","This document is the Owner Notification Letter to the Optima vehicle owners of the Safety Recall Campaign regarding the Hydraulic Electronic Control Unit (HECU)"
"21V331","RCRN-21V331-2529.pdf","KIA","OPTIMA","2015","Renotification Owner Letter renotifies the customer of the outstanding safety recall campaign relating to the HECU, what the concern is, what Kia will do, and what the customer should do when they receive the notice. It will also advise them of the steps to take to submit documents for review of possible reimbursement if they have had previous repairs for the recalled part."
"21V331","RCMN-21V331-6076.pdf","KIA","OPTIMA","2015","This document is the Notification to Dealer Principals advising them of the Safety Recall regarding the Hydraulic Electronic Control Unit (HECU) - SC212."
"21V331","RMISC-21V331-3061.pdf","KIA","OPTIMA","2015","This document is the QA for SC212, which provides Frequently Asked Questions and Answers regarding the Safety Recall Campaign."
"21V331","RMISC-21V331-6336.pdf","KIA","OPTIMA","2015","This document is the Request for Reimbursement Form which was sent to the vehicle owners to submit in the event they paid for any repairs related to the recall prior to its issuance."
"21V331","RCRN-21V331-0579.pdf","KIA","OPTIMA","2015","This document is a renotification notice to owners of certain 2013-2015 MY Optima vehicles who have not had the safety recall completed on their vehicles.  The notice request the owners schedule an appointment to have the recall performed."
"21V331","RCONL-21V331-7827.pdf","KIA","OPTIMA","2015","This document is the Owner Notification Letter to Sorento vehicle owners advising them of the Safety Recall regarding the HECU."
"21V331","RCONL-21V331-1795.pdf","KIA","OPTIMA","2015","This document is the Owner Notification Letter to the Optima vehicle owners of the Safety Recall Campaign regarding the Hydraulic Electronic Control Unit (HECU)"
"21V345","RCRIT-21V345-2437.pdf","AIRSTREAM","FLYING CLOUD","2020","The remedy instructions include a description of the potential failure, as well as a description of what could happen if Furrion stove flame were to become inverted. We have provided the range of vehicles involved, along with serial numbers, and model year. Detailed instructions to complete the remedy have been provided, as well as a flat rate to complete the recall process when submitting a claim for reimbursement.  We have provided them Airstreams contact information."
"21V345","RCRIT-21V345-2437.pdf","AIRSTREAM","FLYING CLOUD","2021","The remedy instructions include a description of the potential failure, as well as a description of what could happen if Furrion stove flame were to become inverted. We have provided the range of vehicles involved, along with serial numbers, and model year. Detailed instructions to complete the remedy have been provided, as well as a flat rate to complete the recall process when submitting a claim for reimbursement.  We have provided them Airstreams contact information."
"21V345","RCRIT-21V345-2437.pdf","AIRSTREAM","INTERNATIONAL","2020","The remedy instructions include a description of the potential failure, as well as a description of what could happen if Furrion stove flame were to become inverted. We have provided the range of vehicles involved, along with serial numbers, and model year. Detailed instructions to complete the remedy have been provided, as well as a flat rate to complete the recall process when submitting a claim for reimbursement.  We have provided them Airstreams contact information."
"21V345","RCRIT-21V345-2437.pdf","AIRSTREAM","INTERNATIONAL","2021","The remedy instructions include a description of the potential failure, as well as a description of what could happen if Furrion stove flame were to become inverted. We have provided the range of vehicles involved, along with serial numbers, and model year. Detailed instructions to complete the remedy have been provided, as well as a flat rate to complete the recall process when submitting a claim for reimbursement.  We have provided them Airstreams contact information."
"21V391","RCONL-21V391-7036.pdf","KENWORTH","T270","2018","Cummins 577 letter to a Kenworth customer"
"21V391","RCONL-21V391-7036.pdf","KENWORTH","T270","2019","Cummins 577 letter to a Kenworth customer"
"21V391","RCONL-21V391-7036.pdf","KENWORTH","T270","2020","Cummins 577 letter to a Kenworth customer"
"21V391","RCONL-21V391-7036.pdf","KENWORTH","T270","2021","Cummins 577 letter to a Kenworth customer"
"21V391","RCONL-21V391-7036.pdf","KENWORTH","T370","2018","Cummins 577 letter to a Kenworth customer"
"21V391","RCONL-21V391-7036.pdf","KENWORTH","T370","2019","Cummins 577 letter to a Kenworth customer"
"21V391","RCONL-21V391-7036.pdf","KENWORTH","T370","2020","Cummins 577 letter to a Kenworth customer"
"21V391","RCONL-21V391-7036.pdf","KENWORTH","T370","2021","Cummins 577 letter to a Kenworth customer"
"21V391","RCONL-21V391-7036.pdf","KENWORTH","T440","2018","Cummins 577 letter to a Kenworth customer"
"21V391","RCONL-21V391-7036.pdf","KENWORTH","T440","2019","Cummins 577 letter to a Kenworth customer"
"21V391","RCONL-21V391-7036.pdf","KENWORTH","T440","2020","Cummins 577 letter to a Kenworth customer"
"21V391","RCONL-21V391-7036.pdf","KENWORTH","T440","2021","Cummins 577 letter to a Kenworth customer"
"21V391","RCONL-21V391-7036.pdf","KENWORTH","T470","2018","Cummins 577 letter to a Kenworth customer"
"21V391","RCONL-21V391-7036.pdf","KENWORTH","T470","2019","Cummins 577 letter to a Kenworth customer"
"21V391","RCONL-21V391-7036.pdf","KENWORTH","T470","2020","Cummins 577 letter to a Kenworth customer"
"21V391","RCONL-21V391-7036.pdf","KENWORTH","T470","2021","Cummins 577 letter to a Kenworth customer"
"21V391","RCONL-21V391-7036.pdf","KENWORTH","T800","2018","Cummins 577 letter to a Kenworth customer"
"21V391","RCONL-21V391-7036.pdf","KENWORTH","T800","2019","Cummins 577 letter to a Kenworth customer"
"21V391","RCONL-21V391-7036.pdf","KENWORTH","T800","2020","Cummins 577 letter to a Kenworth customer"
"21V391","RCONL-21V391-7036.pdf","KENWORTH","T800B","2021","Cummins 577 letter to a Kenworth customer"
"21V391","RCONL-21V391-7036.pdf","KENWORTH","T880","2018","Cummins 577 letter to a Kenworth customer"
"21V391","RCONL-21V391-7036.pdf","KENWORTH","T880","2019","Cummins 577 letter to a Kenworth customer"
"21V391","RCONL-21V391-7036.pdf","KENWORTH","T880","2020","Cummins 577 letter to a Kenworth customer"
"21V391","RCONL-21V391-7036.pdf","KENWORTH","T880","2021","Cummins 577 letter to a Kenworth customer"
"21V391","RCONL-21V391-7036.pdf","PETERBILT","337","2018","Cummins 577 letter to a Kenworth customer"
"21V464","RCONL-21V464-3885.pdf","ALTEC","AERIAL DEVICE","2020","Altec has discovered that Grade 5 pedestal mounting cap screws may have been installed instead of the required Grade 8 cap screws on the affected units. Grade 5 cap screws, as installed, may be overstressed in this application. This could result in cap screw failure and ultimately in separation of the pedestal from the mounting frame. Death or serious injury can result from pedestal separation.  The pedestal mounting cap screws must be inspected on all affected units no later than the next periodic maintenance interval or 30 days from the receipt of this CSN, whichever comes first."
"21V464","RCONL-21V464-3885.pdf","ALTEC","AERIAL DEVICE","2021","Altec has discovered that Grade 5 pedestal mounting cap screws may have been installed instead of the required Grade 8 cap screws on the affected units. Grade 5 cap screws, as installed, may be overstressed in this application. This could result in cap screw failure and ultimately in separation of the pedestal from the mounting frame. Death or serious injury can result from pedestal separation.  The pedestal mounting cap screws must be inspected on all affected units no later than the next periodic maintenance interval or 30 days from the receipt of this CSN, whichever comes first."
"21V578","RMISC-21V578-8219.pdf","CHEVROLET","SILVERADO 2500","2020","21V578 recall; if the 17 spare tire is installed at one of the rear locations in these vehicles while one of the listed accessory tires is installed in the other rear location, differences in revolutions per kilometer (RPK) between the rear tires may prevent the anti-lock braking system (ABS) from controlling the rear wheels independently on low friction surfaces; supplemental information to assist dealer in addressing customer questions"
"21V578","RCMN-21V578-3179.pdf","CHEVROLET","SILVERADO 2500","2020","21V578 recall; if the 17 spare tire is installed at one of the rear locations in these vehicles while one of the listed accessory tires is installed in the other rear location, differences in revolutions per kilometer (RPK) between the rear tires may prevent the anti-lock braking system (ABS) from controlling the rear wheels independently on low friction surfaces; dealer notification of upcoming recall"
"21V578","RCMN-21V578-6332.pdf","CHEVROLET","SILVERADO 2500","2020","N212329780 recall; if the 17 spare tire is installed at one of the rear locations in these vehicles while one of the listed accessory tires is installed in the other rear location, differences in revolutions per kilometer (RPK) between the rear tires may prevent the anti-lock braking system (ABS) from controlling the rear wheels independently on low friction surfaces; dealer notification of recall launch"
"21V578","RCSB-21V578-1345.pdf","CHEVROLET","SILVERADO 2500","2020","N212329780 recall; if the 17 spare tire is installed at one of the rear locations in these vehicles while one of the listed accessory tires is installed in the other rear location, differences in revolutions per kilometer (RPK) between the rear tires may prevent the anti-lock braking system (ABS) from controlling the rear wheels independently on low friction surfaces; service bulletin"
"21V578","RCMN-21V578-7533.pdf","CHEVROLET","SILVERADO 2500","2020","N212329780 recall; If the 17 spare tire is installed at one of the rear locations in these vehicles while one of the accessory tires is installed in the other rear location, differences in revolutions per kilometer (RPK) between the rear tires may prevent the anti-lock braking system (ABS) from controlling the rear wheels independently on low friction surfaces; dealer notice that the  bulletin is revised to include additional information in the parts section"
"21V578","RMISC-21V578-4997.pdf","CHEVROLET","SILVERADO 2500","2020","N212329780 recall; if the 17 spare tire is installed at one of the rear locations in these vehicles while one of the listed accessory tires is installed in the other rear location, differences in revolutions per kilometer (RPK) between the rear tires may prevent the anti-lock braking system (ABS) from controlling the rear wheels independently on low friction surfaces; supplemental information to assist dealers in addressing customer questions"
"21V578","RIONL-21V578-5746.pdf","CHEVROLET","SILVERADO 2500","2020","21V578 recall; if the 17 spare tire is installed at one of the rear locations in these vehicles while one of the listed accessory tires is installed in the other rear location, differences in revolutions per kilometer (RPK) between the rear tires may prevent the anti-lock braking system (ABS) from controlling the rear wheels independently on low friction surfaces; interim owner notification"
"21V578","RMISC-21V578-2029.pdf","CHEVROLET","SILVERADO 2500","2020","N212329780 recall; If the 17 spare tire is installed at one of the rear locations in these vehicles while one of the accessory tires is installed in the other rear location, differences in revolutions per kilometer (RPK) between the rear tires may prevent the anti-lock braking system (ABS) from controlling the rear wheels independently on low friction surfaces; supplemental information to assist dealers in addressing customer questions"
"21V578","RCSB-21V578-8542.pdf","CHEVROLET","SILVERADO 2500","2020","N212329780 recall; If the 17 spare tire is installed at one of the rear locations in these vehicles while one of the accessory tires is installed in the other rear location, differences in revolutions per kilometer (RPK) between the rear tires may prevent the anti-lock braking system (ABS) from controlling the rear wheels independently on low friction surfaces; bulletin revised to include additional information in the parts section"
"21V578","RCONL-21V578-0576.pdf","CHEVROLET","SILVERADO 2500","2020","N212329780 recall; if the 17 spare tire is installed at one of the rear locations in these vehicles while one of the listed accessory tires is installed in the other rear location, differences in revolutions per kilometer (RPK) between the rear tires may prevent the anti-lock braking system (ABS) from controlling the rear wheels independently on low friction surfaces; owner notification"
"21V578","RMISC-21V578-8219.pdf","CHEVROLET","SILVERADO 2500","2021","21V578 recall; if the 17 spare tire is installed at one of the rear locations in these vehicles while one of the listed accessory tires is installed in the other rear location, differences in revolutions per kilometer (RPK) between the rear tires may prevent the anti-lock braking system (ABS) from controlling the rear wheels independently on low friction surfaces; supplemental information to assist dealer in addressing customer questions"
"21V578","RCSB-21V578-8542.pdf","CHEVROLET","SILVERADO 2500","2021","N212329780 recall; If the 17 spare tire is installed at one of the rear locations in these vehicles while one of the accessory tires is installed in the other rear location, differences in revolutions per kilometer (RPK) between the rear tires may prevent the anti-lock braking system (ABS) from controlling the rear wheels independently on low friction surfaces; bulletin revised to include additional information in the parts section"
"21V578","RCMN-21V578-6332.pdf","CHEVROLET","SILVERADO 2500","2021","N212329780 recall; if the 17 spare tire is installed at one of the rear locations in these vehicles while one of the listed accessory tires is installed in the other rear location, differences in revolutions per kilometer (RPK) between the rear tires may prevent the anti-lock braking system (ABS) from controlling the rear wheels independently on low friction surfaces; dealer notification of recall launch"
"21V578","RCMN-21V578-7533.pdf","CHEVROLET","SILVERADO 2500","2021","N212329780 recall; If the 17 spare tire is installed at one of the rear locations in these vehicles while one of the accessory tires is installed in the other rear location, differences in revolutions per kilometer (RPK) between the rear tires may prevent the anti-lock braking system (ABS) from controlling the rear wheels independently on low friction surfaces; dealer notice that the  bulletin is revised to include additional information in the parts section"
"21V578","RCONL-21V578-0576.pdf","CHEVROLET","SILVERADO 2500","2021","N212329780 recall; if the 17 spare tire is installed at one of the rear locations in these vehicles while one of the listed accessory tires is installed in the other rear location, differences in revolutions per kilometer (RPK) between the rear tires may prevent the anti-lock braking system (ABS) from controlling the rear wheels independently on low friction surfaces; owner notification"
"21V578","RCSB-21V578-1345.pdf","CHEVROLET","SILVERADO 2500","2021","N212329780 recall; if the 17 spare tire is installed at one of the rear locations in these vehicles while one of the listed accessory tires is installed in the other rear location, differences in revolutions per kilometer (RPK) between the rear tires may prevent the anti-lock braking system (ABS) from controlling the rear wheels independently on low friction surfaces; service bulletin"
"21V578","RIONL-21V578-5746.pdf","CHEVROLET","SILVERADO 2500","2021","21V578 recall; if the 17 spare tire is installed at one of the rear locations in these vehicles while one of the listed accessory tires is installed in the other rear location, differences in revolutions per kilometer (RPK) between the rear tires may prevent the anti-lock braking system (ABS) from controlling the rear wheels independently on low friction surfaces; interim owner notification"
"21V578","RMISC-21V578-2029.pdf","CHEVROLET","SILVERADO 2500","2021","N212329780 recall; If the 17 spare tire is installed at one of the rear locations in these vehicles while one of the accessory tires is installed in the other rear location, differences in revolutions per kilometer (RPK) between the rear tires may prevent the anti-lock braking system (ABS) from controlling the rear wheels independently on low friction surfaces; supplemental information to assist dealers in addressing customer questions"
"21V578","RMISC-21V578-4997.pdf","CHEVROLET","SILVERADO 2500","2021","N212329780 recall; if the 17 spare tire is installed at one of the rear locations in these vehicles while one of the listed accessory tires is installed in the other rear location, differences in revolutions per kilometer (RPK) between the rear tires may prevent the anti-lock braking system (ABS) from controlling the rear wheels independently on low friction surfaces; supplemental information to assist dealers in addressing customer questions"
"21V578","RCMN-21V578-3179.pdf","CHEVROLET","SILVERADO 2500","2021","21V578 recall; if the 17 spare tire is installed at one of the rear locations in these vehicles while one of the listed accessory tires is installed in the other rear location, differences in revolutions per kilometer (RPK) between the rear tires may prevent the anti-lock braking system (ABS) from controlling the rear wheels independently on low friction surfaces; dealer notification of upcoming recall"
"21V578","RCSB-21V578-1345.pdf","GMC","SIERRA 2500","2020","N212329780 recall; if the 17 spare tire is installed at one of the rear locations in these vehicles while one of the listed accessory tires is installed in the other rear location, differences in revolutions per kilometer (RPK) between the rear tires may prevent the anti-lock braking system (ABS) from controlling the rear wheels independently on low friction surfaces; service bulletin"
"21V578","RCSB-21V578-8542.pdf","GMC","SIERRA 2500","2020","N212329780 recall; If the 17 spare tire is installed at one of the rear locations in these vehicles while one of the accessory tires is installed in the other rear location, differences in revolutions per kilometer (RPK) between the rear tires may prevent the anti-lock braking system (ABS) from controlling the rear wheels independently on low friction surfaces; bulletin revised to include additional information in the parts section"
"21V578","RCONL-21V578-0576.pdf","GMC","SIERRA 2500","2020","N212329780 recall; if the 17 spare tire is installed at one of the rear locations in these vehicles while one of the listed accessory tires is installed in the other rear location, differences in revolutions per kilometer (RPK) between the rear tires may prevent the anti-lock braking system (ABS) from controlling the rear wheels independently on low friction surfaces; owner notification"
"21V578","RCMN-21V578-7533.pdf","GMC","SIERRA 2500","2020","N212329780 recall; If the 17 spare tire is installed at one of the rear locations in these vehicles while one of the accessory tires is installed in the other rear location, differences in revolutions per kilometer (RPK) between the rear tires may prevent the anti-lock braking system (ABS) from controlling the rear wheels independently on low friction surfaces; dealer notice that the  bulletin is revised to include additional information in the parts section"
"21V578","RCMN-21V578-6332.pdf","GMC","SIERRA 2500","2020","N212329780 recall; if the 17 spare tire is installed at one of the rear locations in these vehicles while one of the listed accessory tires is installed in the other rear location, differences in revolutions per kilometer (RPK) between the rear tires may prevent the anti-lock braking system (ABS) from controlling the rear wheels independently on low friction surfaces; dealer notification of recall launch"
"21V579","RCSB-21V579-6204.pdf","CHEVROLET","TAHOE","2021","21V579 recall; service technicians may have programmed these vehicles brake system control modules (BSCM) with incorrect calibrations; bulletin is revised to include a copy of the owner notification"
"21V579","RCSB-21V579-5638.pdf","CHEVROLET","TAHOE","2021","21V579 recall; this condition may adversely impact the operation or sensitivity of certain vehicle systems, including electronic stability control, traction control, and anti-lock braking, or cause the loss of trailer braking while towing; service bulletin"
"21V579","RMISC-21V579-5766.pdf","CHEVROLET","TAHOE","2021","21V579 recall; service technicians may have programmed these vehicles brake system control modules (BSCM) with incorrect calibrations; supplemental information to assist dealers in addressing customer questions"
"21V579","RCMN-21V579-9940.pdf","CHEVROLET","TAHOE","2021","21V579 recall; this condition may adversely impact the operation or sensitivity of certain vehicle systems, including electronic stability control, traction control, and anti-lock braking, or cause the loss of trailer braking while towing; dealer notification"
"21V579","RMISC-21V579-7760.pdf","CHEVROLET","TAHOE","2021","21V579 recall; this condition may adversely impact the operation or sensitivity of certain vehicle systems, including electronic stability control, traction control, and anti-lock braking, or cause the loss of trailer braking while towing; supplemental information to assist dealers in addressing customer questions"
"21V579","RCMN-21V579-8043.pdf","CHEVROLET","TAHOE","2021","21V579 recall; service technicians may have programmed these vehicles brake system control modules (BSCM) with incorrect calibrations; dealer notice that bulletin is revised to include a copy of the owner notification"
"21V579","RCONL-21V579-0379.pdf","CHEVROLET","TAHOE","2021","21V579 recall; service technicians programmed these vehicles brake system control modules (BSCM) with incorrect calibrations, adversely impacting the operation or sensitivity of certain vehicle systems, including electronic stability control, traction control, and anti-lock braking, or trailer braking while towing; owner notification letter"
"21V579","RMISC-21V579-7760.pdf","GMC","YUKON","2021","21V579 recall; this condition may adversely impact the operation or sensitivity of certain vehicle systems, including electronic stability control, traction control, and anti-lock braking, or cause the loss of trailer braking while towing; supplemental information to assist dealers in addressing customer questions"
"21V579","RCSB-21V579-6204.pdf","GMC","YUKON","2021","21V579 recall; service technicians may have programmed these vehicles brake system control modules (BSCM) with incorrect calibrations; bulletin is revised to include a copy of the owner notification"
"21V579","RCSB-21V579-5638.pdf","GMC","YUKON","2021","21V579 recall; this condition may adversely impact the operation or sensitivity of certain vehicle systems, including electronic stability control, traction control, and anti-lock braking, or cause the loss of trailer braking while towing; service bulletin"
"21V579","RCMN-21V579-8043.pdf","GMC","YUKON","2021","21V579 recall; service technicians may have programmed these vehicles brake system control modules (BSCM) with incorrect calibrations; dealer notice that bulletin is revised to include a copy of the owner notification"
"21V579","RCONL-21V579-0379.pdf","GMC","YUKON","2021","21V579 recall; service technicians programmed these vehicles brake system control modules (BSCM) with incorrect calibrations, adversely impacting the operation or sensitivity of certain vehicle systems, including electronic stability control, traction control, and anti-lock braking, or trailer braking while towing; owner notification letter"
"21V579","RMISC-21V579-5766.pdf","GMC","YUKON","2021","21V579 recall; service technicians may have programmed these vehicles brake system control modules (BSCM) with incorrect calibrations; supplemental information to assist dealers in addressing customer questions"
"21V579","RCMN-21V579-9940.pdf","GMC","YUKON","2021","21V579 recall; this condition may adversely impact the operation or sensitivity of certain vehicle systems, including electronic stability control, traction control, and anti-lock braking, or cause the loss of trailer braking while towing; dealer notification"
"21V596","RCMN-21V596-5567.pdf","MITSUBISHI","OUTLANDER","2022","TIN sent to dealers to provide instructions for completing repairs without causing damage to subcomponents."
"21V596","RCRIT-21V596-5013.pdf","MITSUBISHI","OUTLANDER","2022","Revision to update repair instructions."
"21V596","RCRIT-21V596-5620.pdf","MITSUBISHI","OUTLANDER","2022","Recall bulletin submitted to dealers"
"21V596","RCMN-21V596-2057.pdf","MITSUBISHI","OUTLANDER","2022","Technical Information Notice sent to dealers informing them of the customer letter mailing."
"21V596","RCMN-21V596-4175.pdf","MITSUBISHI","OUTLANDER","2022","TIN sent to dealer to bring awareness to the importance of clearing DTCs"
"21V596","RCRIT-21V596-6097.pdf","MITSUBISHI","OUTLANDER","2022","This Revised Recall Bulletin was sent to dealers to provide further instruct for repairs."
"21V596","RCRIT-21V596-6203.pdf","MITSUBISHI","OUTLANDER","2022","Revised bulletin to correct part numbers"
"21V596","RCMN-21V596-8263.pdf","MITSUBISHI","OUTLANDER","2022","Notice to dealers informing them of the recall"
"21V596","RCONL-21V596-1792.pdf","MITSUBISHI","OUTLANDER","2022","Customer Notification Letter informing them of the recall."
"21V596","RCRN-21V596-3679.pdf","MITSUBISHI","OUTLANDER","2022","This recall is part of an Email / MMS / Social Media Renotification Campaign occurring from 2/1/2024 to 4/30/2024."
"21V611","RCSB-21V611-1108.pdf","CADILLAC","CT4","2020","21V611 recall; incorrectly installed roof rail airbag airbag may not deploy properly in a crash; bulletin is revised to include a copy of the owner notification letter"
"21V611","RCSB-21V611-4643.pdf","CADILLAC","CT4","2020","21V611 recall; in rare cases, the roof rail side airbags in these vehicles may not have been installed correctly during vehicle assembly; service bulletin"
"21V611","RMISC-21V611-2182.pdf","CADILLAC","CT4","2020","21V611 recall; incorrectly installed roof rail airbag airbag may not deploy properly in a crash; supplemental information to assist dealers in addressing customer questions"
"21V611","RMISC-21V611-7439.pdf","CADILLAC","CT4","2020","21V611 recall; in rare cases, the roof rail side airbags in these vehicles may not have been installed correctly during vehicle assembly; supplemental information to assist dealers in addressing customer questions"
"21V611","RCMN-21V611-4967.pdf","CADILLAC","CT4","2020","21V611 recall; in rare cases, the roof rail side airbags in these vehicles may not have been installed correctly during vehicle assembly; dealer recall notification"
"21V611","RCMN-21V611-3397.pdf","CADILLAC","CT4","2020","21V611 recall; incorrectly installed roof rail airbag airbag may not deploy properly in a crash; dealer notice that bulletin is revised to include a copy of the owner notification letter"
"21V611","RCONL-21V611-5285.pdf","CADILLAC","CT4","2020","21V611 recall; incorrectly installed airbag may not deploy properly in a crash; owner notification letter"
"21V611","RCONL-21V611-5285.pdf","CADILLAC","CT4","2021","21V611 recall; incorrectly installed airbag may not deploy properly in a crash; owner notification letter"
"21V611","RMISC-21V611-2182.pdf","CADILLAC","CT4","2021","21V611 recall; incorrectly installed roof rail airbag airbag may not deploy properly in a crash; supplemental information to assist dealers in addressing customer questions"
"21V611","RMISC-21V611-7439.pdf","CADILLAC","CT4","2021","21V611 recall; in rare cases, the roof rail side airbags in these vehicles may not have been installed correctly during vehicle assembly; supplemental information to assist dealers in addressing customer questions"
"21V611","RCMN-21V611-3397.pdf","CADILLAC","CT4","2021","21V611 recall; incorrectly installed roof rail airbag airbag may not deploy properly in a crash; dealer notice that bulletin is revised to include a copy of the owner notification letter"
"21V611","RCMN-21V611-4967.pdf","CADILLAC","CT4","2021","21V611 recall; in rare cases, the roof rail side airbags in these vehicles may not have been installed correctly during vehicle assembly; dealer recall notification"
"21V611","RCSB-21V611-1108.pdf","CADILLAC","CT4","2021","21V611 recall; incorrectly installed roof rail airbag airbag may not deploy properly in a crash; bulletin is revised to include a copy of the owner notification letter"
"21V611","RCSB-21V611-4643.pdf","CADILLAC","CT4","2021","21V611 recall; in rare cases, the roof rail side airbags in these vehicles may not have been installed correctly during vehicle assembly; service bulletin"
"21V611","RCSB-21V611-1108.pdf","CADILLAC","CT4","2022","21V611 recall; incorrectly installed roof rail airbag airbag may not deploy properly in a crash; bulletin is revised to include a copy of the owner notification letter"
"21V611","RCONL-21V611-5285.pdf","CADILLAC","CT4","2022","21V611 recall; incorrectly installed airbag may not deploy properly in a crash; owner notification letter"
"21V611","RCMN-21V611-3397.pdf","CADILLAC","CT4","2022","21V611 recall; incorrectly installed roof rail airbag airbag may not deploy properly in a crash; dealer notice that bulletin is revised to include a copy of the owner notification letter"
"21V611","RCMN-21V611-4967.pdf","CADILLAC","CT4","2022","21V611 recall; in rare cases, the roof rail side airbags in these vehicles may not have been installed correctly during vehicle assembly; dealer recall notification"
"21V611","RMISC-21V611-7439.pdf","CADILLAC","CT4","2022","21V611 recall; in rare cases, the roof rail side airbags in these vehicles may not have been installed correctly during vehicle assembly; supplemental information to assist dealers in addressing customer questions"
"21V611","RMISC-21V611-2182.pdf","CADILLAC","CT4","2022","21V611 recall; incorrectly installed roof rail airbag airbag may not deploy properly in a crash; supplemental information to assist dealers in addressing customer questions"
"21V611","RCSB-21V611-4643.pdf","CADILLAC","CT4","2022","21V611 recall; in rare cases, the roof rail side airbags in these vehicles may not have been installed correctly during vehicle assembly; service bulletin"
"21V611","RMISC-21V611-7439.pdf","CADILLAC","CT5","2020","21V611 recall; in rare cases, the roof rail side airbags in these vehicles may not have been installed correctly during vehicle assembly; supplemental information to assist dealers in addressing customer questions"
"21V611","RCSB-21V611-1108.pdf","CADILLAC","CT5","2020","21V611 recall; incorrectly installed roof rail airbag airbag may not deploy properly in a crash; bulletin is revised to include a copy of the owner notification letter"
"21V611","RCONL-21V611-5285.pdf","CADILLAC","CT5","2020","21V611 recall; incorrectly installed airbag may not deploy properly in a crash; owner notification letter"
"21V611","RCMN-21V611-4967.pdf","CADILLAC","CT5","2020","21V611 recall; in rare cases, the roof rail side airbags in these vehicles may not have been installed correctly during vehicle assembly; dealer recall notification"
"21V644","RCONL-21V644-0454.pdf","RENEGADE","CLASSIC","2018","Pertains to Lippert Window Recall Campaign 21E-047. It outlines the instructions provided by Lippert for inspection and remedy for the window issue."
"21V644","RCONL-21V644-0454.pdf","RENEGADE","CLASSIC","2019","Pertains to Lippert Window Recall Campaign 21E-047. It outlines the instructions provided by Lippert for inspection and remedy for the window issue."
"21V644","RCONL-21V644-0454.pdf","RENEGADE","CLASSIC","2020","Pertains to Lippert Window Recall Campaign 21E-047. It outlines the instructions provided by Lippert for inspection and remedy for the window issue."
"21V644","RCONL-21V644-0454.pdf","RENEGADE","GARAGE","2018","Pertains to Lippert Window Recall Campaign 21E-047. It outlines the instructions provided by Lippert for inspection and remedy for the window issue."
"21V644","RCONL-21V644-0454.pdf","RENEGADE","GARAGE","2019","Pertains to Lippert Window Recall Campaign 21E-047. It outlines the instructions provided by Lippert for inspection and remedy for the window issue."
"21V644","RCONL-21V644-0454.pdf","RENEGADE","GARAGE","2020","Pertains to Lippert Window Recall Campaign 21E-047. It outlines the instructions provided by Lippert for inspection and remedy for the window issue."
"21V644","RCONL-21V644-0454.pdf","RENEGADE","IKON","2018","Pertains to Lippert Window Recall Campaign 21E-047. It outlines the instructions provided by Lippert for inspection and remedy for the window issue."
"21V644","RCONL-21V644-0454.pdf","RENEGADE","IKON","2019","Pertains to Lippert Window Recall Campaign 21E-047. It outlines the instructions provided by Lippert for inspection and remedy for the window issue."
"21V644","RCONL-21V644-0454.pdf","RENEGADE","IKON","2020","Pertains to Lippert Window Recall Campaign 21E-047. It outlines the instructions provided by Lippert for inspection and remedy for the window issue."
"21V644","RCONL-21V644-0454.pdf","RENEGADE","TOTERS","2018","Pertains to Lippert Window Recall Campaign 21E-047. It outlines the instructions provided by Lippert for inspection and remedy for the window issue."
"21V644","RCONL-21V644-0454.pdf","RENEGADE","TOTERS","2019","Pertains to Lippert Window Recall Campaign 21E-047. It outlines the instructions provided by Lippert for inspection and remedy for the window issue."
"21V644","RCONL-21V644-0454.pdf","RENEGADE","TOTERS","2020","Pertains to Lippert Window Recall Campaign 21E-047. It outlines the instructions provided by Lippert for inspection and remedy for the window issue."
"21V644","RCONL-21V644-0454.pdf","RENEGADE","VIENNA","2018","Pertains to Lippert Window Recall Campaign 21E-047. It outlines the instructions provided by Lippert for inspection and remedy for the window issue."
"21V644","RCONL-21V644-0454.pdf","RENEGADE","VIENNA","2019","Pertains to Lippert Window Recall Campaign 21E-047. It outlines the instructions provided by Lippert for inspection and remedy for the window issue."
"21V644","RCONL-21V644-0454.pdf","RENEGADE","VIENNA","2020","Pertains to Lippert Window Recall Campaign 21E-047. It outlines the instructions provided by Lippert for inspection and remedy for the window issue."
"21V688","RCRN-21V688-2401.pdf","TOYOTA","TUNDRA","2018","Copy of communication to regions advising of upcoming remails to owners whose vehicles remain unrepaired."
"21V688","RCRN-21V688-4521.pdf","TOYOTA","TUNDRA","2018","Copy of field communications posted to dealer system providing notice of upcoming renotifications"
"21V688","RCMN-21V688-2482.pdf","TOYOTA","TUNDRA","2018","Under some conditions, if the high beams are repeatedly
left on for an extended period while the vehicle is idling or driving at low speed, there is a possibility that the bulb connector
could overheat to a level that can result in an increased risk of a fire that can propagate to other parts of the vehicle."
"21V688","RCMN-21V688-3279.pdf","TOYOTA","TUNDRA","2018","Under some conditions, if the high beams are repeatedly left on for an extended period while the vehicle is idling or driving at low speed, there is a possibility that the bulb connector could overheat to a level that can result in an increased risk of a fire that can propagate to other parts of the vehicle."
"21V688","RCMN-21V688-5348.pdf","TOYOTA","TUNDRA","2018","The subject vehicles are equipped with halogen headlamps that allow the circuits for both the high and low beam bulb filaments to be energized at the same time when the high beams are switched on. Under some conditions, if the high beams are repeatedly left on for an extended period while the vehicle is idling or driving at low speed, there is a possibility that the bulb connector could overheat to a level that can result in an increased risk of a fire that can propagate to other parts of the vehicle."
"21V688","RCRN-21V688-7302.pdf","TOYOTA","TUNDRA","2018","Copy of field communications sent to the dealers providing notice of upcoming renotifications"
"21V688","RCRN-21V688-6976.pdf","TOYOTA","TUNDRA","2018","Copy of message posted to dealers' system advising of upcoming remails to owners whose vehicles remain unrepaired."
"21V688","RCRN-21V688-6471.pdf","TOYOTA","TUNDRA","2018","Copy of renotification letter sent to owners whose vehicles remain unrepaired"
"21V688","RCRN-21V688-5842.pdf","TOYOTA","TUNDRA","2018","Copy of field communications sent to the Region providing notice of upcoming renotifications"
"21V688","RCRN-21V688-4867.pdf","TOYOTA","TUNDRA","2018","Copy of renotification email sent to owners whose vehicles remain unrepaired"
"21V688","RCRN-21V688-3715.pdf","TOYOTA","TUNDRA","2018","Copy of field communications sent to the Regions providing notice of upcoming renotifications"
"21V688","RCRN-21V688-3435.pdf","TOYOTA","TUNDRA","2018","Copy of renotification letter sent to owners whose vehicles remain unrepaired."
"21V688","RCRN-21V688-2169.pdf","TOYOTA","TUNDRA","2018","Copy of renotification email sent to owners whose vehicles remain unrepaired."
"21V688","RCRN-21V688-1658.pdf","TOYOTA","TUNDRA","2018","Redacted copy of renotification email sent to owners whose vehicles remain unrepaired."
"21V688","RCRN-21V688-1268.pdf","TOYOTA","TUNDRA","2018","Redacted copy of renotification leter sent to owners whose vehicles remain unrepaired (version 1)"
"21V688","RCRN-21V688-0311.pdf","TOYOTA","TUNDRA","2018","Copy of sample tag unrepaired owners may receive on their vehicle "
"21V688","RCRN-21V688-0177.pdf","TOYOTA","TUNDRA","2018","Copy of communication to dealers advising of upcoming remails to owners whose vehicles remain unrepaired."
"21V688","RCONL-21V688-0726.pdf","TOYOTA","TUNDRA","2018","Under some conditions, if the high beams are
repeatedly left on for an extended period while the
vehicle is idling or driving at low speed, there is a
possibility that the bulb connector could overheat
to a level that can result in an increased risk of a
fire that can propagate to other parts of the vehicle."
"21V688","RCRN-21V688-4403.pdf","TOYOTA","TUNDRA","2018","Redacted copy of renotification leter sent to owners whose vehicles remain unrepaired (version 2)"
"21V688","RCRN-21V688-2091.pdf","TOYOTA","TUNDRA","2019","Copy of field communications sent to the dealers providing notice of upcoming renotifications"
"21V688","RCRN-21V688-2169.pdf","TOYOTA","TUNDRA","2019","Copy of renotification email sent to owners whose vehicles remain unrepaired."
"21V688","RCRN-21V688-2401.pdf","TOYOTA","TUNDRA","2019","Copy of communication to regions advising of upcoming remails to owners whose vehicles remain unrepaired."
"21V688","RCRN-21V688-3435.pdf","TOYOTA","TUNDRA","2019","Copy of renotification letter sent to owners whose vehicles remain unrepaired."
"21V688","RCRN-21V688-3715.pdf","TOYOTA","TUNDRA","2019","Copy of field communications sent to the Regions providing notice of upcoming renotifications"
"21V688","RCRN-21V688-4403.pdf","TOYOTA","TUNDRA","2019","Redacted copy of renotification leter sent to owners whose vehicles remain unrepaired (version 2)"
"21V689","RCMN-21V689-6120.pdf","FREIGHTLINER","CASCADIA","2019","Attached is ICI Bulletin from DTNA to dealers regarding Recall 21V689 about a Customer Performed Warranty Agreement (CPWA) Program to support select Recall Campaigns."
"21V689","RMISC-21V689-6977.pdf","FREIGHTLINER","CASCADIA","2019","Copy of DIR"
"21V689","RMISC-21V689-2406.pdf","FREIGHTLINER","CASCADIA","2019","Amended 571 with Classic Cascadia production dates and population number."
"21V689","RMISC-21V689-1037.pdf","FREIGHTLINER","CASCADIA","2019","Amended DIR"
"21V689","RCONL-21V689-9257.pdf","FREIGHTLINER","CASCADIA","2019","Copy of Owner's Letter"
"21V689","RCMN-21V689-8275.pdf","FREIGHTLINER","CASCADIA","2019","Copy of Dealer's Notice"
"21V689","RCMN-21V689-7761.pdf","FREIGHTLINER","CASCADIA","2019","Attached is the Dealer Notification for recall 21V689."
"21V689","RCMN-21V689-0614.pdf","FREIGHTLINER","CASCADIA","2019","Attached is ICI Bulletin from DTNA to dealers regarding Recall 21V689 about a Loves Travel Stops Authorized Campaign Program to support select Recall Campaigns."
"21V689","RCMN-21V689-6120.pdf","FREIGHTLINER","CASCADIA","2020","Attached is ICI Bulletin from DTNA to dealers regarding Recall 21V689 about a Customer Performed Warranty Agreement (CPWA) Program to support select Recall Campaigns."
"21V689","RCMN-21V689-0614.pdf","FREIGHTLINER","CASCADIA","2020","Attached is ICI Bulletin from DTNA to dealers regarding Recall 21V689 about a Loves Travel Stops Authorized Campaign Program to support select Recall Campaigns."
"21V689","RMISC-21V689-6977.pdf","FREIGHTLINER","CASCADIA","2020","Copy of DIR"
"21V689","RMISC-21V689-1037.pdf","FREIGHTLINER","CASCADIA","2020","Amended DIR"
"21V689","RCONL-21V689-9257.pdf","FREIGHTLINER","CASCADIA","2020","Copy of Owner's Letter"
"21V689","RCMN-21V689-8275.pdf","FREIGHTLINER","CASCADIA","2020","Copy of Dealer's Notice"
"21V689","RCMN-21V689-7761.pdf","FREIGHTLINER","CASCADIA","2020","Attached is the Dealer Notification for recall 21V689."
"21V689","RMISC-21V689-2406.pdf","FREIGHTLINER","CASCADIA","2020","Amended 571 with Classic Cascadia production dates and population number."
"21V689","RCMN-21V689-7130.pdf","FREIGHTLINER","CASCADIA","2021","Attached is the Dealer Notification for recall 21V689."
"21V689","RCMN-21V689-0614.pdf","FREIGHTLINER","CASCADIA","2021","Attached is ICI Bulletin from DTNA to dealers regarding Recall 21V689 about a Loves Travel Stops Authorized Campaign Program to support select Recall Campaigns."
"21V689","RCMN-21V689-6120.pdf","FREIGHTLINER","CASCADIA","2021","Attached is ICI Bulletin from DTNA to dealers regarding Recall 21V689 about a Customer Performed Warranty Agreement (CPWA) Program to support select Recall Campaigns."
"21V689","RCMN-21V689-8275.pdf","FREIGHTLINER","CASCADIA","2021","Copy of Dealer's Notice"
"21V689","RMISC-21V689-6977.pdf","FREIGHTLINER","CASCADIA","2021","Copy of DIR"
"21V689","RMISC-21V689-2406.pdf","FREIGHTLINER","CASCADIA","2021","Amended 571 with Classic Cascadia production dates and population number."
"21V689","RMISC-21V689-1037.pdf","FREIGHTLINER","CASCADIA","2021","Amended DIR"
"21V689","RCONL-21V689-9257.pdf","FREIGHTLINER","CASCADIA","2021","Copy of Owner's Letter"
"21V690","RCMN-21V690-8179.pdf","HONDA","CB500X","2019","Dealer Message - Honda is issuing a STOP SALE NOTICE on CERTAIN 2019-2020 CBR500XA/CBR500RA vehicles to inspect the ABS Modulator for a potential defect that might cause the vehicle to increase front brake lever stroke and decrease the braking force."
"21V690","RCONL-21V690-9635.pdf","HONDA","CB500X","2019","Owner Notification Letter - Honda has decided that a defect which relates to motor vehicle safety exists in certain 2019  2020 model year CB500X ABS and CBR500R ABS motorcycles. Excessive grease was applied to the O-ring of the reservoir piston in the ABS modulator. After continued use, the grease can become contaminated and cause brake fluid to leak. If this occurs, the braking distance (without ABS activation) can increase, increasing the risk of a crash or injury."
"21V690","RCMN-21V690-6828.pdf","HONDA","CB500X","2019","Dealer Message - The Service Bulletin supporting a SAFETY RECALL on CERTAIN 2019-2020 CBR500XA/CBR500RA vehicles to inspect, and replace if necessary, the ABS Modulator is now available on iN."
"21V690","RCRIT-21V690-6925.pdf","HONDA","CB500X","2019","Service Bulletin - Honda is launching a SAFETY RECALL on CERTAIN 2019-2020 CB500XA/CBR500RA vehicles to inspect the ABS Modulator for a potential defect that might cause the vehicle to increase front brake stroke and decrease the braking force."
"21V690","RMISC-21V690-3726.pdf","HONDA","CB500X","2019","573 defect information report."
"21V690","RCMN-21V690-8179.pdf","HONDA","CB500X","2020","Dealer Message - Honda is issuing a STOP SALE NOTICE on CERTAIN 2019-2020 CBR500XA/CBR500RA vehicles to inspect the ABS Modulator for a potential defect that might cause the vehicle to increase front brake lever stroke and decrease the braking force."
"21V690","RCONL-21V690-9635.pdf","HONDA","CB500X","2020","Owner Notification Letter - Honda has decided that a defect which relates to motor vehicle safety exists in certain 2019  2020 model year CB500X ABS and CBR500R ABS motorcycles. Excessive grease was applied to the O-ring of the reservoir piston in the ABS modulator. After continued use, the grease can become contaminated and cause brake fluid to leak. If this occurs, the braking distance (without ABS activation) can increase, increasing the risk of a crash or injury."
"21V690","RMISC-21V690-3726.pdf","HONDA","CB500X","2020","573 defect information report."
"21V690","RCRIT-21V690-6925.pdf","HONDA","CB500X","2020","Service Bulletin - Honda is launching a SAFETY RECALL on CERTAIN 2019-2020 CB500XA/CBR500RA vehicles to inspect the ABS Modulator for a potential defect that might cause the vehicle to increase front brake stroke and decrease the braking force."
"21V690","RCMN-21V690-6828.pdf","HONDA","CB500X","2020","Dealer Message - The Service Bulletin supporting a SAFETY RECALL on CERTAIN 2019-2020 CBR500XA/CBR500RA vehicles to inspect, and replace if necessary, the ABS Modulator is now available on iN."
"21V690","RMISC-21V690-3726.pdf","HONDA","CBR500R","2019","573 defect information report."
"21V690","RCONL-21V690-9635.pdf","HONDA","CBR500R","2019","Owner Notification Letter - Honda has decided that a defect which relates to motor vehicle safety exists in certain 2019  2020 model year CB500X ABS and CBR500R ABS motorcycles. Excessive grease was applied to the O-ring of the reservoir piston in the ABS modulator. After continued use, the grease can become contaminated and cause brake fluid to leak. If this occurs, the braking distance (without ABS activation) can increase, increasing the risk of a crash or injury."
"21V690","RCRIT-21V690-6925.pdf","HONDA","CBR500R","2019","Service Bulletin - Honda is launching a SAFETY RECALL on CERTAIN 2019-2020 CB500XA/CBR500RA vehicles to inspect the ABS Modulator for a potential defect that might cause the vehicle to increase front brake stroke and decrease the braking force."
"21V690","RCMN-21V690-8179.pdf","HONDA","CBR500R","2019","Dealer Message - Honda is issuing a STOP SALE NOTICE on CERTAIN 2019-2020 CBR500XA/CBR500RA vehicles to inspect the ABS Modulator for a potential defect that might cause the vehicle to increase front brake lever stroke and decrease the braking force."
"21V690","RCMN-21V690-6828.pdf","HONDA","CBR500R","2019","Dealer Message - The Service Bulletin supporting a SAFETY RECALL on CERTAIN 2019-2020 CBR500XA/CBR500RA vehicles to inspect, and replace if necessary, the ABS Modulator is now available on iN."
"21V690","RCMN-21V690-8179.pdf","HONDA","CBR500R","2020","Dealer Message - Honda is issuing a STOP SALE NOTICE on CERTAIN 2019-2020 CBR500XA/CBR500RA vehicles to inspect the ABS Modulator for a potential defect that might cause the vehicle to increase front brake lever stroke and decrease the braking force."
"21V690","RCONL-21V690-9635.pdf","HONDA","CBR500R","2020","Owner Notification Letter - Honda has decided that a defect which relates to motor vehicle safety exists in certain 2019  2020 model year CB500X ABS and CBR500R ABS motorcycles. Excessive grease was applied to the O-ring of the reservoir piston in the ABS modulator. After continued use, the grease can become contaminated and cause brake fluid to leak. If this occurs, the braking distance (without ABS activation) can increase, increasing the risk of a crash or injury."
"21V690","RCRIT-21V690-6925.pdf","HONDA","CBR500R","2020","Service Bulletin - Honda is launching a SAFETY RECALL on CERTAIN 2019-2020 CB500XA/CBR500RA vehicles to inspect the ABS Modulator for a potential defect that might cause the vehicle to increase front brake stroke and decrease the braking force."
"21V690","RCMN-21V690-6828.pdf","HONDA","CBR500R","2020","Dealer Message - The Service Bulletin supporting a SAFETY RECALL on CERTAIN 2019-2020 CBR500XA/CBR500RA vehicles to inspect, and replace if necessary, the ABS Modulator is now available on iN."
"21V690","RMISC-21V690-3726.pdf","HONDA","CBR500R","2020","573 defect information report."
"21V712","RCMN-21V712-5316.pdf","FORD","MUSTANG MACH E","2021","NEW VEHICLE DEMONSTRATION / DELIVERY HOLD -
Safety Recall 21S42
Certain 2021 Model Year Mustang Mach-E Vehicles
Panoramic Roof Glass Reseal"
"21V712","RCMN-21V712-5051.pdf","FORD","MUSTANG MACH E","2021","Safety Recall 21S42 - Supplement #1
Certain 2021 Model Year Mustang Mach-E Vehicles"
"21V712","RCMN-21V712-4494.pdf","FORD","MUSTANG MACH E","2021","NEW VEHICLE DEMONSTRATION / DELIVERY HOLD - Advance Notice  
Safety Recall 21S42 
Certain 2021 Model Year Mustang Mach-E Vehicles 
Panoramic Roof Glass Reseal "
"21V712","RCRN-21V712-1625.pdf","FORD","MUSTANG MACH E","2021","21S42 Renotification.  Mailed June 14, 2024"
"21V712","RCRN-21V712-1907.pdf","FORD","MUSTANG MACH E","2021","21S42 21C22 combo owner letter.  Mailed December 23, 2021"
"21V712","RCONL-21V712-8877.pdf","FORD","MUSTANG MACH E","2021","21C22 and 21S42 combo letter.  Mailed October 29, 2021"
"21V712","RCRN-21V712-1164.pdf","FORD","MUSTANG MACH E","2021","21S42 Renotification.  Mailed March 31, 2025"
"21V712","RMISC-21V712-3423.pdf","FORD","MUSTANG MACH E","2021","21S42 Recall re-engagement email.  Sent October 31, 2023"
"21V712","RCRN-21V712-3615.pdf","FORD","MUSTANG MACH E","2021","21S42 renotification.  Mailed May 6, 2022"
"21V712","RCRN-21V712-3305.pdf","FORD","MUSTANG MACH E","2021","21S42 Renotification.  Mailed June 14, 2023"
"21V796","RCRN-21V796-2982.pdf","GENESIS","GV70","2022","The front driver-side and/or passenger-side seat belt pretensioners in the subject vehicles were installed from a suspect production
lot containing pyrotechnic-type pretensioners that may deploy abnormally and explode during a crash. At the time of this filing, the
cause of the abnormal deployment is unknown. Genesis is recalling vehicles equipped with pretensioners produced within the same
production lot and will conduct a detailed part return analysis. The part inspections and investigation will actively continue to determine
if a specific root cause and defect trend exists. An abnormal pyrotechnic pretensioner deployment could cause the pretensioner to
explode, and project metal fragments to enter the vehicle occupant compartment, which may result in injury to vehicle occupants."
"21V796","RIONL-21V796-4365.pdf","GENESIS","GV70","2022","The front driver-side and/or passenger-side seat belt pretensioners in the subject vehicles were installed from a suspect production lot
containing pyrotechnic-type pretensioners that may deploy abnormally and explode during a crash. At the time of this filing, the cause of
the abnormal deployment is unknown. Hyundai is recalling vehicles equipped with pretensioners produced within the same production lot
and will conduct a detailed part return analysis. The part inspections and investigation will actively continue to determine if a specific root
cause and defect trend exists. An abnormal pyrotechnic pretensioner deployment could cause the pretensioner to explode, and project
metal fragments into the vehicle occupant compartment, which may result in injury to vehicle occupants."
"21V796","RCRN-21V796-5936.pdf","GENESIS","GV70","2022","The front driver-side and/or passenger-side seat belt pretensioners in the subject vehicles may deploy abnormally and explode during a crash.
An abnormal pyrotechnic pretensioner deployment could cause the pretensioner to explode, and project metal fragments to enter the vehicle occupant compartment, which may result in injury to vehicle occupants."
"21V796","RCRIT-21V796-6159.pdf","GENESIS","GV70","2022","The front seat pretensioner may deploy abnormally in the vehicles described below, causing the MGG (Micro Gas Generator) to detach from the assembly. This bulletin describes the procedure to replace the front seatbelt pretensioner to resolve the condition."
"21V796","RCRN-21V796-2982.pdf","GENESIS","GV80","2021","The front driver-side and/or passenger-side seat belt pretensioners in the subject vehicles were installed from a suspect production
lot containing pyrotechnic-type pretensioners that may deploy abnormally and explode during a crash. At the time of this filing, the
cause of the abnormal deployment is unknown. Genesis is recalling vehicles equipped with pretensioners produced within the same
production lot and will conduct a detailed part return analysis. The part inspections and investigation will actively continue to determine
if a specific root cause and defect trend exists. An abnormal pyrotechnic pretensioner deployment could cause the pretensioner to
explode, and project metal fragments to enter the vehicle occupant compartment, which may result in injury to vehicle occupants."
"21V796","RCRN-21V796-5936.pdf","GENESIS","GV80","2021","The front driver-side and/or passenger-side seat belt pretensioners in the subject vehicles may deploy abnormally and explode during a crash.
An abnormal pyrotechnic pretensioner deployment could cause the pretensioner to explode, and project metal fragments to enter the vehicle occupant compartment, which may result in injury to vehicle occupants."
"21V796","RIONL-21V796-4365.pdf","GENESIS","GV80","2021","The front driver-side and/or passenger-side seat belt pretensioners in the subject vehicles were installed from a suspect production lot
containing pyrotechnic-type pretensioners that may deploy abnormally and explode during a crash. At the time of this filing, the cause of
the abnormal deployment is unknown. Hyundai is recalling vehicles equipped with pretensioners produced within the same production lot
and will conduct a detailed part return analysis. The part inspections and investigation will actively continue to determine if a specific root
cause and defect trend exists. An abnormal pyrotechnic pretensioner deployment could cause the pretensioner to explode, and project
metal fragments into the vehicle occupant compartment, which may result in injury to vehicle occupants."
"21V796","RCRIT-21V796-6159.pdf","GENESIS","GV80","2021","The front seat pretensioner may deploy abnormally in the vehicles described below, causing the MGG (Micro Gas Generator) to detach from the assembly. This bulletin describes the procedure to replace the front seatbelt pretensioner to resolve the condition."
"21V796","RIONL-21V796-9859.pdf","HYUNDAI","ELANTRA","2021","The front driver-side and/or passenger-side seat belt pretensioners in the subject vehicles were installed from a suspect production lot
containing pyrotechnic-type pretensioners that may deploy abnormally and explode during a crash. At the time of this filing, the cause of
the abnormal deployment is unknown. Hyundai is recalling vehicles equipped with pretensioners produced within the same production lot
and will conduct a detailed part return analysis. The part inspections and investigation will actively continue to determine if a specific root
cause and defect trend exists. An abnormal pyrotechnic pretensioner deployment could cause the pretensioner to explode, and project
metal fragments into the vehicle occupant compartment, which may result in injury to vehicle occupants."
"21V796","RCONL-21V796-6873.pdf","HYUNDAI","ELANTRA","2021","The front driver-side and/or passenger-side seat belt pretensioners in the subject vehicles were installed from a suspect production
lot containing pyrotechnic-type pretensioners that may deploy abnormally and explode during a crash. At the time of this filing, the
cause of the abnormal deployment is unknown. Genesis is recalling vehicles equipped with pretensioners produced within the same
production lot and will conduct a detailed part return analysis. The part inspections and investigation will actively continue to determine
if a specific root cause and defect trend exists. An abnormal pyrotechnic pretensioner deployment could cause the pretensioner to
explode, and project metal fragments to enter the vehicle occupant compartment, which may result in injury to vehicle occupants."
"21V796","RCRIT-21V796-6159.pdf","HYUNDAI","ELANTRA","2021","The front seat pretensioner may deploy abnormally in the vehicles described below, causing the MGG (Micro Gas Generator) to detach from the assembly. This bulletin describes the procedure to replace the front seatbelt pretensioner to resolve the condition."
"21V796","RCRN-21V796-5936.pdf","HYUNDAI","ELANTRA","2021","The front driver-side and/or passenger-side seat belt pretensioners in the subject vehicles may deploy abnormally and explode during a crash.
An abnormal pyrotechnic pretensioner deployment could cause the pretensioner to explode, and project metal fragments to enter the vehicle occupant compartment, which may result in injury to vehicle occupants."
"21V796","RCRIT-21V796-6159.pdf","HYUNDAI","ELANTRA HYBRID","2021","The front seat pretensioner may deploy abnormally in the vehicles described below, causing the MGG (Micro Gas Generator) to detach from the assembly. This bulletin describes the procedure to replace the front seatbelt pretensioner to resolve the condition."
"21V796","RCRN-21V796-2982.pdf","HYUNDAI","ELANTRA HYBRID","2021","The front driver-side and/or passenger-side seat belt pretensioners in the subject vehicles were installed from a suspect production
lot containing pyrotechnic-type pretensioners that may deploy abnormally and explode during a crash. At the time of this filing, the
cause of the abnormal deployment is unknown. Genesis is recalling vehicles equipped with pretensioners produced within the same
production lot and will conduct a detailed part return analysis. The part inspections and investigation will actively continue to determine
if a specific root cause and defect trend exists. An abnormal pyrotechnic pretensioner deployment could cause the pretensioner to
explode, and project metal fragments to enter the vehicle occupant compartment, which may result in injury to vehicle occupants."
"21V796","RCRN-21V796-5936.pdf","HYUNDAI","ELANTRA HYBRID","2021","The front driver-side and/or passenger-side seat belt pretensioners in the subject vehicles may deploy abnormally and explode during a crash.
An abnormal pyrotechnic pretensioner deployment could cause the pretensioner to explode, and project metal fragments to enter the vehicle occupant compartment, which may result in injury to vehicle occupants."
"21V796","RIONL-21V796-4365.pdf","HYUNDAI","ELANTRA HYBRID","2021","The front driver-side and/or passenger-side seat belt pretensioners in the subject vehicles were installed from a suspect production lot
containing pyrotechnic-type pretensioners that may deploy abnormally and explode during a crash. At the time of this filing, the cause of
the abnormal deployment is unknown. Hyundai is recalling vehicles equipped with pretensioners produced within the same production lot
and will conduct a detailed part return analysis. The part inspections and investigation will actively continue to determine if a specific root
cause and defect trend exists. An abnormal pyrotechnic pretensioner deployment could cause the pretensioner to explode, and project
metal fragments into the vehicle occupant compartment, which may result in injury to vehicle occupants."
"21V796","RCONL-21V796-6873.pdf","HYUNDAI","VENUE","2021","The front driver-side and/or passenger-side seat belt pretensioners in the subject vehicles were installed from a suspect production
lot containing pyrotechnic-type pretensioners that may deploy abnormally and explode during a crash. At the time of this filing, the
cause of the abnormal deployment is unknown. Genesis is recalling vehicles equipped with pretensioners produced within the same
production lot and will conduct a detailed part return analysis. The part inspections and investigation will actively continue to determine
if a specific root cause and defect trend exists. An abnormal pyrotechnic pretensioner deployment could cause the pretensioner to
explode, and project metal fragments to enter the vehicle occupant compartment, which may result in injury to vehicle occupants."
"21V796","RIONL-21V796-9859.pdf","HYUNDAI","VENUE","2021","The front driver-side and/or passenger-side seat belt pretensioners in the subject vehicles were installed from a suspect production lot
containing pyrotechnic-type pretensioners that may deploy abnormally and explode during a crash. At the time of this filing, the cause of
the abnormal deployment is unknown. Hyundai is recalling vehicles equipped with pretensioners produced within the same production lot
and will conduct a detailed part return analysis. The part inspections and investigation will actively continue to determine if a specific root
cause and defect trend exists. An abnormal pyrotechnic pretensioner deployment could cause the pretensioner to explode, and project
metal fragments into the vehicle occupant compartment, which may result in injury to vehicle occupants."
"21V796","RCRN-21V796-5936.pdf","HYUNDAI","VENUE","2021","The front driver-side and/or passenger-side seat belt pretensioners in the subject vehicles may deploy abnormally and explode during a crash.
An abnormal pyrotechnic pretensioner deployment could cause the pretensioner to explode, and project metal fragments to enter the vehicle occupant compartment, which may result in injury to vehicle occupants."
"21V796","RCRIT-21V796-6159.pdf","HYUNDAI","VENUE","2021","The front seat pretensioner may deploy abnormally in the vehicles described below, causing the MGG (Micro Gas Generator) to detach from the assembly. This bulletin describes the procedure to replace the front seatbelt pretensioner to resolve the condition."
"21V927","RCRIT-21V927-3200.pdf","LAMBORGHINI","AVENTADOR SVJ","2021","Technical Instructions bulletin with appropriate rework instructions."
"21V927","RCMN-21V927-2216.pdf","LAMBORGHINI","AVENTADOR SVJ","2021","Dealer notification letter with information concerning the defect, the possible consequences, the appropriate approach to be followed and any additional warning or indications to be respected."
"21V927","RCONL-21V927-6815.pdf","LAMBORGHINI","AVENTADOR SVJ","2021","Communication intended to warn and inform the vehicle owner about the safety issue, the risks, what to do and overall caution the customer must have."
"21V985","RCMN-21V985-3886.pdf","CHEVROLET","SILVERADO 1500","2019","N212346510 recall; If the original 17 spare tire is installed on the vehicle opposite one of the accessory tires, the anti-lock braking system (ABS) may not independently control the rear wheels on low-friction surfaces; dealer notification of available working capital assistance program"
"21V985","RCSB-21V985-2032.pdf","CHEVROLET","SILVERADO 1500","2019","N212346510 recall; if the original 17 spare tire is installed on the vehicle opposite one of the listed accessory tires, the anti-lock braking system (ABS) may not independently control the rear wheels on low-friction surfaces; service bulletin"
"21V985","RCONL-21V985-6574.pdf","CHEVROLET","SILVERADO 1500","2019","N212346510 recall; if the original 17 spare tire is installed on the vehicle opposite one of the listed accessory tires, the anti-lock braking system (ABS) may not independently control the 
rear wheels on low-friction surfaces; owner notification letter"
"21V985","RMISC-21V985-2912.pdf","CHEVROLET","SILVERADO 1500","2019","N212346510 recall; if the original 17 spare tire is installed on the vehicle opposite one of the listed accessory tires, the anti-lock braking system (ABS) may not independently control the rear wheels on low-friction surfaces; supplemental information to assist dealers in addressing customer questions"
"21V985","RMISC-21V985-1226.pdf","CHEVROLET","SILVERADO 1500","2019","N212346510 recall; If the original 17 spare tire is installed on the vehicle opposite one of the listed accessory tires, the anti-lock braking system (ABS) may not independently control the rear wheels on low-friction surfaces; supplemental information to assist dealers in addressing customer questions "
"21V985","RCMN-21V985-3155.pdf","CHEVROLET","SILVERADO 1500","2019","N212346510 recall; If the original 17 spare tire is installed on the vehicle opposite one of the listed accessory tires, the anti-lock braking system (ABS) may not independently control the rear wheels on low-friction surfaces; dealer notification of upcoming recall and stop delivery notice"
"21V985","RCMN-21V985-6607.pdf","CHEVROLET","SILVERADO 1500","2019","N212346510 recall; if the original 17 spare tire is installed on the vehicle opposite one of the listed accessory tires, the anti-lock braking system (ABS) may not independently control the rear wheels on low-friction surfaces; dealer notification of available remedy"
"21V985","RCMN-21V985-6607.pdf","CHEVROLET","SILVERADO 1500","2020","N212346510 recall; if the original 17 spare tire is installed on the vehicle opposite one of the listed accessory tires, the anti-lock braking system (ABS) may not independently control the rear wheels on low-friction surfaces; dealer notification of available remedy"
"21V985","RMISC-21V985-2912.pdf","CHEVROLET","SILVERADO 1500","2020","N212346510 recall; if the original 17 spare tire is installed on the vehicle opposite one of the listed accessory tires, the anti-lock braking system (ABS) may not independently control the rear wheels on low-friction surfaces; supplemental information to assist dealers in addressing customer questions"
"21V985","RCMN-21V985-3155.pdf","CHEVROLET","SILVERADO 1500","2020","N212346510 recall; If the original 17 spare tire is installed on the vehicle opposite one of the listed accessory tires, the anti-lock braking system (ABS) may not independently control the rear wheels on low-friction surfaces; dealer notification of upcoming recall and stop delivery notice"
"21V985","RCSB-21V985-2032.pdf","CHEVROLET","SILVERADO 1500","2020","N212346510 recall; if the original 17 spare tire is installed on the vehicle opposite one of the listed accessory tires, the anti-lock braking system (ABS) may not independently control the rear wheels on low-friction surfaces; service bulletin"
"21V985","RMISC-21V985-1226.pdf","CHEVROLET","SILVERADO 1500","2020","N212346510 recall; If the original 17 spare tire is installed on the vehicle opposite one of the listed accessory tires, the anti-lock braking system (ABS) may not independently control the rear wheels on low-friction surfaces; supplemental information to assist dealers in addressing customer questions "
"21V985","RCMN-21V985-3886.pdf","CHEVROLET","SILVERADO 1500","2020","N212346510 recall; If the original 17 spare tire is installed on the vehicle opposite one of the accessory tires, the anti-lock braking system (ABS) may not independently control the rear wheels on low-friction surfaces; dealer notification of available working capital assistance program"
"21V985","RCONL-21V985-6574.pdf","CHEVROLET","SILVERADO 1500","2020","N212346510 recall; if the original 17 spare tire is installed on the vehicle opposite one of the listed accessory tires, the anti-lock braking system (ABS) may not independently control the 
rear wheels on low-friction surfaces; owner notification letter"
"21V985","RCMN-21V985-6607.pdf","CHEVROLET","SILVERADO 1500","2021","N212346510 recall; if the original 17 spare tire is installed on the vehicle opposite one of the listed accessory tires, the anti-lock braking system (ABS) may not independently control the rear wheels on low-friction surfaces; dealer notification of available remedy"
"21V985","RCMN-21V985-3155.pdf","CHEVROLET","SILVERADO 1500","2021","N212346510 recall; If the original 17 spare tire is installed on the vehicle opposite one of the listed accessory tires, the anti-lock braking system (ABS) may not independently control the rear wheels on low-friction surfaces; dealer notification of upcoming recall and stop delivery notice"
"21V985","RMISC-21V985-1226.pdf","CHEVROLET","SILVERADO 1500","2021","N212346510 recall; If the original 17 spare tire is installed on the vehicle opposite one of the listed accessory tires, the anti-lock braking system (ABS) may not independently control the rear wheels on low-friction surfaces; supplemental information to assist dealers in addressing customer questions "
"21V985","RMISC-21V985-2912.pdf","CHEVROLET","SILVERADO 1500","2021","N212346510 recall; if the original 17 spare tire is installed on the vehicle opposite one of the listed accessory tires, the anti-lock braking system (ABS) may not independently control the rear wheels on low-friction surfaces; supplemental information to assist dealers in addressing customer questions"
"21V985","RCMN-21V985-3886.pdf","CHEVROLET","SILVERADO 1500","2021","N212346510 recall; If the original 17 spare tire is installed on the vehicle opposite one of the accessory tires, the anti-lock braking system (ABS) may not independently control the rear wheels on low-friction surfaces; dealer notification of available working capital assistance program"
"21V985","RCONL-21V985-6574.pdf","CHEVROLET","SILVERADO 1500","2021","N212346510 recall; if the original 17 spare tire is installed on the vehicle opposite one of the listed accessory tires, the anti-lock braking system (ABS) may not independently control the 
rear wheels on low-friction surfaces; owner notification letter"
"21V985","RCSB-21V985-2032.pdf","CHEVROLET","SILVERADO 1500","2021","N212346510 recall; if the original 17 spare tire is installed on the vehicle opposite one of the listed accessory tires, the anti-lock braking system (ABS) may not independently control the rear wheels on low-friction surfaces; service bulletin"
"21V985","RCSB-21V985-2032.pdf","GMC","SIERRA 1500","2019","N212346510 recall; if the original 17 spare tire is installed on the vehicle opposite one of the listed accessory tires, the anti-lock braking system (ABS) may not independently control the rear wheels on low-friction surfaces; service bulletin"
"21V985","RCMN-21V985-3886.pdf","GMC","SIERRA 1500","2019","N212346510 recall; If the original 17 spare tire is installed on the vehicle opposite one of the accessory tires, the anti-lock braking system (ABS) may not independently control the rear wheels on low-friction surfaces; dealer notification of available working capital assistance program"
"21V985","RCMN-21V985-6607.pdf","GMC","SIERRA 1500","2019","N212346510 recall; if the original 17 spare tire is installed on the vehicle opposite one of the listed accessory tires, the anti-lock braking system (ABS) may not independently control the rear wheels on low-friction surfaces; dealer notification of available remedy"
"21V985","RCONL-21V985-6574.pdf","GMC","SIERRA 1500","2019","N212346510 recall; if the original 17 spare tire is installed on the vehicle opposite one of the listed accessory tires, the anti-lock braking system (ABS) may not independently control the 
rear wheels on low-friction surfaces; owner notification letter"
"21V990","RCMN-21V990-5724.pdf","MERCEDES-BENZ","A 220","2019","Please find the manufacturer's notice to dealers for 21V990 distributed 15JUL2022. For any further questions, please contact Gregory Gunther at gregory.gunther@mbusa.com"
"21V990","RCRIT-21V990-2290.pdf","MERCEDES-BENZ","A 220","2019","Please find the remedy instruction and TSB for 21V990 distributed 15JUL2022. For any further questions, please contact Gregory Gunther at gregory.gunther@mbusa.com"
"21V990","RCMN-21V990-5771.pdf","MERCEDES-BENZ","A 220","2019","Please find the initial manufacturer's notice to dealers for 21V990 distributed 27DEC2021. For any questions, please contact Gregory Gunther at gregory.gunther@mbusa.com"
"21V990","RCONL-21V990-3446.pdf","MERCEDES-BENZ","A 220","2019"," Please find the redacted final customer letter for 21V990 mailed 29JUL2022. For any questions, please contact Gregory Gunther at gregory.gunther@mbusa.com"
"21V990","RCRIT-21V990-2651.pdf","MERCEDES-BENZ","A 220","2019","Please find the updated remedy instruction and TSB for 21V990 distributed 10NOV2022. For any questions, please contact Gregory Gunther at gregory.gunther@mbusa.com"
"21V990","RCRIT-21V990-7770.pdf","MERCEDES-BENZ","A 220","2019","Please find the updated remedy instruction and TSB for 21V990 distributed 18OCT2022. For any questions, please contact Gregory Gunther at gregory.gunther@mbusa.com"
"21V990","RIONL-21V990-8643.pdf","MERCEDES-BENZ","A 220","2019"," Please find the redacted interim letter for 21V990 mailed 28JAN2022. For any questions, please contact Gregory Gunther at gregory.gunther@mbusa.com"
"21V990","RCMN-21V990-5771.pdf","MERCEDES-BENZ","A 220","2020","Please find the initial manufacturer's notice to dealers for 21V990 distributed 27DEC2021. For any questions, please contact Gregory Gunther at gregory.gunther@mbusa.com"
"21V990","RCRIT-21V990-7770.pdf","MERCEDES-BENZ","A 220","2020","Please find the updated remedy instruction and TSB for 21V990 distributed 18OCT2022. For any questions, please contact Gregory Gunther at gregory.gunther@mbusa.com"
"21V990","RCMN-21V990-5724.pdf","MERCEDES-BENZ","A 220","2020","Please find the manufacturer's notice to dealers for 21V990 distributed 15JUL2022. For any further questions, please contact Gregory Gunther at gregory.gunther@mbusa.com"
"21V990","RIONL-21V990-8643.pdf","MERCEDES-BENZ","A 220","2020"," Please find the redacted interim letter for 21V990 mailed 28JAN2022. For any questions, please contact Gregory Gunther at gregory.gunther@mbusa.com"
"21V990","RCONL-21V990-3446.pdf","MERCEDES-BENZ","A 220","2020"," Please find the redacted final customer letter for 21V990 mailed 29JUL2022. For any questions, please contact Gregory Gunther at gregory.gunther@mbusa.com"
"21V990","RCRIT-21V990-2290.pdf","MERCEDES-BENZ","A 220","2020","Please find the remedy instruction and TSB for 21V990 distributed 15JUL2022. For any further questions, please contact Gregory Gunther at gregory.gunther@mbusa.com"
"21V990","RCRIT-21V990-2651.pdf","MERCEDES-BENZ","A 220","2020","Please find the updated remedy instruction and TSB for 21V990 distributed 10NOV2022. For any questions, please contact Gregory Gunther at gregory.gunther@mbusa.com"
"21V990","RCMN-21V990-5724.pdf","MERCEDES-BENZ","AMG GLB35","2021","Please find the manufacturer's notice to dealers for 21V990 distributed 15JUL2022. For any further questions, please contact Gregory Gunther at gregory.gunther@mbusa.com"
"21V990","RCRIT-21V990-2290.pdf","MERCEDES-BENZ","AMG GLB35","2021","Please find the remedy instruction and TSB for 21V990 distributed 15JUL2022. For any further questions, please contact Gregory Gunther at gregory.gunther@mbusa.com"
"21V990","RCONL-21V990-3446.pdf","MERCEDES-BENZ","AMG GLB35","2021"," Please find the redacted final customer letter for 21V990 mailed 29JUL2022. For any questions, please contact Gregory Gunther at gregory.gunther@mbusa.com"
"21V990","RCRIT-21V990-2651.pdf","MERCEDES-BENZ","AMG GLB35","2021","Please find the updated remedy instruction and TSB for 21V990 distributed 10NOV2022. For any questions, please contact Gregory Gunther at gregory.gunther@mbusa.com"
"21V990","RCRIT-21V990-7770.pdf","MERCEDES-BENZ","AMG GLB35","2021","Please find the updated remedy instruction and TSB for 21V990 distributed 18OCT2022. For any questions, please contact Gregory Gunther at gregory.gunther@mbusa.com"
"21V990","RIONL-21V990-8643.pdf","MERCEDES-BENZ","AMG GLB35","2021"," Please find the redacted interim letter for 21V990 mailed 28JAN2022. For any questions, please contact Gregory Gunther at gregory.gunther@mbusa.com"
"21V990","RCMN-21V990-5771.pdf","MERCEDES-BENZ","AMG GLB35","2021","Please find the initial manufacturer's notice to dealers for 21V990 distributed 27DEC2021. For any questions, please contact Gregory Gunther at gregory.gunther@mbusa.com"
"21V990","RCMN-21V990-5724.pdf","MERCEDES-BENZ","GLB 250","2020","Please find the manufacturer's notice to dealers for 21V990 distributed 15JUL2022. For any further questions, please contact Gregory Gunther at gregory.gunther@mbusa.com"
"21V990","RCRIT-21V990-2290.pdf","MERCEDES-BENZ","GLB 250","2020","Please find the remedy instruction and TSB for 21V990 distributed 15JUL2022. For any further questions, please contact Gregory Gunther at gregory.gunther@mbusa.com"
"21V990","RCONL-21V990-3446.pdf","MERCEDES-BENZ","GLB 250","2020"," Please find the redacted final customer letter for 21V990 mailed 29JUL2022. For any questions, please contact Gregory Gunther at gregory.gunther@mbusa.com"
"21V990","RCMN-21V990-5771.pdf","MERCEDES-BENZ","GLB 250","2020","Please find the initial manufacturer's notice to dealers for 21V990 distributed 27DEC2021. For any questions, please contact Gregory Gunther at gregory.gunther@mbusa.com"
"22E017","RCONL-22E017-5171.pdf","MOPAR","ABS CONTROL MODULE","9999","Final Owner Letter regarding certain Mopar Antilock Brake System Control Modules"
"22E017","RCMN-22E017-4931.pdf","MOPAR","ABS CONTROL MODULE","9999","NSRAC regarding certain Mopar Antilock Brake System (ABS) control modules"
"22E017","RCRIT-22E017-2870.pdf","MOPAR","ABS CONTROL MODULE","9999","Dealer Combo regarding certain Mopar Antilock Brake System (ABS) Control Modules"
"22E037","RCONL-22E037-9933.pdf","WELDON","V-MUX HERCULES HC NODE","9999","Weldon Hi Content Node 1.5 has internal resistor on CAN ports which can negatively affect network reliability on some installations.  Replace all with Weldon Hi Content Node 1.6 to avoid combinations of parts where network could fail."
"22T002","RCONL-22T002-6856.pdf","FIRESTONE","TRANSFORCE AT","9999","This notification advises owners of a voluntary safety recall of certain Firestone Transforce HT and Transforce AT tires (size LT275/70R18) made by Bridgestone during the 18th week of May 2021.  Affected tires were manufactured with an incorrect inner liner compound that may result in increased air permeability and/or inner liner cracking.  The notice informs owners of Bridgestones tire replacement program and contains detailed descriptions and photographs showing owners how to identify the recalled tires.  It describes the process to be used by owners to have their recalled tires replaced.  It also describes the process to be used by owners seeking reimbursement for affected tires that were replaced prior to the recall."
"22T002","RMISC-22T002-0447.pdf","FIRESTONE","TRANSFORCE AT","9999","This is the press release that was issued on February 4, 2022 in connection with the voluntary safety recall."
"22T002","RCMN-22T002-3731.pdf","FIRESTONE","TRANSFORCE AT","9999","Notification to U.S. dealers advising of a voluntary safety recall of certain Firestone Transforce HT and Transforce AT tires (size LT275/70R18) made during the 18th week of May 2021.  Affected tires were manufactured with an incorrect inner liner compound that may result in increased air permeability and/or inner liner cracking.  The notice informs dealers of Bridgestones tire replacement program and actions required by dealers -- including inspecting and replacing affected mounted tires.  It describes procedures for documenting and disabling recalled tires.  It also describes procedures for disabling and returning unmounted affected inventory.  The letter contains detailed descriptions and photographs showing dealers how to identify the recalled tires."
"22T002","RCMN-22T002-6091.pdf","FIRESTONE","TRANSFORCE AT","9999","Spanish translation of notification to Puerto Rico dealers advising of a voluntary safety recall of certain Firestone Transforce HT and Transforce AT tires (size LT275/70R18) made during the 18th week of May 2021.  Affected tires were manufactured with an incorrect inner liner compound that may result in increased air permeability and/or inner liner cracking.  The notice informs dealers of Bridgestones tire replacement program and actions required by dealers -- including inspecting and replacing affected mounted tires.  It describes procedures for documenting and disabling recalled tires.  It also describes procedures for disabling and returning unmounted affected inventory.  The letter contains detailed descriptions and photographs showing dealers how to identify the recalled tires."
"22T002","RCONL-22T002-6856.pdf","FIRESTONE","TRANSFORCE HT","9999","This notification advises owners of a voluntary safety recall of certain Firestone Transforce HT and Transforce AT tires (size LT275/70R18) made by Bridgestone during the 18th week of May 2021.  Affected tires were manufactured with an incorrect inner liner compound that may result in increased air permeability and/or inner liner cracking.  The notice informs owners of Bridgestones tire replacement program and contains detailed descriptions and photographs showing owners how to identify the recalled tires.  It describes the process to be used by owners to have their recalled tires replaced.  It also describes the process to be used by owners seeking reimbursement for affected tires that were replaced prior to the recall."
"22T002","RCMN-22T002-3731.pdf","FIRESTONE","TRANSFORCE HT","9999","Notification to U.S. dealers advising of a voluntary safety recall of certain Firestone Transforce HT and Transforce AT tires (size LT275/70R18) made during the 18th week of May 2021.  Affected tires were manufactured with an incorrect inner liner compound that may result in increased air permeability and/or inner liner cracking.  The notice informs dealers of Bridgestones tire replacement program and actions required by dealers -- including inspecting and replacing affected mounted tires.  It describes procedures for documenting and disabling recalled tires.  It also describes procedures for disabling and returning unmounted affected inventory.  The letter contains detailed descriptions and photographs showing dealers how to identify the recalled tires."
"22T002","RCMN-22T002-6091.pdf","FIRESTONE","TRANSFORCE HT","9999","Spanish translation of notification to Puerto Rico dealers advising of a voluntary safety recall of certain Firestone Transforce HT and Transforce AT tires (size LT275/70R18) made during the 18th week of May 2021.  Affected tires were manufactured with an incorrect inner liner compound that may result in increased air permeability and/or inner liner cracking.  The notice informs dealers of Bridgestones tire replacement program and actions required by dealers -- including inspecting and replacing affected mounted tires.  It describes procedures for documenting and disabling recalled tires.  It also describes procedures for disabling and returning unmounted affected inventory.  The letter contains detailed descriptions and photographs showing dealers how to identify the recalled tires."
"22T002","RMISC-22T002-0447.pdf","FIRESTONE","TRANSFORCE HT","9999","This is the press release that was issued on February 4, 2022 in connection with the voluntary safety recall."
"22V007","RCONL-22V007-7652.pdf","PLAY-MOR","199 CAMPING TRAILER","2017","We manufacture custom built units primarily for the film industry.  We do not have a dealer network and sell directly to the client "
"22V007","RCONL-22V007-7652.pdf","PLAY-MOR","2 ROOM TRAILER","2017","We manufacture custom built units primarily for the film industry.  We do not have a dealer network and sell directly to the client "
"22V007","RCONL-22V007-7652.pdf","PLAY-MOR","2 ROOM TRAILER","2018","We manufacture custom built units primarily for the film industry.  We do not have a dealer network and sell directly to the client "
"22V007","RCONL-22V007-7652.pdf","PLAY-MOR","2 ROOM TRAILER","2019","We manufacture custom built units primarily for the film industry.  We do not have a dealer network and sell directly to the client "
"22V007","RCONL-22V007-7652.pdf","PLAY-MOR","2 ROOM TRAILER","2020","We manufacture custom built units primarily for the film industry.  We do not have a dealer network and sell directly to the client "
"22V007","RCONL-22V007-7652.pdf","PLAY-MOR","3 ROOM TRAILER","2017","We manufacture custom built units primarily for the film industry.  We do not have a dealer network and sell directly to the client "
"22V007","RCONL-22V007-7652.pdf","PLAY-MOR","3 ROOM TRAILER","2018","We manufacture custom built units primarily for the film industry.  We do not have a dealer network and sell directly to the client "
"22V007","RCONL-22V007-7652.pdf","PLAY-MOR","3 ROOM TRAILER","2019","We manufacture custom built units primarily for the film industry.  We do not have a dealer network and sell directly to the client "
"22V007","RCONL-22V007-7652.pdf","PLAY-MOR","3 ROOM TRAILER","2020","We manufacture custom built units primarily for the film industry.  We do not have a dealer network and sell directly to the client "
"22V007","RCONL-22V007-7652.pdf","PLAY-MOR","BBQ TRAILER","2017","We manufacture custom built units primarily for the film industry.  We do not have a dealer network and sell directly to the client "
"22V007","RCONL-22V007-7652.pdf","PLAY-MOR","HAIR AND MAKEUP TRAILER","2017","We manufacture custom built units primarily for the film industry.  We do not have a dealer network and sell directly to the client "
"22V007","RCONL-22V007-7652.pdf","PLAY-MOR","HAIR AND MAKEUP TRAILER","2018","We manufacture custom built units primarily for the film industry.  We do not have a dealer network and sell directly to the client "
"22V007","RCONL-22V007-7652.pdf","PLAY-MOR","HAIR AND MAKEUP TRAILER","2019","We manufacture custom built units primarily for the film industry.  We do not have a dealer network and sell directly to the client "
"22V007","RCONL-22V007-7652.pdf","PLAY-MOR","HAIR AND MAKEUP TRAILER","2020","We manufacture custom built units primarily for the film industry.  We do not have a dealer network and sell directly to the client "
"22V007","RCONL-22V007-7652.pdf","PLAY-MOR","MOTORSPORT SUV TRAILER","2019","We manufacture custom built units primarily for the film industry.  We do not have a dealer network and sell directly to the client "
"22V007","RCONL-22V007-7652.pdf","PLAY-MOR","MOTORSPORT SUV TRAILER","2020","We manufacture custom built units primarily for the film industry.  We do not have a dealer network and sell directly to the client "
"22V007","RCONL-22V007-7652.pdf","PLAY-MOR","RESTROOM TRAILER","2017","We manufacture custom built units primarily for the film industry.  We do not have a dealer network and sell directly to the client "
"22V007","RCONL-22V007-7652.pdf","PLAY-MOR","RESTROOM TRAILER","2018","We manufacture custom built units primarily for the film industry.  We do not have a dealer network and sell directly to the client "
"22V007","RCONL-22V007-7652.pdf","PLAY-MOR","RESTROOM TRAILER","2019","We manufacture custom built units primarily for the film industry.  We do not have a dealer network and sell directly to the client "
"22V007","RCONL-22V007-7652.pdf","PLAY-MOR","RESTROOM TRAILER","2020","We manufacture custom built units primarily for the film industry.  We do not have a dealer network and sell directly to the client "
"22V007","RCONL-22V007-7652.pdf","PLAY-MOR","SINGLE ROOM TRAILER","2020","We manufacture custom built units primarily for the film industry.  We do not have a dealer network and sell directly to the client "
"22V051","RCRIT-22V051-8426.pdf","KIA","K900","2016","This document is the Technical Service Bulletin for SC227A regarding the 2016-2018 MY Kia K900 HECU Fuse Replacement.  This bulletin provides information regarding the recall, parts, and remedy instructions."
"22V051","RCRN-22V051-4228.pdf","KIA","K900","2016","This is a renotification to a follow-up letter regarding Safety Recall SC227B on the 2016-2018 MY K900 vehicles Hydraulic Electronic Control Unit (HECU).  The defect can result in a fire in your vehicle's engine compartment.  Our records show that the recall has not been completed on the vehicles.  An engine compartment fire may occur in the area where the Hydraulic Electronic Control Unit (HECU) is located in your vehicle. The exact cause of fire remains unknown.  However, it is believed that the HECU may experience an internal electrical short circuit that could result in overcurrent.  An electrical short circuit in the HECU increases the risk of an engine compartment fire while the vehicle is parked or driving.  A fire increases the risk of injury.  Kia dealers will install a new fuse with a different capacity to prevent an overcurrent condition in the HECUs electrical circuit board.  The actual time required to perform the repair will be approximately one (1) hour.  This work will be performed at Kias expense at no cost to you.  In the interest of the safety of your passengers, as well as your own safety, please immediately contact your Kia dealer to arrange for the recall repair to be conducted.  Out of an abundance of caution, park your vehicle outdoors and away from other vehicles or structures until you have the recall repair performed."
"22V051","RCRN-22V051-5097.pdf","KIA","K900","2016","This is a renotification to a follow-up letter regarding Safety Recall SC227B on the 2014-2016 MY Sportage vehicles Hydraulic Electronic Control Unit (HECU).  The defect can result in a fire in your vehicle's engine compartment.  Our records show that the recall has not been completed on the vehicles.  An engine compartment fire may occur in the area where the Hydraulic Electronic Control Unit (HECU) is located in your vehicle. The exact cause of fire remains unknown.  However, it is believed that the HECU may experience an internal electrical short circuit that could result in overcurrent.  An electrical short circuit in the HECU increases the risk of an engine compartment fire while the vehicle is parked or driving.  A fire increases the risk of injury.  Kia dealers will install a new fuse with a different capacity to prevent an overcurrent condition in the HECUs electrical circuit board.  The actual time required to perform the repair will be approximately one (1) hour.  This work will be performed at Kias expense at no cost to you.  In the interest of the safety of your passengers, as well as your own safety, please immediately contact your Kia dealer to arrange for the recall repair to be conducted.  Out of an abundance of caution, park your vehicle outdoors and away from other vehicles or structures until you have the recall repair performed."
"22V051","RCMN-22V051-1713.pdf","KIA","K900","2016","This document is a Follow-Up Notice to the Dealer Principals regarding SC227 - 2016-2018 MY K900 vehicles Hydraulic Electronic Control Unit (HECU) Safety Recall, advising that the remedy part is now available for the K900 vehicles. Another Follow-Up notice will be sent once the remedy part is available for the 2014-2016 MY Sportage vehicles."
"22V051","RIONL-22V051-3935.pdf","KIA","K900","2016","This document is an Interim Owner Notice advising the owners of the safety recall on the Hydraulic Electronic Control Unit (HECU) on the 2014-2016 MY Sportage vehicles.  The notice advises that another notice will be mailed once the remedy parts are available."
"22V051","RIONL-22V051-5853.pdf","KIA","K900","2016","This document is an interim notice to the owners of the 2016-2018 MY K900 vehicles regarding a safety recall on the Hydraulic Electronic Control Unit (HECU). Another notice will be mailed once the remedy parts are available."
"22V051","RCMN-22V051-0947.pdf","KIA","K900","2016","This document is the Interim notice to the Dealer Principals advising them of the safety recall SC227 regarding - 2016-2018 MY K900 and 2014-2016 MY Sportage vehicles Hydraulic Electronic Control Unit (HECU) Safety Recall Campaign. A follow-up notice will be sent once the remedy part is available."
"22V051","RMISC-22V051-0360.pdf","KIA","K900","2016","This document is the Question and Answer document containing Frequently Asked Questions regarding the safety recall campaign."
"22V051","RMISC-22V051-0979.pdf","KIA","K900","2016","This document is the QA which contains updated information regarding the most frequently asked questions for SC227 - Hydraulic Electronic Control Unit Safety Recall on the 2016 - 2018 MY K900 and 2014-2016 MY Sportage vehicles.  The remedy part is now available."
"22V051","RCMN-22V051-5147.pdf","KIA","K900","2016","This document is the Interim notice to the Dealer Parts and Service Managers advising them of the safety recall SC227 regarding 2016-2018 MY K900 and 2014-2016 MY Sportage vehicles Hydraulic Electronic Control Unit (HECU) Safety Recall Campaign. A follow-up notice will be sent once the remedy part is available."
"22V051","RCMN-22V051-0211.pdf","KIA","K900","2016","This document is a Follow-Up Notice to the Dealer Parts and Service Managers advising them that the remedy part for SC227 Safety Recall on the Hydraulic Electronic Control Unit is now available for the 2014-2016 MY Kia Sportage vehicles."
"22V051","RCMN-22V051-5620.pdf","KIA","K900","2016","This document is a follow-up notice to the dealer principals advising that the remedy part for SC227 Hydraulic Electronic Control Unit is now available for the 2014-2016 MY Kia Sportage vehicles. Owners will be notified on September 22, 2022."
"22V051","RCMN-22V051-7232.pdf","KIA","K900","2016","This document is the Follow-Up Notice to the Dealer Parts & Service Managers advising that the remedy part for SC227 - 2016-2018 MY K900 vehicles is now available. Another Follow-Up Notice will be sent once the remedy part for the 2014-2016 MY Sportage vehicles is available."
"22V051","RMISC-22V051-9631.pdf","KIA","K900","2016","This document is the Follow-Up Question and Answer Guide for the SC227 - 2016-2018 MY Kia K900 vehicles Hydraulic Electronic Control Unit advising that the remedy part is now available for the K900 vehicle only.  Another notice will be sent once the remedy part for the 2014-2016 MY Sportage Vehicles is available."
"22V051","RCONL-22V051-5074.pdf","KIA","K900","2016","This is a follow-up notice to affected2014-2016 MY Sportage vehicle owners advising them that the remedy part is now available for the HECU safety recall.  Requesting the vehicle owners contact their authorized Kia dealer to schedule the repair. SC227 - 22V051"
"22V051","RCONL-22V051-6649.pdf","KIA","K900","2016","This document is a follow-up letter to the 2016-2018 MY Kia K900 vehicle owners advising them that the remedy part is now available. The letter requests the owners contact their authorized Kia dealer to arrange to have the SC227 - HECU Safety Recall performed on their vehicles."
"22V051","RCRIT-22V051-8165.pdf","KIA","K900","2016","This document is the revised Technical Service Bulletin for SC227 - HECU Fuse/Multi-Fuse Replacement which includes additional repair/parts information on the 2014-2016 MY Sportage vehicles."
"22V051","RCMN-22V051-0947.pdf","KIA","K900","2017","This document is the Interim notice to the Dealer Principals advising them of the safety recall SC227 regarding - 2016-2018 MY K900 and 2014-2016 MY Sportage vehicles Hydraulic Electronic Control Unit (HECU) Safety Recall Campaign. A follow-up notice will be sent once the remedy part is available."
"22V051","RCRIT-22V051-8426.pdf","KIA","K900","2017","This document is the Technical Service Bulletin for SC227A regarding the 2016-2018 MY Kia K900 HECU Fuse Replacement.  This bulletin provides information regarding the recall, parts, and remedy instructions."
"22V051","RCRN-22V051-4228.pdf","KIA","K900","2017","This is a renotification to a follow-up letter regarding Safety Recall SC227B on the 2016-2018 MY K900 vehicles Hydraulic Electronic Control Unit (HECU).  The defect can result in a fire in your vehicle's engine compartment.  Our records show that the recall has not been completed on the vehicles.  An engine compartment fire may occur in the area where the Hydraulic Electronic Control Unit (HECU) is located in your vehicle. The exact cause of fire remains unknown.  However, it is believed that the HECU may experience an internal electrical short circuit that could result in overcurrent.  An electrical short circuit in the HECU increases the risk of an engine compartment fire while the vehicle is parked or driving.  A fire increases the risk of injury.  Kia dealers will install a new fuse with a different capacity to prevent an overcurrent condition in the HECUs electrical circuit board.  The actual time required to perform the repair will be approximately one (1) hour.  This work will be performed at Kias expense at no cost to you.  In the interest of the safety of your passengers, as well as your own safety, please immediately contact your Kia dealer to arrange for the recall repair to be conducted.  Out of an abundance of caution, park your vehicle outdoors and away from other vehicles or structures until you have the recall repair performed."
"22V051","RCRN-22V051-5097.pdf","KIA","K900","2017","This is a renotification to a follow-up letter regarding Safety Recall SC227B on the 2014-2016 MY Sportage vehicles Hydraulic Electronic Control Unit (HECU).  The defect can result in a fire in your vehicle's engine compartment.  Our records show that the recall has not been completed on the vehicles.  An engine compartment fire may occur in the area where the Hydraulic Electronic Control Unit (HECU) is located in your vehicle. The exact cause of fire remains unknown.  However, it is believed that the HECU may experience an internal electrical short circuit that could result in overcurrent.  An electrical short circuit in the HECU increases the risk of an engine compartment fire while the vehicle is parked or driving.  A fire increases the risk of injury.  Kia dealers will install a new fuse with a different capacity to prevent an overcurrent condition in the HECUs electrical circuit board.  The actual time required to perform the repair will be approximately one (1) hour.  This work will be performed at Kias expense at no cost to you.  In the interest of the safety of your passengers, as well as your own safety, please immediately contact your Kia dealer to arrange for the recall repair to be conducted.  Out of an abundance of caution, park your vehicle outdoors and away from other vehicles or structures until you have the recall repair performed."
"22V051","RIONL-22V051-3935.pdf","KIA","K900","2017","This document is an Interim Owner Notice advising the owners of the safety recall on the Hydraulic Electronic Control Unit (HECU) on the 2014-2016 MY Sportage vehicles.  The notice advises that another notice will be mailed once the remedy parts are available."
"22V051","RIONL-22V051-5853.pdf","KIA","K900","2017","This document is an interim notice to the owners of the 2016-2018 MY K900 vehicles regarding a safety recall on the Hydraulic Electronic Control Unit (HECU). Another notice will be mailed once the remedy parts are available."
"22V051","RMISC-22V051-0360.pdf","KIA","K900","2017","This document is the Question and Answer document containing Frequently Asked Questions regarding the safety recall campaign."
"22V051","RMISC-22V051-0979.pdf","KIA","K900","2017","This document is the QA which contains updated information regarding the most frequently asked questions for SC227 - Hydraulic Electronic Control Unit Safety Recall on the 2016 - 2018 MY K900 and 2014-2016 MY Sportage vehicles.  The remedy part is now available."
"22V056","RCONL-22V056-9748.pdf","HYUNDAI","SANTA FE","2016","The subject vehicles are equipped with Anti-Lock Brake System (ABS) modules that could malfunction internally and cause an electrical short. An electrical short could result in an engine compartment fire while parked or driving."
"22V056","RCRIT-22V056-1099.pdf","HYUNDAI","SANTA FE","2016","Certain 2017-2018MY Santa Fe Sport (AN), 2017-2018MY Santa Fe (NC), 2019MY Santa Fe XL (NC), and 2014-2015MY Tucson (LM) vehicles may develop an electrical short in the hydraulic unit assembly (HECU) which may increase the risk of an engine compartment fire. This bulletin describes the procedure to install a replacement multi-fuse."
"22V056","RCRIT-22V056-5118.pdf","HYUNDAI","SANTA FE","2016","Certain 2022 Santa Fe Hybrid (TM HEV) and Santa Fe Plug-In Hybrid (TM PHEV) instrument panel (IP)"
"22V056","RCRIT-22V056-5158.pdf","HYUNDAI","SANTA FE","2016","Certain 2017-2018MY Santa Fe Sport (AN), 2017-2018MY Santa Fe (NC), and 2019MY 
Santa Fe XL (NC) vehicles may develop an electrical short in the hydraulic unit assembly (HECU) which 
may increase the risk of an engine compartment fire. This bulletin describes the procedure to install a 
replacement multi-fuse."
"22V056","RCRIT-22V056-9626.pdf","HYUNDAI","SANTA FE","2016","Certain 2017-2018MY Santa Fe Sport (AN), 2016-2018MY Santa Fe (NC), 2019MY Santa Fe XL (NC), and 2014-2015MY Tucson (LM) vehicles may develop an electrical short in the hydraulic unit assembly (HECU) which may increase the risk of an engine compartment fire. This bulletin describes the procedure to install a replacement multi-fuse."
"22V056","RCMN-22V056-8228.pdf","HYUNDAI","SANTA FE","2016","Certain 2017-2018MY Santa Fe Sport (AN), 2017-2018MY Santa Fe (NC), 2019MY Santa Fe XL (NC), and 2014-2015MY Tucson (LM) vehicles may develop an electrical short in the hydraulic unit assembly (HECU) which may increase the risk of an engine compartment fire. This campaign bulletin describes the procedure to install a replacement multi-fuse."
"22V056","RCMN-22V056-1621.pdf","HYUNDAI","SANTA FE","2016","Certain 2017-2018MY Santa Fe Sport (AN). 2017-18MY Santa Fe (NC) & 2019MY Santa Fe XL (NC) vehicles may develop 
an electrical short in the hydraulic unit assembly (HECU) which may increase the risk of an engine compartment fire. This 
Technical Service Bulletin (TSB) 22-01-029H-2 bulletin describes the procedure to replace the multi-fuse and upper cover."
"22V056","RIONL-22V056-6938.pdf","HYUNDAI","SANTA FE","2016","The subject vehicles are equipped with Anti-Lock Brake System (ABS) modules that could malfunction internally and cause an electrical 
short. An electrical short could result in an engine compartment fire while parked or driving."
"22V056","RIONL-22V056-9236.pdf","HYUNDAI","SANTA FE","2016","The subject vehicles are equipped with Anti-Lock Brake System (ABS) modules that could malfunction internally and cause an electrical
short. An electrical short could result in an engine compartment fire while parked or driving."
"22V056","RCMN-22V056-6457.pdf","HYUNDAI","SANTA FE","2016","Certain 2017-2018MY Santa Fe Sport (AN), 2016-2018MY Santa Fe (NC), 2019MY Santa Fe XL (NC), and 2014-2015MY Tucson (LM) vehicles may develop an electrical short in the hydraulic unit assembly (HECU) which may increase the risk of an engine compartment fire. This campaign bulletin describes the procedure to install a replacement multi-fuse."
"22V056","RCMN-22V056-5970.pdf","HYUNDAI","SANTA FE","2016","Certain 2017-2018MY Santa Fe Sport (AN) vehicles may develop an electrical short in the hydraulic unit assembly (HECU) which may increase the risk of an engine compartment fire. This Technical Service Bulletin (TSB) 22-01-029H-1 bulletin describes the procedure to replace the multi-fuse and upper cover."
"22V056","RCMN-22V056-1899.pdf","HYUNDAI","SANTA FE","2016","Certain 2014-15MY Tucson (LM) & 2016MY Santa Fe (NC) vehicles may develop an electrical short in the hydraulic unit assembly (HECU), which may increase the risk of an engine compartment fire."
"22V056","RIONL-22V056-9236.pdf","HYUNDAI","SANTA FE","2017","The subject vehicles are equipped with Anti-Lock Brake System (ABS) modules that could malfunction internally and cause an electrical
short. An electrical short could result in an engine compartment fire while parked or driving."
"22V056","RCMN-22V056-7107.pdf","HYUNDAI","SANTA FE","2017","Certain 2017-2018MY Santa Fe Sport (AN), 2017-2018MY Santa Fe (NC), 2019MY Santa Fe XL (NC), and 2014-2015MY Tucson (LM) vehicles may develop an electrical short in the hydraulic unit assembly (HECU) which may increase the risk of an engine compartment fire. This bulletin describes the procedure to install a replacement multi-fuse."
"22V056","RCMN-22V056-6457.pdf","HYUNDAI","SANTA FE","2017","Certain 2017-2018MY Santa Fe Sport (AN), 2016-2018MY Santa Fe (NC), 2019MY Santa Fe XL (NC), and 2014-2015MY Tucson (LM) vehicles may develop an electrical short in the hydraulic unit assembly (HECU) which may increase the risk of an engine compartment fire. This campaign bulletin describes the procedure to install a replacement multi-fuse."
"22V056","RCMN-22V056-5970.pdf","HYUNDAI","SANTA FE","2017","Certain 2017-2018MY Santa Fe Sport (AN) vehicles may develop an electrical short in the hydraulic unit assembly (HECU) which may increase the risk of an engine compartment fire. This Technical Service Bulletin (TSB) 22-01-029H-1 bulletin describes the procedure to replace the multi-fuse and upper cover."
"22V056","RCMN-22V056-3218.pdf","HYUNDAI","SANTA FE","2017","Certain 2017-2018MY Santa Fe Sport (AN), 2017-2018MY Santa Fe (NC), 2019MY Santa Fe XL (NC), and 2014-2015MY Tucson (LM) vehicles may develop an electrical short in the hydraulic unit assembly (HECU) which may increase the risk of an engine compartment fire. This campaign bulletin describes the procedure to install a replacement multi-fuse."
"22V056","RCMN-22V056-1899.pdf","HYUNDAI","SANTA FE","2017","Certain 2014-15MY Tucson (LM) & 2016MY Santa Fe (NC) vehicles may develop an electrical short in the hydraulic unit assembly (HECU), which may increase the risk of an engine compartment fire."
"22V056","RCMN-22V056-1621.pdf","HYUNDAI","SANTA FE","2017","Certain 2017-2018MY Santa Fe Sport (AN). 2017-18MY Santa Fe (NC) & 2019MY Santa Fe XL (NC) vehicles may develop 
an electrical short in the hydraulic unit assembly (HECU) which may increase the risk of an engine compartment fire. This 
Technical Service Bulletin (TSB) 22-01-029H-2 bulletin describes the procedure to replace the multi-fuse and upper cover."
"22V056","RCONL-22V056-0114.pdf","HYUNDAI","SANTA FE","2017","The subject vehicles are equipped with Anti-Lock Brake System (ABS) modules that could malfunction internally and cause an electrical short. An electrical short could result in an engine compartment fire while parked or driving."
"22V056","RCONL-22V056-9719.pdf","HYUNDAI","SANTA FE","2017","The subject vehicles are equipped with Anti-Lock Brake System (ABS) modules that could malfunction internally and cause an electrical 
short. An electrical short could result in an engine compartment fire while parked or driving."
"22V056","RCRIT-22V056-5118.pdf","HYUNDAI","SANTA FE","2017","Certain 2022 Santa Fe Hybrid (TM HEV) and Santa Fe Plug-In Hybrid (TM PHEV) instrument panel (IP)"
"22V056","RCRIT-22V056-5158.pdf","HYUNDAI","SANTA FE","2017","Certain 2017-2018MY Santa Fe Sport (AN), 2017-2018MY Santa Fe (NC), and 2019MY 
Santa Fe XL (NC) vehicles may develop an electrical short in the hydraulic unit assembly (HECU) which 
may increase the risk of an engine compartment fire. This bulletin describes the procedure to install a 
replacement multi-fuse."
"22V056","RCRIT-22V056-9626.pdf","HYUNDAI","SANTA FE","2017","Certain 2017-2018MY Santa Fe Sport (AN), 2016-2018MY Santa Fe (NC), 2019MY Santa Fe XL (NC), and 2014-2015MY Tucson (LM) vehicles may develop an electrical short in the hydraulic unit assembly (HECU) which may increase the risk of an engine compartment fire. This bulletin describes the procedure to install a replacement multi-fuse."
"22V056","RCONL-22V056-0114.pdf","HYUNDAI","SANTA FE","2018","The subject vehicles are equipped with Anti-Lock Brake System (ABS) modules that could malfunction internally and cause an electrical short. An electrical short could result in an engine compartment fire while parked or driving."
"22V076","RCMN-22V076-6470.pdf","THOR MOTOR COACH","ACE","2022","It has been discovered that on certain model year 2022 Ace, Freedom Traveler, Hurricane, and Windsport motorhomes, the rear ladders may have been installed on the incorrect side of the motorhome. If a person were to use the ladder while incorrectly installed, it would have the potential to break off motorhome"
"22V076","RCRIT-22V076-2230.pdf","THOR MOTOR COACH","ACE","2022","It has been discovered that on certain model year 2022 Ace, Freedom Traveler, Hurricane, and Windsport units, the ladder may have been installed on the incorrect side of the motorhome. The ladder should be installed on the right (passenger) side except the 35M Hurricane/Windsport"
"22V076","RCRIT-22V076-2230.pdf","THOR MOTOR COACH","FREEDOM TRAVELER","2022","It has been discovered that on certain model year 2022 Ace, Freedom Traveler, Hurricane, and Windsport units, the ladder may have been installed on the incorrect side of the motorhome. The ladder should be installed on the right (passenger) side except the 35M Hurricane/Windsport"
"22V076","RCMN-22V076-6470.pdf","THOR MOTOR COACH","FREEDOM TRAVELER","2022","It has been discovered that on certain model year 2022 Ace, Freedom Traveler, Hurricane, and Windsport motorhomes, the rear ladders may have been installed on the incorrect side of the motorhome. If a person were to use the ladder while incorrectly installed, it would have the potential to break off motorhome"
"22V076","RCRIT-22V076-2230.pdf","THOR MOTOR COACH","HURRICANE","2022","It has been discovered that on certain model year 2022 Ace, Freedom Traveler, Hurricane, and Windsport units, the ladder may have been installed on the incorrect side of the motorhome. The ladder should be installed on the right (passenger) side except the 35M Hurricane/Windsport"
"22V076","RCMN-22V076-6470.pdf","THOR MOTOR COACH","HURRICANE","2022","It has been discovered that on certain model year 2022 Ace, Freedom Traveler, Hurricane, and Windsport motorhomes, the rear ladders may have been installed on the incorrect side of the motorhome. If a person were to use the ladder while incorrectly installed, it would have the potential to break off motorhome"
"22V076","RCRIT-22V076-2230.pdf","THOR MOTOR COACH","WINDSPORT","2022","It has been discovered that on certain model year 2022 Ace, Freedom Traveler, Hurricane, and Windsport units, the ladder may have been installed on the incorrect side of the motorhome. The ladder should be installed on the right (passenger) side except the 35M Hurricane/Windsport"
"22V076","RCMN-22V076-6470.pdf","THOR MOTOR COACH","WINDSPORT","2022","It has been discovered that on certain model year 2022 Ace, Freedom Traveler, Hurricane, and Windsport motorhomes, the rear ladders may have been installed on the incorrect side of the motorhome. If a person were to use the ladder while incorrectly installed, it would have the potential to break off motorhome"
"22V079","RCMN-22V079-9266.pdf","AUTOCAR","LEGEND","2020","Dealer notification provides information regarding the defect, safety risk, what to do and contact information."
"22V079","RCONL-22V079-8999.pdf","AUTOCAR","LEGEND","2020","Owner notification provides information regarding the defect, safety risk, what to do and contact information."
"22V079","RCONL-22V079-8999.pdf","AUTOCAR","LEGEND","2021","Owner notification provides information regarding the defect, safety risk, what to do and contact information."
"22V079","RCMN-22V079-9266.pdf","AUTOCAR","LEGEND","2021","Dealer notification provides information regarding the defect, safety risk, what to do and contact information."
"22V079","RCMN-22V079-9266.pdf","AUTOCAR","LEGEND","2022","Dealer notification provides information regarding the defect, safety risk, what to do and contact information."
"22V079","RCONL-22V079-8999.pdf","AUTOCAR","LEGEND","2022","Owner notification provides information regarding the defect, safety risk, what to do and contact information."
"22V089","RCRN-22V089-1918.pdf","FORD","E-350","2021","22S08 Renotification.  Mailed July 30, 2024"
"22V089","RCMN-22V089-5302.pdf","FORD","E-350","2021","NEW VEHICLE DEMONSTRATION / DELIVERY HOLD -
Safety Recall 22S08
Certain 2021-2022 Model Year Econoline Vehicles Equipped with Dual Rear Wheels
Hydroboost or Hydromax Power Steering Pressure Line Inspection"
"22V089","RCONL-22V089-1849.pdf","FORD","E-350","2021","22S08 Owner letter.  Mailed March 18, 2022"
"22V089","RCRN-22V089-6235.pdf","FORD","E-350","2021","22S08 renotification.  Mailed June 28, 2022"
"22V089","RCRN-22V089-7465.pdf","FORD","E-350","2021","22S08 renotification.  Mailed August 31, 2023"
"22V089","RCMN-22V089-5302.pdf","FORD","E-350","2022","NEW VEHICLE DEMONSTRATION / DELIVERY HOLD -
Safety Recall 22S08
Certain 2021-2022 Model Year Econoline Vehicles Equipped with Dual Rear Wheels
Hydroboost or Hydromax Power Steering Pressure Line Inspection"
"22V089","RCONL-22V089-1849.pdf","FORD","E-350","2022","22S08 Owner letter.  Mailed March 18, 2022"
"22V089","RCRN-22V089-1918.pdf","FORD","E-350","2022","22S08 Renotification.  Mailed July 30, 2024"
"22V089","RCRN-22V089-6235.pdf","FORD","E-350","2022","22S08 renotification.  Mailed June 28, 2022"
"22V089","RCRN-22V089-7465.pdf","FORD","E-350","2022","22S08 renotification.  Mailed August 31, 2023"
"22V089","RCRN-22V089-1918.pdf","FORD","E-450","2021","22S08 Renotification.  Mailed July 30, 2024"
"22V089","RCRN-22V089-6235.pdf","FORD","E-450","2021","22S08 renotification.  Mailed June 28, 2022"
"22V089","RCMN-22V089-5302.pdf","FORD","E-450","2021","NEW VEHICLE DEMONSTRATION / DELIVERY HOLD -
Safety Recall 22S08
Certain 2021-2022 Model Year Econoline Vehicles Equipped with Dual Rear Wheels
Hydroboost or Hydromax Power Steering Pressure Line Inspection"
"22V089","RCRN-22V089-7465.pdf","FORD","E-450","2021","22S08 renotification.  Mailed August 31, 2023"
"22V089","RCONL-22V089-1849.pdf","FORD","E-450","2021","22S08 Owner letter.  Mailed March 18, 2022"
"22V089","RCMN-22V089-5302.pdf","FORD","E-450","2022","NEW VEHICLE DEMONSTRATION / DELIVERY HOLD -
Safety Recall 22S08
Certain 2021-2022 Model Year Econoline Vehicles Equipped with Dual Rear Wheels
Hydroboost or Hydromax Power Steering Pressure Line Inspection"
"22V089","RCONL-22V089-1849.pdf","FORD","E-450","2022","22S08 Owner letter.  Mailed March 18, 2022"
"22V089","RCRN-22V089-1918.pdf","FORD","E-450","2022","22S08 Renotification.  Mailed July 30, 2024"
"22V089","RCRN-22V089-6235.pdf","FORD","E-450","2022","22S08 renotification.  Mailed June 28, 2022"
"22V089","RCRN-22V089-7465.pdf","FORD","E-450","2022","22S08 renotification.  Mailed August 31, 2023"
"22V113","RCMN-22V113-5089.pdf","LEGEND MANUFACTURING","EV","2022","Manufacturer's Notice to Dealers"
"22V113","RCMN-22V113-5089.pdf","LEGEND MANUFACTURING","TV","2022","Manufacturer's Notice to Dealers"
"22V122","RIONL-22V122-9325.pdf","KAWASAKI","W800","2019","Customer Letter announcing recall and what to do next for customers."
"22V122","RCONL-22V122-0343.pdf","KAWASAKI","W800","2019","Customer letter indicating parts are now available."
"22V122","RCRIT-22V122-4955.pdf","KAWASAKI","W800","2019","Service Bulletin with the remedy instructions for dealers."
"22V122","RCSB-22V122-3860.pdf","KAWASAKI","W800","2019","A revised bulletin was sent to dealers notifying that parts are now available."
"22V122","RCMN-22V122-9048.pdf","KAWASAKI","W800","2019","Stop Sale sent to dealers."
"22V122","RCMN-22V122-9048.pdf","KAWASAKI","W800","2020","Stop Sale sent to dealers."
"22V122","RCONL-22V122-0343.pdf","KAWASAKI","W800","2020","Customer letter indicating parts are now available."
"22V122","RCRIT-22V122-4955.pdf","KAWASAKI","W800","2020","Service Bulletin with the remedy instructions for dealers."
"22V122","RIONL-22V122-9325.pdf","KAWASAKI","W800","2020","Customer Letter announcing recall and what to do next for customers."
"22V122","RCSB-22V122-3860.pdf","KAWASAKI","W800","2020","A revised bulletin was sent to dealers notifying that parts are now available."
"22V122","RIONL-22V122-9325.pdf","KAWASAKI","W800","2021","Customer Letter announcing recall and what to do next for customers."
"22V122","RCSB-22V122-3860.pdf","KAWASAKI","W800","2021","A revised bulletin was sent to dealers notifying that parts are now available."
"22V122","RCRIT-22V122-4955.pdf","KAWASAKI","W800","2021","Service Bulletin with the remedy instructions for dealers."
"22V122","RCMN-22V122-9048.pdf","KAWASAKI","W800","2021","Stop Sale sent to dealers."
"22V122","RCONL-22V122-0343.pdf","KAWASAKI","W800","2021","Customer letter indicating parts are now available."
"22V122","RIONL-22V122-9325.pdf","KAWASAKI","W800","2022","Customer Letter announcing recall and what to do next for customers."
"22V122","RCRIT-22V122-4955.pdf","KAWASAKI","W800","2022","Service Bulletin with the remedy instructions for dealers."
"22V122","RCONL-22V122-0343.pdf","KAWASAKI","W800","2022","Customer letter indicating parts are now available."
"22V122","RCMN-22V122-9048.pdf","KAWASAKI","W800","2022","Stop Sale sent to dealers."
"22V122","RCSB-22V122-3860.pdf","KAWASAKI","W800","2022","A revised bulletin was sent to dealers notifying that parts are now available."
"22V210","RCSB-22V210-3795.pdf","BUICK","ENCLAVE","2021","N212352140 recall; incompatible electrical terminals can result in an open or intermittent connection to the roof rail airbag and could prevent airbag deployment when commanded; right side service procedure"
"22V210","RMISC-22V210-2384.pdf","BUICK","ENCLAVE","2021","N212352140 recall; the harness connector to the left or right side roof rail airbag may have had incompatible electrical terminals installed during offline service at GMs assembly plant; supplemental information to assist dealers in addressing customer questions"
"22V210","RMISC-22V210-8131.pdf","BUICK","ENCLAVE","2021","N212352140 recall; incompatible electrical terminals can result in an open or intermittent connection to the roof rail airbag and could prevent airbag deployment when commanded; supplemental information to assist dealers in addressing customer questions"
"22V210","RCMN-22V210-0870.pdf","BUICK","ENCLAVE","2021","N212352140 recall; incompatible electrical terminals can result in an open or intermittent connection to the roof rail airbag and could prevent airbag deployment when commanded; dealer notification"
"22V210","RCMN-22V210-0244.pdf","BUICK","ENCLAVE","2021","N212352140 recall; the harness connector to the left or right side roof rail airbag may have had incompatible electrical terminals installed during offline service at GMs assembly plant; dealer recall notification"
"22V210","RCSB-22V210-0887.pdf","BUICK","ENCLAVE","2021","N212352140 recall; incompatible electrical terminals can result in an open or intermittent connection to the roof rail airbag and could prevent airbag deployment when commanded; left side service procedure"
"22V210","RCONL-22V210-5759.pdf","BUICK","ENCLAVE","2021","N212352140 recall; harness connector to the passenger side roof rail airbag may have incompatible electrical terminals that can result in an open or intermittent connection to the passenger side roof rail airbag and could prevent airbag deployment when commanded; owner notification of available remedy"
"22V210","RMISC-22V210-2384.pdf","BUICK","ENCLAVE","2022","N212352140 recall; the harness connector to the left or right side roof rail airbag may have had incompatible electrical terminals installed during offline service at GMs assembly plant; supplemental information to assist dealers in addressing customer questions"
"22V210","RMISC-22V210-8131.pdf","BUICK","ENCLAVE","2022","N212352140 recall; incompatible electrical terminals can result in an open or intermittent connection to the roof rail airbag and could prevent airbag deployment when commanded; supplemental information to assist dealers in addressing customer questions"
"22V210","RCONL-22V210-5759.pdf","BUICK","ENCLAVE","2022","N212352140 recall; harness connector to the passenger side roof rail airbag may have incompatible electrical terminals that can result in an open or intermittent connection to the passenger side roof rail airbag and could prevent airbag deployment when commanded; owner notification of available remedy"
"22V210","RCSB-22V210-3795.pdf","BUICK","ENCLAVE","2022","N212352140 recall; incompatible electrical terminals can result in an open or intermittent connection to the roof rail airbag and could prevent airbag deployment when commanded; right side service procedure"
"22V210","RCSB-22V210-0887.pdf","BUICK","ENCLAVE","2022","N212352140 recall; incompatible electrical terminals can result in an open or intermittent connection to the roof rail airbag and could prevent airbag deployment when commanded; left side service procedure"
"22V210","RCMN-22V210-7342.pdf","BUICK","ENCLAVE","2022","N212352140 recall; incompatible electrical terminals can result in an open or intermittent connection to the roof rail airbag and could prevent airbag deployment when commanded; dealer notification"
"22V210","RCMN-22V210-0244.pdf","BUICK","ENCLAVE","2022","N212352140 recall; the harness connector to the left or right side roof rail airbag may have had incompatible electrical terminals installed during offline service at GMs assembly plant; dealer recall notification"
"22V210","RMISC-22V210-2384.pdf","CHEVROLET","TRAVERSE","2020","N212352140 recall; the harness connector to the left or right side roof rail airbag may have had incompatible electrical terminals installed during offline service at GMs assembly plant; supplemental information to assist dealers in addressing customer questions"
"22V210","RCMN-22V210-7342.pdf","CHEVROLET","TRAVERSE","2020","N212352140 recall; incompatible electrical terminals can result in an open or intermittent connection to the roof rail airbag and could prevent airbag deployment when commanded; dealer notification"
"22V210","RCMN-22V210-0244.pdf","CHEVROLET","TRAVERSE","2020","N212352140 recall; the harness connector to the left or right side roof rail airbag may have had incompatible electrical terminals installed during offline service at GMs assembly plant; dealer recall notification"
"22V210","RCONL-22V210-5759.pdf","CHEVROLET","TRAVERSE","2020","N212352140 recall; harness connector to the passenger side roof rail airbag may have incompatible electrical terminals that can result in an open or intermittent connection to the passenger side roof rail airbag and could prevent airbag deployment when commanded; owner notification of available remedy"
"22V210","RCSB-22V210-0887.pdf","CHEVROLET","TRAVERSE","2020","N212352140 recall; incompatible electrical terminals can result in an open or intermittent connection to the roof rail airbag and could prevent airbag deployment when commanded; left side service procedure"
"22V210","RCSB-22V210-3795.pdf","CHEVROLET","TRAVERSE","2020","N212352140 recall; incompatible electrical terminals can result in an open or intermittent connection to the roof rail airbag and could prevent airbag deployment when commanded; right side service procedure"
"22V210","RMISC-22V210-8131.pdf","CHEVROLET","TRAVERSE","2020","N212352140 recall; incompatible electrical terminals can result in an open or intermittent connection to the roof rail airbag and could prevent airbag deployment when commanded; supplemental information to assist dealers in addressing customer questions"
"22V210","RMISC-22V210-8131.pdf","CHEVROLET","TRAVERSE","2021","N212352140 recall; incompatible electrical terminals can result in an open or intermittent connection to the roof rail airbag and could prevent airbag deployment when commanded; supplemental information to assist dealers in addressing customer questions"
"22V210","RCMN-22V210-0870.pdf","CHEVROLET","TRAVERSE","2021","N212352140 recall; incompatible electrical terminals can result in an open or intermittent connection to the roof rail airbag and could prevent airbag deployment when commanded; dealer notification"
"22V210","RCMN-22V210-0244.pdf","CHEVROLET","TRAVERSE","2021","N212352140 recall; the harness connector to the left or right side roof rail airbag may have had incompatible electrical terminals installed during offline service at GMs assembly plant; dealer recall notification"
"22V210","RMISC-22V210-2384.pdf","CHEVROLET","TRAVERSE","2021","N212352140 recall; the harness connector to the left or right side roof rail airbag may have had incompatible electrical terminals installed during offline service at GMs assembly plant; supplemental information to assist dealers in addressing customer questions"
"22V289","RCRIT-22V289-1970.pdf","KZRV","CONFLUENCE","2021","Repair instructions for this recall."
"22V289","RCONL-22V289-7462.pdf","KZRV","CONFLUENCE","2021","Issued copy of owners letter"
"22V289","RCMN-22V289-7177.pdf","KZRV","CONFLUENCE","2021","Manufacturers notice"
"22V289","RCMN-22V289-7177.pdf","KZRV","CONFLUENCE","2022","Manufacturers notice"
"22V289","RCONL-22V289-7462.pdf","KZRV","CONFLUENCE","2022","Issued copy of owners letter"
"22V289","RCRIT-22V289-1970.pdf","KZRV","CONFLUENCE","2022","Repair instructions for this recall."
"22V289","RCRIT-22V289-1970.pdf","KZRV","CONNECT","2021","Repair instructions for this recall."
"22V289","RCMN-22V289-7177.pdf","KZRV","CONNECT","2021","Manufacturers notice"
"22V289","RCONL-22V289-7462.pdf","KZRV","CONNECT","2021","Issued copy of owners letter"
"22V289","RCMN-22V289-7177.pdf","KZRV","CONNECT","2022","Manufacturers notice"
"22V289","RCRIT-22V289-1970.pdf","KZRV","CONNECT","2022","Repair instructions for this recall."
"22V289","RCONL-22V289-7462.pdf","KZRV","CONNECT","2022","Issued copy of owners letter"
"22V289","RCONL-22V289-7462.pdf","KZRV","DURANGO","2021","Issued copy of owners letter"
"22V289","RCRIT-22V289-1970.pdf","KZRV","DURANGO","2021","Repair instructions for this recall."
"22V289","RCMN-22V289-7177.pdf","KZRV","DURANGO","2021","Manufacturers notice"
"22V289","RCONL-22V289-7462.pdf","KZRV","DURANGO","2022","Issued copy of owners letter"
"22V289","RCMN-22V289-7177.pdf","KZRV","DURANGO","2022","Manufacturers notice"
"22V289","RCRIT-22V289-1970.pdf","KZRV","DURANGO","2022","Repair instructions for this recall."
"22V289","RCONL-22V289-7462.pdf","KZRV","DURANGO GOLD","2021","Issued copy of owners letter"
"22V289","RCMN-22V289-7177.pdf","KZRV","DURANGO GOLD","2021","Manufacturers notice"
"22V289","RCRIT-22V289-1970.pdf","KZRV","DURANGO GOLD","2021","Repair instructions for this recall."
"22V289","RCRIT-22V289-1970.pdf","KZRV","DURANGO GOLD","2022","Repair instructions for this recall."
"22V289","RCONL-22V289-7462.pdf","KZRV","DURANGO GOLD","2022","Issued copy of owners letter"
"22V289","RCMN-22V289-7177.pdf","KZRV","DURANGO GOLD","2022","Manufacturers notice"
"22V289","RCONL-22V289-7462.pdf","KZRV","ESCAPE","2021","Issued copy of owners letter"
"22V310","RCONL-22V310-6335.pdf","TOYOTA","4RUNNER","2022","This communication is to inform owners of a noncompliance recall for certain 2022 Highlander, Highlander Hybrid, Tacoma and 4Runner vehicles with a required load carrying capacity modification label that may become illegible. As such, these vehicles fail to comply with the requirements of Federal Motor Vehicle Safety Standard (FMVSS) number 110, ""Tire Selection and Rims."
"22V310","RCMN-22V310-8394.pdf","TOYOTA","4RUNNER","2022","This communication is to inform dealers of a noncompliance recall for certain 2022 Highlander, Highlander Hybrid, Tacoma and 4Runner vehicles with a required load carrying capacity modification label that may become illegible. As such, these vehicles fail to comply with the requirements of Federal Motor Vehicle Safety Standard (FMVSS) number 110, ""Tire Selection and Rims."
"22V310","RCONL-22V310-6335.pdf","TOYOTA","HIGHLANDER","2022","This communication is to inform owners of a noncompliance recall for certain 2022 Highlander, Highlander Hybrid, Tacoma and 4Runner vehicles with a required load carrying capacity modification label that may become illegible. As such, these vehicles fail to comply with the requirements of Federal Motor Vehicle Safety Standard (FMVSS) number 110, ""Tire Selection and Rims."
"22V310","RCMN-22V310-8394.pdf","TOYOTA","HIGHLANDER","2022","This communication is to inform dealers of a noncompliance recall for certain 2022 Highlander, Highlander Hybrid, Tacoma and 4Runner vehicles with a required load carrying capacity modification label that may become illegible. As such, these vehicles fail to comply with the requirements of Federal Motor Vehicle Safety Standard (FMVSS) number 110, ""Tire Selection and Rims."
"22V310","RCMN-22V310-8394.pdf","TOYOTA","HIGHLANDER HYBRID","2022","This communication is to inform dealers of a noncompliance recall for certain 2022 Highlander, Highlander Hybrid, Tacoma and 4Runner vehicles with a required load carrying capacity modification label that may become illegible. As such, these vehicles fail to comply with the requirements of Federal Motor Vehicle Safety Standard (FMVSS) number 110, ""Tire Selection and Rims."
"22V310","RCONL-22V310-6335.pdf","TOYOTA","HIGHLANDER HYBRID","2022","This communication is to inform owners of a noncompliance recall for certain 2022 Highlander, Highlander Hybrid, Tacoma and 4Runner vehicles with a required load carrying capacity modification label that may become illegible. As such, these vehicles fail to comply with the requirements of Federal Motor Vehicle Safety Standard (FMVSS) number 110, ""Tire Selection and Rims."
"22V310","RCMN-22V310-8394.pdf","TOYOTA","TACOMA","2022","This communication is to inform dealers of a noncompliance recall for certain 2022 Highlander, Highlander Hybrid, Tacoma and 4Runner vehicles with a required load carrying capacity modification label that may become illegible. As such, these vehicles fail to comply with the requirements of Federal Motor Vehicle Safety Standard (FMVSS) number 110, ""Tire Selection and Rims."
"22V310","RCONL-22V310-6335.pdf","TOYOTA","TACOMA","2022","This communication is to inform owners of a noncompliance recall for certain 2022 Highlander, Highlander Hybrid, Tacoma and 4Runner vehicles with a required load carrying capacity modification label that may become illegible. As such, these vehicles fail to comply with the requirements of Federal Motor Vehicle Safety Standard (FMVSS) number 110, ""Tire Selection and Rims."
"22V331","RIONL-22V331-9596.pdf","FORD","ESCAPE","2020","22S33 Interim Owner Letter.  Mailed July 12, 2022"
"22V331","RCMN-22V331-9664.pdf","FORD","ESCAPE","2020","NEW VEHICLE DEMONSTRATION / DELIVERY HOLD Advance Notice
Safety Recall 22S33
Certain 2020 Model Year Escape PHEV Vehicles
Certain 2021 Model Year Corsair PHEV Vehicles
High Voltage Battery Replacement"
"22V331","RCONL-22V331-6407.pdf","FORD","ESCAPE","2020","22S33 Parts available owner letter.  Mailed August 8, 2022"
"22V331","RCMN-22V331-3075.pdf","FORD","ESCAPE","2020","NEW VEHICLE DEMONSTRATION / DELIVERY HOLD
Safety Recall 22S33
Certain 2020 Model Year Escape PHEV Vehicles
Certain 2021 Model Year Corsair PHEV Vehicles
High Voltage Battery Replacement"
"22V331","RCMN-22V331-9664.pdf","LINCOLN","CORSAIR","2021","NEW VEHICLE DEMONSTRATION / DELIVERY HOLD Advance Notice
Safety Recall 22S33
Certain 2020 Model Year Escape PHEV Vehicles
Certain 2021 Model Year Corsair PHEV Vehicles
High Voltage Battery Replacement"
"22V331","RIONL-22V331-9596.pdf","LINCOLN","CORSAIR","2021","22S33 Interim Owner Letter.  Mailed July 12, 2022"
"22V331","RCONL-22V331-6407.pdf","LINCOLN","CORSAIR","2021","22S33 Parts available owner letter.  Mailed August 8, 2022"
"22V331","RCMN-22V331-3075.pdf","LINCOLN","CORSAIR","2021","NEW VEHICLE DEMONSTRATION / DELIVERY HOLD
Safety Recall 22S33
Certain 2020 Model Year Escape PHEV Vehicles
Certain 2021 Model Year Corsair PHEV Vehicles
High Voltage Battery Replacement"
"22V365","RCRN-22V365-3400.pdf","MERCEDES-BENZ","A 220","2019","Please find the owner renotification letter for 22V365 distributed 04APR2025. For any questions, please contact the Mercedes-Benz USA Safety Recalls Team at safetyrecalls@mbusa.com."
"22V365","RCRN-22V365-9426.pdf","MERCEDES-BENZ","A 220","2019","Please find the owner notification letter for 22V365 distributed 29JUL2024. For any questions, please contact the Mercedes-Benz USA Safety Recalls Team at safetyrecalls@mbusa.com."
"22V365","RMISC-22V365-7389.pdf","MERCEDES-BENZ","A 220","2019","Please find the chronology supplement for 22V365 uploaded 19NOV2024. For any questions, please contact the Mercedes-Benz USA Safety Recalls Team at safetyrecalls@mbusa.com."
"22V365","RCRIT-22V365-2543.pdf","MERCEDES-BENZ","A 220","2019","Please find the remedy instruction and TSB for 22V365 distributed 03MAY2024. For any questions, please contact the Mercedes-Benz USA Safety Recalls Team at safetyrecalls@mbusa.com."
"22V365","RCMN-22V365-0073.pdf","MERCEDES-BENZ","A 220","2019","Please find the manufacturer's notice to dealers for 22V365 distributed 21MAR2025. For any questions, please contact the Mercedes-Benz USA Safety Recalls Team at safetyrecalls@mbusa.com."
"22V365","RCMN-22V365-1770.pdf","MERCEDES-BENZ","A 220","2019","Please find the manufacturer's notice to dealers for 22V365 distributed 03MAY2024. For any questions, please contact the Mercedes-Benz USA Safety Recalls Team at safetyrecalls@mbusa.com."
"22V365","RCMN-22V365-4373.pdf","MERCEDES-BENZ","A 220","2019","Please find the manufacturer's notice to dealers for 22V365 distributed 03MAR2025. For any questions, please contact the Mercedes-Benz USA Safety Recalls Team at safetyrecalls@mbusa.com."
"22V365","RCMN-22V365-7902.pdf","MERCEDES-BENZ","A 220","2019","Please find the manufacturer's notice to dealers for 22V365 distributed 24JUN2022. For any questions, please contact Gregory Gunther at gregory.gunther@mbusa.com"
"22V365","RCMN-22V365-8016.pdf","MERCEDES-BENZ","A 220","2019","Please find the manufacturer's notice to dealers for 22V365 distributed 06DEC2024. For any questions, please contact the Mercedes-Benz USA Safety Recalls Team at safetyrecalls@mbusa.com."
"22V365","RCMN-22V365-9083.pdf","MERCEDES-BENZ","A 220","2019","Please find the initial manufacturer's notice to dealers for 22V365 distributed 27MAY2022. 
For any questions, please contact Gregory Gunther at gregory.gunther@mbusa.com"
"22V365","RCONL-22V365-4997.pdf","MERCEDES-BENZ","A 220","2019"," Please find the redacted final customer letter for 22V365 mailed 11JUL2022. For any questions, please contact Gregory Gunther at gregory.gunther@mbusa.com"
"22V365","RCRIT-22V365-5088.pdf","MERCEDES-BENZ","A 220","2019","Please find the remedy instruction and TSB for 22V365 distributed 21MAR2025. For any questions, please contact the Mercedes-Benz USA Safety Recalls Team at safetyrecalls@mbusa.com."
"22V365","RCRIT-22V365-6900.pdf","MERCEDES-BENZ","A 220","2019","Please find the remedy instruction and TSB for 22V365 distributed 03MAR2025. For any questions, please contact the Mercedes-Benz USA Safety Recalls Team at safetyrecalls@mbusa.com."
"22V365","RCRN-22V365-0850.pdf","MERCEDES-BENZ","A 220","2019","Please find the owner notification letter for 22V365 distributed 27SEP2024. For any questions, please contact the Mercedes-Benz USA Safety Recalls Team at safetyrecalls@mbusa.com."
"22V365","RCRN-22V365-1196.pdf","MERCEDES-BENZ","A 220","2019","Please find the owner notification letter for 22V365 distributed 17MAY2024. For any questions, please contact the Mercedes-Benz USA Safety Recalls Team at safetyrecalls@mbusa.com."
"22V365","RCRN-22V365-1196.pdf","MERCEDES-BENZ","A 220","2020","Please find the owner notification letter for 22V365 distributed 17MAY2024. For any questions, please contact the Mercedes-Benz USA Safety Recalls Team at safetyrecalls@mbusa.com."
"22V365","RCRN-22V365-3400.pdf","MERCEDES-BENZ","A 220","2020","Please find the owner renotification letter for 22V365 distributed 04APR2025. For any questions, please contact the Mercedes-Benz USA Safety Recalls Team at safetyrecalls@mbusa.com."
"22V365","RCRN-22V365-9426.pdf","MERCEDES-BENZ","A 220","2020","Please find the owner notification letter for 22V365 distributed 29JUL2024. For any questions, please contact the Mercedes-Benz USA Safety Recalls Team at safetyrecalls@mbusa.com."
"22V365","RCONL-22V365-4997.pdf","MERCEDES-BENZ","A 220","2020"," Please find the redacted final customer letter for 22V365 mailed 11JUL2022. For any questions, please contact Gregory Gunther at gregory.gunther@mbusa.com"
"22V365","RCMN-22V365-4373.pdf","MERCEDES-BENZ","A 220","2020","Please find the manufacturer's notice to dealers for 22V365 distributed 03MAR2025. For any questions, please contact the Mercedes-Benz USA Safety Recalls Team at safetyrecalls@mbusa.com."
"22V365","RCRIT-22V365-2543.pdf","MERCEDES-BENZ","A 220","2020","Please find the remedy instruction and TSB for 22V365 distributed 03MAY2024. For any questions, please contact the Mercedes-Benz USA Safety Recalls Team at safetyrecalls@mbusa.com."
"22V365","RCMN-22V365-1770.pdf","MERCEDES-BENZ","A 220","2020","Please find the manufacturer's notice to dealers for 22V365 distributed 03MAY2024. For any questions, please contact the Mercedes-Benz USA Safety Recalls Team at safetyrecalls@mbusa.com."
"22V365","RCMN-22V365-0073.pdf","MERCEDES-BENZ","A 220","2020","Please find the manufacturer's notice to dealers for 22V365 distributed 21MAR2025. For any questions, please contact the Mercedes-Benz USA Safety Recalls Team at safetyrecalls@mbusa.com."
"22V365","RMISC-22V365-7389.pdf","MERCEDES-BENZ","A 220","2020","Please find the chronology supplement for 22V365 uploaded 19NOV2024. For any questions, please contact the Mercedes-Benz USA Safety Recalls Team at safetyrecalls@mbusa.com."
"22V365","RCMN-22V365-9083.pdf","MERCEDES-BENZ","A 220","2020","Please find the initial manufacturer's notice to dealers for 22V365 distributed 27MAY2022. 
For any questions, please contact Gregory Gunther at gregory.gunther@mbusa.com"
"22V403","RCRIT-22V403-6820.pdf","ZERO","SR","2022","Dealer notification and remedy instructions for this recall (official version)"
"22V403","RCONL-22V403-3230.pdf","ZERO","SR","2022","Official customer letter sample."
"22V403","RCRIT-22V403-6820.pdf","ZERO","SR/F","2022","Dealer notification and remedy instructions for this recall (official version)"
"22V403","RCONL-22V403-3230.pdf","ZERO","SR/F","2022","Official customer letter sample."
"22V429","RCRIT-22V429-6041.pdf","IC BUS","CESB","2022","22514; 10/21/2022; IC Bus CE school bus; 2022 and 2023; The steering gears may have been assembled with less than the required input shaft ball bearings and can result in a fracture of the input shaft and loss of steering. A loss of steering increases the risk of a vehicle crash."
"22V429","RCONL-22V429-1903.pdf","IC BUS","CESB","2022","22514 Mailed 11/10/2022; IC Bus; CE school bus; 2022 and 2023; The steering gears may have been assembled with less than the required input shaft ball bearings and can result in a fracture of the input shaft and loss of steering."
"22V429","RCRIT-22V429-0104.pdf","IC BUS","CESB","2022","22514; 08/15/2022; IC Bus; CE; 2022, 2023; The steering gears may have been assembled with less than the required input shaft ball bearings and can result in a fracture of the input shaft and loss of steering. A loss of steering increases the risk of a vehicle crash."
"22V429","RCONL-22V429-4927.pdf","IC BUS","CESB","2022","22514; 08/15/2022; IC Bus; CE; 2022, 2023; The steering gears may have been assembled with less than the required input shaft ball bearings and can result in a fracture of the input shaft and loss of steering."
"22V429","RCONL-22V429-4927.pdf","IC BUS","CESB","2023","22514; 08/15/2022; IC Bus; CE; 2022, 2023; The steering gears may have been assembled with less than the required input shaft ball bearings and can result in a fracture of the input shaft and loss of steering."
"22V429","RCRIT-22V429-6041.pdf","IC BUS","CESB","2023","22514; 10/21/2022; IC Bus CE school bus; 2022 and 2023; The steering gears may have been assembled with less than the required input shaft ball bearings and can result in a fracture of the input shaft and loss of steering. A loss of steering increases the risk of a vehicle crash."
"22V429","RCONL-22V429-1903.pdf","IC BUS","CESB","2023","22514 Mailed 11/10/2022; IC Bus; CE school bus; 2022 and 2023; The steering gears may have been assembled with less than the required input shaft ball bearings and can result in a fracture of the input shaft and loss of steering."
"22V429","RCRIT-22V429-0104.pdf","IC BUS","CESB","2023","22514; 08/15/2022; IC Bus; CE; 2022, 2023; The steering gears may have been assembled with less than the required input shaft ball bearings and can result in a fracture of the input shaft and loss of steering. A loss of steering increases the risk of a vehicle crash."
"22V456","RCONL-22V456-3908.pdf","FREIGHTLINER","CASCADIA","2022","Attached is the final Owner Notification for recall 22V456."
"22V456","RMISC-22V456-2127.pdf","FREIGHTLINER","CASCADIA","2022","Attached is the copy of Remedy Availability updates for recall 22V456."
"22V456","RIONL-22V456-5647.pdf","FREIGHTLINER","CASCADIA","2022","Attached is the final interim Owner's Notification Letter for NHTSA recall 22V456 Freightliner P4 ABS Fault Light Retention. Mailed 8/18/2022"
"22V456","RCMN-22V456-6262.pdf","FREIGHTLINER","CASCADIA","2022","Attached is the letter in lieu of dealer notification for NHTSA recall 22V456 AP4 ABS Fault Retention FMVSS"
"22V456","RMISC-22V456-4631.pdf","FREIGHTLINER","CASCADIA","2022","DIR Updated, responding to request for updates regarding 1) A description of the manufacturer's program for remedying the defect or noncompliance and 2) Per the requirements of 573.6(c)(2)(iv), please provide the supplier name, contact information, address and country of origin
(if known) for the brake electronic control unit. If your company manufactured the component itself, then please state so in 573."
"22V473","RCONL-22V473-0213.pdf","SUBARU","OUTBACK","2022","NHTSA ID 22V-473

Safety Recall: WRC-22 Engine Harness Damage

Subaru of America, Inc. (Subaru) has initiated a safety recall for certain 2022 model year Outback vehicles equipped with a 2.4L turbo engine, which may contain damage to the engine wiring harness.

Description of the Defect and Safety Risk
Due to a deformed terminal on an engine test harness used during vehicle production, the engine wiring harness in the affected vehicles may contain a damaged female terminal. A damaged female terminal may result in poor contact with the male terminal of the engine control unit (ECU).  If the terminals lose connection while driving, the vehicle may experience a complete loss of motive power without the ability to restart, increasing the risk of a crash.

Remedy
The engine wiring harness and ECU will be replaced at no cost to the customer."
"22V473","RCRIT-22V473-6615.pdf","SUBARU","OUTBACK","2022","TSB posted 7/6/2022
NHTSA ID 22V-473
Safety Recall: WRC-22 Engine Harness Damage

Subaru of America, Inc. (Subaru) has initiated a safety recall for certain 2022 model year Outback vehicles equipped with a 2.4L turbo engine, which may contain damage to the engine wiring harness.

Description of the Defect and Safety Risk
Due to a deformed terminal on an engine test harness used during vehicle production, the engine wiring harness in the affected vehicles may contain a damaged female terminal. A damaged female terminal may result in poor contact with the male terminal of the engine control unit (ECU).  If the terminals lose connection while driving, the vehicle may experience a complete loss of motive power without the ability to restart, increasing the risk of a crash.

Remedy
The engine wiring harness and ECU will be replaced at no cost to the customer."
"22V473","RCMN-22V473-3194.pdf","SUBARU","OUTBACK","2022","Dealer announcement posted 7/6/2022
NHTSA ID 22V-473
Safety Recall: WRC-22 Engine Harness Damage

Subaru of America, Inc. (Subaru) has initiated a safety recall for certain 2022 model year Outback vehicles equipped with a 2.4L turbo engine, which may contain damage to the engine wiring harness.

Description of the Defect and Safety Risk
Due to a deformed terminal on an engine test harness used during vehicle production, the engine wiring harness in the affected vehicles may contain a damaged female terminal. A damaged female terminal may result in poor contact with the male terminal of the engine control unit (ECU).  If the terminals lose connection while driving, the vehicle may experience a complete loss of motive power without the ability to restart, increasing the risk of a crash.

Remedy
The engine wiring harness and ECU will be replaced at no cost to the customer."
"22V497","RCRIT-22V497-0271.pdf","ISUZU","FTR","2022","Campaign Bulletin:  Identifies affected vehicles, condition, and how to remedy the defect."
"22V497","RCMN-22V497-8611.pdf","ISUZU","FTR","2022","Dealer Notification: Stop Sale and Delivery Notice for the affected vehicles identified in this notice due to upcoming safety recall"
"22V497","RCMN-22V497-1931.pdf","ISUZU","FTR","2022","Dealer Notification: Recall announcement for the identified vehicles in the notice.  What the condition is, Correction and how to obtain parts.  Owner notification will begin same day."
"22V497","RCONL-22V497-3210.pdf","ISUZU","FTR","2022","Owner Notification:  Mailout.  Informs customer of the defect condition, what we will do free of charge, and what they should do to remedy their vehicle."
"22V542","RCRIT-22V542-4947.pdf","VOLKSWAGEN","GOLF R","2022","Recall remedy instructions for dealers"
"22V542","RCMN-22V542-3679.pdf","VOLKSWAGEN","GOLF R","2022","Advance recall notice to dealers."
"22V542","RCMN-22V542-8788.pdf","VOLKSWAGEN","GOLF R","2022","Dealer notice - recall remedy available"
"22V542","RCONL-22V542-0660.pdf","VOLKSWAGEN","GOLF R","2022","Owner notification - recall repair available Puerto Rico"
"22V542","RCONL-22V542-4079.pdf","VOLKSWAGEN","GOLF R","2022","Owner notification - recall repair available USA"
"22V542","RCONL-22V542-0660.pdf","VOLKSWAGEN","GTI","2022","Owner notification - recall repair available Puerto Rico"
"22V542","RCRIT-22V542-4947.pdf","VOLKSWAGEN","GTI","2022","Recall remedy instructions for dealers"
"22V542","RCMN-22V542-8788.pdf","VOLKSWAGEN","GTI","2022","Dealer notice - recall remedy available"
"22V542","RCMN-22V542-3679.pdf","VOLKSWAGEN","GTI","2022","Advance recall notice to dealers."
"22V542","RCONL-22V542-4079.pdf","VOLKSWAGEN","GTI","2022","Owner notification - recall repair available USA"
"22V544","RCRN-22V544-6077.pdf","JEEP","GRAND CHEROKEE","2021","Renotification regarding FCA US campaign Z50"
"22V544","RCRIT-22V544-9350.pdf","JEEP","GRAND CHEROKEE","2021","Z50 Dealer combo on certain 2021-2022 Model Year Jeep Grand Cherokee vehicles."
"22V544","RCMN-22V544-7264.pdf","JEEP","GRAND CHEROKEE","2021","NSRAC-Interim Letter Combo regarding certain 2021 and 2022 Model Year Jeep Grand Cherokee vehicles"
"22V544","RCMN-22V544-8599.pdf","JEEP","GRAND CHEROKEE","2021","NSRAC regarding certain 2021 and 2022 Model Year Jeep Grand Cherokee vehicles"
"22V544","RCONL-22V544-3763.pdf","JEEP","GRAND CHEROKEE","2021","Final Owner Letter regarding certain 2021-2022 Model Year Jeep Grand Cherokee vehicles"
"22V544","RCMN-22V544-1970.pdf","JEEP","GRAND CHEROKEE","2021","Revised NSRAC regarding certain 2021 and 2022 Model Year Jeep Grand Cherokee vehicles"
"22V544","RIONL-22V544-5696.pdf","JEEP","GRAND CHEROKEE","2021","Interim Owner Letter regarding certain 2021-2022 Model Year Jeep Grand Cherokee vehicles"
"22V544","RIONL-22V544-5696.pdf","JEEP","GRAND CHEROKEE 4XE","2022","Interim Owner Letter regarding certain 2021-2022 Model Year Jeep Grand Cherokee vehicles"
"22V544","RCMN-22V544-1970.pdf","JEEP","GRAND CHEROKEE 4XE","2022","Revised NSRAC regarding certain 2021 and 2022 Model Year Jeep Grand Cherokee vehicles"
"22V544","RCONL-22V544-3763.pdf","JEEP","GRAND CHEROKEE 4XE","2022","Final Owner Letter regarding certain 2021-2022 Model Year Jeep Grand Cherokee vehicles"
"22V544","RCMN-22V544-8599.pdf","JEEP","GRAND CHEROKEE 4XE","2022","NSRAC regarding certain 2021 and 2022 Model Year Jeep Grand Cherokee vehicles"
"22V544","RCMN-22V544-7264.pdf","JEEP","GRAND CHEROKEE 4XE","2022","NSRAC-Interim Letter Combo regarding certain 2021 and 2022 Model Year Jeep Grand Cherokee vehicles"
"22V544","RCRIT-22V544-9350.pdf","JEEP","GRAND CHEROKEE 4XE","2022","Z50 Dealer combo on certain 2021-2022 Model Year Jeep Grand Cherokee vehicles."
"22V544","RCRN-22V544-6077.pdf","JEEP","GRAND CHEROKEE 4XE","2022","Renotification regarding FCA US campaign Z50"
"22V567","RCMN-22V567-3713.pdf","AUDI","SQ5","2022","Advance recall notice to dealers."
"22V567","RCMN-22V567-5582.pdf","AUDI","SQ5","2022","Dealer notice - recall remedy available"
"22V567","RCONL-22V567-7007.pdf","AUDI","SQ5","2022","Owner notice - recall remedy available USA"
"22V567","RCONL-22V567-7736.pdf","AUDI","SQ5","2022","Owner notice - recall remedy available Puerto Rico"
"22V567","RCRIT-22V567-7651.pdf","AUDI","SQ5","2022","Recall remedy instructions for dealers"
"22V588","RCRIT-22V588-9642.pdf","HUSQVARNA","701 ENDURO","2019","Tech Bulletin"
"22V588","RCONL-22V588-5913.pdf","HUSQVARNA","701 ENDURO","2019","Owner Notification"
"22V588","RCONL-22V588-9641.pdf","HUSQVARNA","701 ENDURO","2020","Owner Notification"
"22V588","RCRIT-22V588-9642.pdf","HUSQVARNA","701 ENDURO","2020","Tech Bulletin"
"22V588","RCRIT-22V588-9642.pdf","HUSQVARNA","701 ENDURO","2021","Tech Bulletin"
"22V588","RCONL-22V588-5913.pdf","HUSQVARNA","701 ENDURO","2021","Owner Notification"
"22V588","RCRIT-22V588-9642.pdf","HUSQVARNA","701 ENDURO LR","2020","Tech Bulletin"
"22V588","RCONL-22V588-5913.pdf","HUSQVARNA","701 ENDURO LR","2020","Owner Notification"
"22V588","RCONL-22V588-9641.pdf","HUSQVARNA","FE 250","2019","Owner Notification"
"22V588","RCRIT-22V588-9642.pdf","HUSQVARNA","FE 250","2019","Tech Bulletin"
"22V588","RCRIT-22V588-9642.pdf","HUSQVARNA","FE 350","2019","Tech Bulletin"
"22V588","RCONL-22V588-5913.pdf","HUSQVARNA","FE 350","2019","Owner Notification"
"22V588","RCRIT-22V588-4204.pdf","HUSQVARNA","FE 350S","2020","Tech Bulletin"
"22V588","RCONL-22V588-9641.pdf","HUSQVARNA","FE 350S","2020","Owner Notification"
"22V588","RCRIT-22V588-9642.pdf","HUSQVARNA","FE 350S","2021","Tech Bulletin"
"22V588","RCONL-22V588-9641.pdf","HUSQVARNA","FE 350S","2021","Owner Notification"
"22V588","RCONL-22V588-5913.pdf","HUSQVARNA","FE 350S","2022","Owner Notification"
"22V588","RCRIT-22V588-4204.pdf","HUSQVARNA","FE 350S","2022","Tech Bulletin"
"22V588","RCRIT-22V588-4204.pdf","HUSQVARNA","FE 350S","2023","Tech Bulletin"
"22V588","RCONL-22V588-9641.pdf","HUSQVARNA","FE 350S","2023","Owner Notification"
"22V588","RCONL-22V588-9641.pdf","HUSQVARNA","FE 450","2019","Owner Notification"
"22V588","RCRIT-22V588-9642.pdf","HUSQVARNA","FE 450","2019","Tech Bulletin"
"22V588","RCONL-22V588-5913.pdf","HUSQVARNA","FE 501","2019","Owner Notification"
"22V588","RCRIT-22V588-9642.pdf","HUSQVARNA","FE 501","2019","Tech Bulletin"
"22V588","RCRIT-22V588-9642.pdf","HUSQVARNA","FE 501S","2020","Tech Bulletin"
"22V625","RMISC-22V625-6606.pdf","SPARTAN FIRE","METROSTAR","2022","Informing the final stage manufacturer of the defect, risk to motor vehicle safety, and how they proceed to get the free remedy."
"22V681","RCMN-22V681-3035.pdf","WESTERN STAR","47X","2022","Manufacturer Notice for NHTSA recall 22V681 WST 49X/49X Steering Pinch Bolt posted on 10/6/2022"
"22V681","RCONL-22V681-4661.pdf","WESTERN STAR","47X","2022","Final Owner's notification for NHTSA recall 22V681 WST 47X, 49X Steering Pinch Bolt. Mailed on 10/11/2022"
"22V681","RCMN-22V681-3035.pdf","WESTERN STAR","47X","2023","Manufacturer Notice for NHTSA recall 22V681 WST 49X/49X Steering Pinch Bolt posted on 10/6/2022"
"22V681","RCONL-22V681-4661.pdf","WESTERN STAR","47X","2023","Final Owner's notification for NHTSA recall 22V681 WST 47X, 49X Steering Pinch Bolt. Mailed on 10/11/2022"
"22V681","RCONL-22V681-4661.pdf","WESTERN STAR","49X","2022","Final Owner's notification for NHTSA recall 22V681 WST 47X, 49X Steering Pinch Bolt. Mailed on 10/11/2022"
"22V681","RCMN-22V681-3035.pdf","WESTERN STAR","49X","2022","Manufacturer Notice for NHTSA recall 22V681 WST 49X/49X Steering Pinch Bolt posted on 10/6/2022"
"22V681","RCONL-22V681-4661.pdf","WESTERN STAR","49X","2023","Final Owner's notification for NHTSA recall 22V681 WST 47X, 49X Steering Pinch Bolt. Mailed on 10/11/2022"
"22V681","RCMN-22V681-3035.pdf","WESTERN STAR","49X","2023","Manufacturer Notice for NHTSA recall 22V681 WST 49X/49X Steering Pinch Bolt posted on 10/6/2022"
"22V771","RCRIT-22V771-9162.pdf","BRIGHTDROP","EV600","2022","22V771 recall; the high-voltage battery pack enclosure in some of these vehicles may not have been properly sealed, allowing water to enter the pack; service bulletin revised regarding warranty documentation"
"22V771","RIONL-22V771-4380.pdf","BRIGHTDROP","EV600","2022","22V771 recall; in some of the recalled vehicles, the high-voltage battery pack enclosure may not have been properly sealed, allowing water to enter the pack."
"22V771","RIONL-22V771-6550.pdf","BRIGHTDROP","EV600","2022","22V771 recall; in some of the recalled vehicles, the high-voltage battery pack enclosure may not have been properly sealed, allowing water to enter the pack; interim BrightDrop owner notification by FedEx"
"22V771","RMISC-22V771-1910.pdf","BRIGHTDROP","EV600","2022","22V771 recall; the high-voltage battery pack enclosure may not have been properly sealed, allowing water to enter the pack; supplemental owner outreach"
"22V771","RMISC-22V771-2661.pdf","BRIGHTDROP","EV600","2022","22V771 recall; the high-voltage battery pack enclosure in some of these vehicles may not have been properly sealed, allowing water to enter the pack; FAQs"
"22V771","RMISC-22V771-4275.pdf","BRIGHTDROP","EV600","2022","22V771 recall; water may enter an improperly sealed high-voltage battery pack; supplemental owner outreach"
"22V771","RCMN-22V771-2054.pdf","BRIGHTDROP","EV600","2022","22V771 recall; the high-voltage battery pack enclosure in some of these vehicles may not have been properly sealed, allowing water to enter the pack; dealer notification of additional vehicles eligible for repair"
"22V771","RMISC-22V771-8658.pdf","BRIGHTDROP","EV600","2022","N222380031 recall; the high voltage battery pack enclosure may not have been sealed properly, allowing water to enter the pack; supplemental owner email outreach"
"22V771","RMISC-22V771-8177.pdf","BRIGHTDROP","EV600","2022","22V771 recall; the high-voltage battery pack enclosure in some of these vehicles may not have been properly sealed; FAQs"
"22V771","RCMN-22V771-8644.pdf","BRIGHTDROP","EV600","2022","22V771 recall; the high-voltage battery pack enclosure in some of these vehicles may not have been properly sealed, allowing water to enter the pack; dealer notification of recall launch"
"22V771","RMISC-22V771-4764.pdf","BRIGHTDROP","EV600","2022","22V771 recall; vehicles high-voltage battery pack may be improperly sealed, which could allow water to enter the battery pack enclosure and cause the vehicle to lose propulsion while 
driving; supplemental owner outreach mailing"
"22V771","RMISC-22V771-4705.pdf","BRIGHTDROP","EV600","2022","22V771 recall; in some of the recalled vehicles, the high-voltage battery pack enclosure may not have been properly sealed, allowing water to enter the pack; FAQs"
"22V771","RCMN-22V771-2634.pdf","BRIGHTDROP","EV600","2022","22V771 recall; the high-voltage battery pack enclosure in some of these vehicles may not have been properly sealed, allowing water to enter the pack; dealer notice that the service bulletin is revised regarding warranty documentation"
"22V771","RCMN-22V771-1490.pdf","BRIGHTDROP","EV600","2022","22V771 recall; the high-voltage battery pack enclosure in some of these vehicles may not have been properly sealed, allowing water to enter the pack; dealer notice that a part number in the service bulletin has been changed"
"22V771","RCMN-22V771-1332.pdf","BRIGHTDROP","EV600","2022","22V771 recall; in some of the recalled vehicles, the high-voltage battery pack enclosure may not have been properly sealed, allowing water to enter the pack; dealer notification that certain part numbers have been revised in the bulletin"
"22V771","RCMN-22V771-1206.pdf","BRIGHTDROP","EV600","2022","22V771 recall; the high-voltage battery pack enclosure in some of these vehicles may not have been properly sealed, allowing water to enter the pack; dealer notification of additional vehicle eligible for repair"
"22V771","RCMN-22V771-3356.pdf","BRIGHTDROP","EV600","2022","22V771 recall; the high-voltage battery pack enclosure in some of these vehicles may not have been properly sealed, allowing water to enter the pack; dealer notification of additional vehicles eligible for remedy"
"22V771","RCMN-22V771-4529.pdf","BRIGHTDROP","EV600","2022","22V771 recall; the high-voltage battery pack enclosure in some of these vehicles may not have been properly sealed, allowing water to enter the pack; dealer notification that additional vehicles are eligible for repair"
"22V771","RCMN-22V771-6443.pdf","BRIGHTDROP","EV600","2022","22V771 recall; in some of the recalled vehicles, the high-voltage battery pack enclosure may not 
have been properly sealed, allowing water to enter the pack; dealer notification that additional vehicles are eligible for repair"
"22V771","RCMN-22V771-6761.pdf","BRIGHTDROP","EV600","2022","22V771 recall; the high-voltage battery pack enclosure in some of these vehicles may not have been properly sealed; dealer notice that final vehicle populations have been identified and set-up under N222380031 or N222380032"
"22V771","RCMN-22V771-7577.pdf","BRIGHTDROP","EV600","2022","22V771 recall; the high-voltage battery pack enclosure in some of these vehicles may not have been properly sealed, allowing water to enter the pack; dealer notification that the submission process is updated in the bulletin"
"22V771","RCMN-22V771-8652.pdf","BRIGHTDROP","EV600","2022","22V771 recall; the high-voltage battery pack enclosure in some of these vehicles may not have been properly sealed, allowing water to enter the pack; dealer notice of additional vehicles eligible for repair"
"22V771","RCMN-22V771-9045.pdf","BRIGHTDROP","EV600","2022","22V771 recall; the high-voltage battery pack enclosure in some of these vehicles may not have been properly sealed, allowing water to enter the pack; dealer notice that additional vehicles are eligible for remedy"
"22V771","RCMN-22V771-9763.pdf","BRIGHTDROP","EV600","2022","22V771 recall; the high-voltage battery pack enclosure in some of these vehicles may not have been properly sealed; dealer notification to stop delivery"
"22V771","RCMN-22V771-9843.pdf","BRIGHTDROP","EV600","2022","22V771 recall; the high-voltage battery pack enclosure in some of these vehicles may not have been properly sealed, allowing water to enter the pack; dealer notification that a small number of vehicles are eligible for repair"
"22V775","RCRN-22V775-3475.pdf","HIGHLAND RIDGE TT","OLYMPIA","2021","Sent second notice to affected owners of units that have not had the recall completed."
"22V775","RCRN-22V775-3475.pdf","HIGHLAND RIDGE TT","OLYMPIA","2022","Sent second notice to affected owners of units that have not had the recall completed."
"22V775","RCRN-22V775-3475.pdf","HIGHLAND RIDGE TT","OLYMPIA SPORT","2021","Sent second notice to affected owners of units that have not had the recall completed."
"22V775","RCRN-22V775-3475.pdf","HIGHLAND RIDGE TT","OLYMPIA SPORT","2022","Sent second notice to affected owners of units that have not had the recall completed."
"22V775","RCRN-22V775-3475.pdf","HIGHLAND RIDGE TT","OPEN RANGE","2021","Sent second notice to affected owners of units that have not had the recall completed."
"22V775","RCRN-22V775-3475.pdf","HIGHLAND RIDGE TT","OPEN RANGE","2022","Sent second notice to affected owners of units that have not had the recall completed."
"22V775","RCRN-22V775-3475.pdf","HIGHLAND RIDGE TT","OPEN RANGE LIGHT","2021","Sent second notice to affected owners of units that have not had the recall completed."
"22V775","RCRN-22V775-3475.pdf","HIGHLAND RIDGE TT","redundant OPEN RANGE LIGHT","2022","Sent second notice to affected owners of units that have not had the recall completed."
"22V794","RCONL-22V794-7468.pdf","ALTEC","AERIAL DEVICE","2019","Certain AT41ME aerial devices built from July 2019 to April 2022 contain a jib winch interlock to prevent the use of the jib winch unless the outriggers are properly extended. Altec has learned that if there is a loss of electrical power to the jib winch interlock valve, the jib winch can be operated with the outriggers retracted. Altec has developed a kit that adds indicator lights to the turntable to indicate to the operator whether the unit is in personnel mode or material handling mode based on whether or not the outriggers are extended. The kit also contains a new preoperational inspection placard that specifies testing the jib winch interlock before operating the
unit without the outriggers extended."
"22V794","RCONL-22V794-7468.pdf","ALTEC","AERIAL DEVICE","2020","Certain AT41ME aerial devices built from July 2019 to April 2022 contain a jib winch interlock to prevent the use of the jib winch unless the outriggers are properly extended. Altec has learned that if there is a loss of electrical power to the jib winch interlock valve, the jib winch can be operated with the outriggers retracted. Altec has developed a kit that adds indicator lights to the turntable to indicate to the operator whether the unit is in personnel mode or material handling mode based on whether or not the outriggers are extended. The kit also contains a new preoperational inspection placard that specifies testing the jib winch interlock before operating the
unit without the outriggers extended."
"22V794","RCONL-22V794-7468.pdf","ALTEC","AERIAL DEVICE","2021","Certain AT41ME aerial devices built from July 2019 to April 2022 contain a jib winch interlock to prevent the use of the jib winch unless the outriggers are properly extended. Altec has learned that if there is a loss of electrical power to the jib winch interlock valve, the jib winch can be operated with the outriggers retracted. Altec has developed a kit that adds indicator lights to the turntable to indicate to the operator whether the unit is in personnel mode or material handling mode based on whether or not the outriggers are extended. The kit also contains a new preoperational inspection placard that specifies testing the jib winch interlock before operating the
unit without the outriggers extended."
"22V794","RCONL-22V794-7468.pdf","ALTEC","AERIAL DEVICE","2022","Certain AT41ME aerial devices built from July 2019 to April 2022 contain a jib winch interlock to prevent the use of the jib winch unless the outriggers are properly extended. Altec has learned that if there is a loss of electrical power to the jib winch interlock valve, the jib winch can be operated with the outriggers retracted. Altec has developed a kit that adds indicator lights to the turntable to indicate to the operator whether the unit is in personnel mode or material handling mode based on whether or not the outriggers are extended. The kit also contains a new preoperational inspection placard that specifies testing the jib winch interlock before operating the
unit without the outriggers extended."
"22V800","RCMN-22V800-1825.pdf","KIA","SPORTAGE","2008","This document is the Dealer Principal notice advising them of the Safety Recall SC253 on the 2008-2009 MY Sportage vehicles manufactured from August 9, 2007 to May 13, 2009 that were previously recalled under 16V815 (SC138). An engine compartment fire originating from the area of the Hydraulic Electronic Control Unit (HECU) may occur while the vehicle is being driven or while parked following replacement of the HECU connector cover under 16V815 (SC138).  A fire increases the risk of injury.  Dealers will inspect the HECU and its wiring harness and connectors for proper functionality and condition. If necessary, dealers will replace the HECU with a new one. In addition, dealers will replace the fuses for the HECU circuits with different capacities to mitigate the fire risk."
"22V800","RMISC-22V800-4086.pdf","KIA","SPORTAGE","2008","This document is the Question and Answer Guide for Safety Recall SC253 on the 2008-2009 MY Sportage vehicles manufactured from August 9, 2007 to May 13, 2009 that were previously recalled under 16V815 (SC138). An engine compartment fire originating from the area of the Hydraulic Electronic Control Unit (HECU) may occur while the vehicle is being driven or while parked following replacement of the HECU connector cover under 16V815 (SC138).  A fire increases the risk of injury.  Dealers will inspect the HECU and its wiring harness and connectors for proper functionality and condition. If necessary, dealers will replace the HECU with a new one. In addition, dealers will replace the fuses for the HECU circuits with different capacities to mitigate the fire risk."
"22V800","RCRN-22V800-5378.pdf","KIA","SPORTAGE","2008","THIS IS A RENOTIFICATION OF AN EARLIER COMMUNICATION ISSUED ON DECEMBER 22, 2022, WHICH NOTIFIED ALL OWNERS OF THE AFFECTED 2008-2009 MY KIA SPORTAGE VEHICLES OF A SAFETY RECALL. OUR RECORDS INDICATE THAT YOU ARE THE CURRENT REGISTERED OWNER OF THIS VEHICLE AND THAT THIS RECALL HAS NOT BEEN COMPLETED.  KIA IS REQUESTING THAT YOU CONTACT AN AUTHORIZED KIA DEALERSHIP IMMEDIATELY TO SCHEDULE AN APPOINTMENT TO
INSPECT AND, IF NECESSARY, REPLACE THE HYDRAULIC ELECTRONIC CONTROL UNIT (HECU) AT NO COST TO YOU."
"22V800","RCMN-22V800-8866.pdf","KIA","SPORTAGE","2008","This document is the Dealer Parts & Service Managers' notice advising them of the Safety Recall SC253 on the 2008-2009 MY Sportage vehicles manufactured from August 9, 2007 to May 13, 2009 that were previously recalled under 16V815 (SC138). An engine compartment fire originating from the area of the Hydraulic Electronic Control Unit (HECU) may occur while the vehicle is being driven or while parked following replacement of the HECU connector cover under 16V815 (SC138).  A fire increases the risk of injury.  Dealers will inspect the HECU and its wiring harness and connectors for proper functionality and condition. If necessary, dealers will replace the HECU with a new one. In addition, dealers will replace the fuses for the HECU circuits with different capacities to mitigate the fire risk."
"22V800","RCONL-22V800-2016.pdf","KIA","SPORTAGE","2008","This document is the Owner Notification Letter advising the owners of certain 2008-2009 MY Kia Sportage vehicles of a defect  which relates to motor vehicle safety and can result in a fire i n the vehicle's engine compartment.  On November 28, 2016, a different recall notice (16V815 or Kias Reference # SC138) was sent to vehicle owners regarding the hydraulic electronic control unit (HECU). This is a new recall in addition to the previously launched 16V815 recall.  Kia dealers will inspect the HECU and its wiring harness and connectors for proper functionality and condition. If necessary, dealers will replace the HECU with a new one. In addition, dealers will replace the fuses for the HECU circuits with different capacities to mitigate the fire risk. This recall will be performed free of charge at no cost to you. In the interest of the safety of your passengers, as well as your own safety, please immediately contact your authorized Kia dealer to arrange for the recall repair to be performed on your vehicle.
NOTE:  Park your vehicle outdoors and away from other vehicles or structures until you have the recall repair performed."
"22V800","RCRIT-22V800-5083.pdf","KIA","SPORTAGE","2008","The Technical Service Bulletin (TSB) lists specific repair instructions relating to HECU Inspection/Replacement and Fuse Replacement."
"22V800","RCRIT-22V800-5673.pdf","KIA","SPORTAGE","2008","This document is the Technical Service Bulletin for Safety Recall SC253 on the 2008-2009 MY Kia Sportage vehicles produced from August 9, 2007 through May 13, 2009 regarding the  HECU Inspection/Replacement and Fuse Replacement procedure. NOTE These vehicles were previously recalled under Kia's Campaign SC138.  In addition, the two fuses for the HECU circuits will be replaced with new fuses to prevent an over-current condition in the HECU's electrical circuit board to mitigate the risk of a fire."
"22V800","RCMN-22V800-8866.pdf","KIA","SPORTAGE","2009","This document is the Dealer Parts & Service Managers' notice advising them of the Safety Recall SC253 on the 2008-2009 MY Sportage vehicles manufactured from August 9, 2007 to May 13, 2009 that were previously recalled under 16V815 (SC138). An engine compartment fire originating from the area of the Hydraulic Electronic Control Unit (HECU) may occur while the vehicle is being driven or while parked following replacement of the HECU connector cover under 16V815 (SC138).  A fire increases the risk of injury.  Dealers will inspect the HECU and its wiring harness and connectors for proper functionality and condition. If necessary, dealers will replace the HECU with a new one. In addition, dealers will replace the fuses for the HECU circuits with different capacities to mitigate the fire risk."
"22V800","RCONL-22V800-2016.pdf","KIA","SPORTAGE","2009","This document is the Owner Notification Letter advising the owners of certain 2008-2009 MY Kia Sportage vehicles of a defect  which relates to motor vehicle safety and can result in a fire i n the vehicle's engine compartment.  On November 28, 2016, a different recall notice (16V815 or Kias Reference # SC138) was sent to vehicle owners regarding the hydraulic electronic control unit (HECU). This is a new recall in addition to the previously launched 16V815 recall.  Kia dealers will inspect the HECU and its wiring harness and connectors for proper functionality and condition. If necessary, dealers will replace the HECU with a new one. In addition, dealers will replace the fuses for the HECU circuits with different capacities to mitigate the fire risk. This recall will be performed free of charge at no cost to you. In the interest of the safety of your passengers, as well as your own safety, please immediately contact your authorized Kia dealer to arrange for the recall repair to be performed on your vehicle.
NOTE:  Park your vehicle outdoors and away from other vehicles or structures until you have the recall repair performed."
"22V800","RCRIT-22V800-5673.pdf","KIA","SPORTAGE","2009","This document is the Technical Service Bulletin for Safety Recall SC253 on the 2008-2009 MY Kia Sportage vehicles produced from August 9, 2007 through May 13, 2009 regarding the  HECU Inspection/Replacement and Fuse Replacement procedure. NOTE These vehicles were previously recalled under Kia's Campaign SC138.  In addition, the two fuses for the HECU circuits will be replaced with new fuses to prevent an over-current condition in the HECU's electrical circuit board to mitigate the risk of a fire."
"22V800","RCRN-22V800-5378.pdf","KIA","SPORTAGE","2009","THIS IS A RENOTIFICATION OF AN EARLIER COMMUNICATION ISSUED ON DECEMBER 22, 2022, WHICH NOTIFIED ALL OWNERS OF THE AFFECTED 2008-2009 MY KIA SPORTAGE VEHICLES OF A SAFETY RECALL. OUR RECORDS INDICATE THAT YOU ARE THE CURRENT REGISTERED OWNER OF THIS VEHICLE AND THAT THIS RECALL HAS NOT BEEN COMPLETED.  KIA IS REQUESTING THAT YOU CONTACT AN AUTHORIZED KIA DEALERSHIP IMMEDIATELY TO SCHEDULE AN APPOINTMENT TO
INSPECT AND, IF NECESSARY, REPLACE THE HYDRAULIC ELECTRONIC CONTROL UNIT (HECU) AT NO COST TO YOU."
"22V800","RMISC-22V800-4086.pdf","KIA","SPORTAGE","2009","This document is the Question and Answer Guide for Safety Recall SC253 on the 2008-2009 MY Sportage vehicles manufactured from August 9, 2007 to May 13, 2009 that were previously recalled under 16V815 (SC138). An engine compartment fire originating from the area of the Hydraulic Electronic Control Unit (HECU) may occur while the vehicle is being driven or while parked following replacement of the HECU connector cover under 16V815 (SC138).  A fire increases the risk of injury.  Dealers will inspect the HECU and its wiring harness and connectors for proper functionality and condition. If necessary, dealers will replace the HECU with a new one. In addition, dealers will replace the fuses for the HECU circuits with different capacities to mitigate the fire risk."
"22V800","RCMN-22V800-1825.pdf","KIA","SPORTAGE","2009","This document is the Dealer Principal notice advising them of the Safety Recall SC253 on the 2008-2009 MY Sportage vehicles manufactured from August 9, 2007 to May 13, 2009 that were previously recalled under 16V815 (SC138). An engine compartment fire originating from the area of the Hydraulic Electronic Control Unit (HECU) may occur while the vehicle is being driven or while parked following replacement of the HECU connector cover under 16V815 (SC138).  A fire increases the risk of injury.  Dealers will inspect the HECU and its wiring harness and connectors for proper functionality and condition. If necessary, dealers will replace the HECU with a new one. In addition, dealers will replace the fuses for the HECU circuits with different capacities to mitigate the fire risk."
"22V800","RCRIT-22V800-5083.pdf","KIA","SPORTAGE","2009","The Technical Service Bulletin (TSB) lists specific repair instructions relating to HECU Inspection/Replacement and Fuse Replacement."
"22V810","RCRN-22V810-7223.pdf","HYUNDAI","SANTA FE SPORT","2018","The subject vehicles are equipped with Anti-Lock Brake System (ABS) modules that could malfunction internally and cause an electrical short. An electrical short could result in an engine compartment fire while parked or driving."
"22V810","RMISC-22V810-0841.pdf","HYUNDAI","SANTA FE SPORT","2018","Certain model year 2018 Hyundai Santa Fe Sport vehicles produced for sale in the U.S. were omitted from Recall 218 (22V-056) VIN scope. The subject vehicles are equipped with Anti-Lock Brake System (ABS) modules that could malfunction internally and cause an electrical short over time."
"22V810","RCRIT-22V810-7227.pdf","HYUNDAI","SANTA FE SPORT","2018","Certain 2018MY Santa Fe Sport (AN) vehicles may develop an electrical short in the hydraulic unit assembly (HECU) which may increase the risk of an engine compartment fire. This bulletin describes the procedure to install a replacement multi-fuse."
"22V810","RCRN-22V810-1836.pdf","HYUNDAI","SANTA FE SPORT","2018","This is a follow-up email notification."
"22V810","RCMN-22V810-0074.pdf","HYUNDAI","SANTA FE SPORT","2018","Certain model year 2018 Hyundai Santa Fe Sport vehicles produced for sale in the U.S. were omitted from Recall 218 (22V-056) VIN scope. The subject vehicles are equipped with Anti-Lock Brake System (ABS) modules that could malfunction internally and cause an electrical short over time. An electrical short could result in significant overcurrent in the ABS module increasing the risk of an engine compartment fire while parked or driving."
"22V810","RCMN-22V810-1951.pdf","HYUNDAI","SANTA FE SPORT","2018","Certain 2017-2018MY Santa Fe Sport (AN), 2016-2018MY Santa Fe (NC), 2019MY Santa Fe XL (NC), and 2014-2015MY Tucson (LM) vehicles may develop an electrical short in the hydraulic unit assembly (HECU) which may increase the risk of an engine compartment fire. This campaign bulletin describes the procedure to install a replacement multi-fuse."
"22V811","RCONL-22V811-5764.pdf","MICRO BIRD","G5 SCHOOL BUS","2019","Owner notifications"
"22V811","RCMN-22V811-5206.pdf","MICRO BIRD","G5 SCHOOL BUS","2019","Notification to dealers"
"22V811","RCMN-22V811-5206.pdf","MICRO BIRD","G5 SCHOOL BUS","2020","Notification to dealers"
"22V811","RCONL-22V811-5764.pdf","MICRO BIRD","G5 SCHOOL BUS","2020","Owner notifications"
"22V811","RCONL-22V811-5764.pdf","MICRO BIRD","G5 SCHOOL BUS","2021","Owner notifications"
"22V811","RCMN-22V811-5206.pdf","MICRO BIRD","G5 SCHOOL BUS","2021","Notification to dealers"
"22V811","RCONL-22V811-5764.pdf","MICRO BIRD","G5 SCHOOL BUS","2022","Owner notifications"
"22V811","RCMN-22V811-5206.pdf","MICRO BIRD","G5 SCHOOL BUS","2022","Notification to dealers"
"22V840","RCONL-22V840-0877.pdf","THOMAS BUILT BUSES","MINOTOUR","2021","Attached is the final Owner's Notification Letter for NHTSA recall 22V840 TBB Minotour Barrier Configuration. Mailed on 01/09/2023 "
"22V840","RCMN-22V840-1763.pdf","THOMAS BUILT BUSES","MINOTOUR","2021","Attached is the Manufacturer Bulletin for NHTSA recall 22V840 TBB Minotour Barrier Configuration posted on 01/10/2023"
"22V840","RCMN-22V840-1763.pdf","THOMAS BUILT BUSES","MINOTOUR","2022","Attached is the Manufacturer Bulletin for NHTSA recall 22V840 TBB Minotour Barrier Configuration posted on 01/10/2023"
"22V840","RCONL-22V840-0877.pdf","THOMAS BUILT BUSES","MINOTOUR","2022","Attached is the final Owner's Notification Letter for NHTSA recall 22V840 TBB Minotour Barrier Configuration. Mailed on 01/09/2023 "
"22V840","RCONL-22V840-0877.pdf","THOMAS BUILT BUSES","MINOTOUR","2023","Attached is the final Owner's Notification Letter for NHTSA recall 22V840 TBB Minotour Barrier Configuration. Mailed on 01/09/2023 "
"22V840","RCMN-22V840-1763.pdf","THOMAS BUILT BUSES","MINOTOUR","2023","Attached is the Manufacturer Bulletin for NHTSA recall 22V840 TBB Minotour Barrier Configuration posted on 01/10/2023"
"22V869","RCRIT-22V869-2143.pdf","IC BUS","1300 FBC","2023","22524/22552; 01/20/2023; International; LT, RH, LoneStar; 2021 thru 2023; A specific hex flange lock nut used in several, but not all, steering and/or suspension locations may have not been properly formed and heat treated to Navistars specifications and can result in a loss of joint tension as the vehicle ages."
"22V869","RCRIT-22V869-6833.pdf","IC BUS","1300 FBC","2023","22524/22543; 01/20/2023; International; HV, WorkStar; 2021 thru 2023; A specific hex flange lock nut used in several, but not all, steering and/or suspension locations may have not been properly formed and heat treated to Navistars specifications and can result in a loss of joint tension as the vehicle ages."
"22V869","RCRIT-22V869-1295.pdf","IC BUS","1300 FBC","2023","22524/22540; 01/20/2023; International; HV, MV; 2021 thru 2023; IC Bus; FE transit bus; 2023; A specific hex flange lock nut used in several, but not all, steering and/or suspension locations may have not been properly formed and heat treated to Navistars specifications and can result in a loss of joint tension as the vehicle ages."
"22V869","RCRIT-22V869-0847.pdf","IC BUS","1300 FBC","2023","22524/22541; 01/20/2023; International; MV; 2021 thru 2023; A specific hex flange lock nut used in several, but not all, steering and/or suspension locations may have not been properly formed and heat treated to Navistars specifications and can result in a loss of joint tension as the vehicle ages."
"22V869","RCRIT-22V869-0814.pdf","IC BUS","1300 FBC","2023","22524/22549; 01/20/2023; International; LT, RH; 2021 thru 2023; A specific hex flange lock nut used in several, but not all, steering and/or suspension locations may have not been properly formed and heat treated to Navistars specifications and can result in a loss of joint tension as the vehicle ages."
"22V869","RCRIT-22V869-0761.pdf","IC BUS","1300 FBC","2023","22524/22542; 01/20/2023; International; HV; 2021 thru 2023; A specific hex flange lock nut used in several, but not all, steering and/or suspension locations may have not been properly formed and heat treated to Navistars specifications and can result in a loss of joint tension as the vehicle ages."
"22V869","RCRIT-22V869-9599.pdf","IC BUS","1300 FBC","2023","22524/22551; 01/20/2023; International; LT, LoneStar; 2021 thru 2023; A specific hex flange lock nut used in several, but not all, steering and/or suspension locations may have not been properly formed and heat treated to Navistars specifications and can result in a loss of joint tension as the vehicle ages."
"22V869","RCRIT-22V869-9289.pdf","IC BUS","1300 FBC","2023","22524/22554; 01/20/2023; International; HX; 2021 thru 2023; A specific hex flange lock nut used in several, but not all, steering and/or suspension locations may have not been properly formed and heat treated to Navistars specifications and can result in a loss of joint tension as the vehicle ages."
"22V869","RCRIT-22V869-8182.pdf","IC BUS","1300 FBC","2023","22524/22533; 01/20/2023; International; HV, HX; 2021 thru 2023; A specific hex flange lock nut used in several, but not all, steering and/or suspension locations may have not been properly formed and heat treated to Navistars specifications and can result in a loss of joint tension as the vehicle ages."
"22V869","RCRIT-22V869-6966.pdf","IC BUS","1300 FBC","2023","22524/22546; 01/20/2023; International; HV; 2021 thru 2023; A specific hex flange lock nut used in several, but not all, steering and/or suspension locations may have not been properly formed and heat treated to Navistars specifications and can result in a loss of joint tension as the vehicle ages."
"22V869","RCONL-22V869-0471.pdf","IC BUS","1300 FBC","2023","22524; 01/20/2023; International; WorkStar, CV, eMV, HV, HX, LoneStar, LTMV, RH; 2021 thru 2023; IC Bus; 1300FBC, CE, FE, RE, SFC, TC transit buses; 2023; A specific hex flange lock nut used in several, but not all, steering and/or suspension locations may have not been properly formed and heat treated to Navistars specifications and can result in a loss of joint tension as the vehicle ages."
"22V869","RCONL-22V869-1535.pdf","IC BUS","1300 FBC","2023","22524; 01/20/2023; International; WorkStar, CV, eMV, HV, HX, LoneStar, LT, MV, RH; 2021 thru 2023 IC Bus; 1300FBC, CE, FE, RE, SFC, TC transit buses; 2023; A specific hex flange lock nut used in several, but not all, steering and/or suspension locations may have not been properly formed and heat treated to Navistars specifications and can result in a loss of joint tension as the vehicle ages."
"22V869","RCONL-22V869-5286.pdf","IC BUS","1300 FBC","2023","22524; 01/20/2023; IC Bus; 1300FBC, CE, FE, RE, SFC, TC transit buses; 2023; A specific hex flange lock nut used in several, but not all, steering and/or suspension locations may have not been properly formed and heat treated to Navistars specifications and can result in a loss of joint tension as the vehicle ages."
"22V869","RCONL-22V869-7576.pdf","IC BUS","1300 FBC","2023","22524; 01/20/2023; IC Bus; 1300FBC, CE, FE, RE, SFC, and TC transit buses; 2023; A specific hex flange lock nut used in several, but not all, steering and/or suspension locations may have not been properly formed and heat treated to Navistars specifications and can result in a loss of joint tension as the vehicle ages."
"22V869","RCRIT-22V869-0262.pdf","IC BUS","1300 FBC","2023","22524/22538; 01/20/2023; IC Bus; RE Transit Bus; 2023; A specific hex flange lock nut used in several, but not all, steering and/or suspension locations may have not been properly formed and heat treated to Navistars specifications and can result in a loss of joint tension as the vehicle ages."
"22V869","RCRIT-22V869-0008.pdf","IC BUS","1300 FBC","2023","22525/22534; 01/20/2023; International; HV, MV; 2021 thru 2023; IC Bus; CE Transit bus; 2023; A specific hex flange lock nut used in several, but not all, steering and/or suspension locations may have not been properly formed and heat treated to Navistars specifications and can result in a loss of joint tension as the vehicle ages."
"22V869","RCRIT-22V869-1347.pdf","IC BUS","1300 FBC","2023","22524/22547; 01/20/2023; IC Bus; RE transit bus; 2023; A specific hex flange lock nut used in several, but not all, steering and/or suspension locations may have not been properly formed and heat treated to Navistars specifications and can result in a loss of joint tension as the vehicle ages."
"22V869","RCRIT-22V869-6639.pdf","IC BUS","1300 FBC","2023","22524/22548; 01/20/2023; International; eMV, HV, MV; 2021 thru 2023; IC Bus; CE transit bus; 2023; A specific hex flange lock nut used in several, but not all, steering and/or suspension locations may have not been properly formed and heat treated to Navistars specifications and can result in a loss of joint tension as the vehicle ages."
"22V869","RCRIT-22V869-6083.pdf","IC BUS","1300 FBC","2023","22524/22553; 01/20/2023; International; HV; 2021 thru 2023; A specific hex flange lock nut used in several, but not all, steering and/or suspension locations may have not been properly formed and heat treated to Navistars specifications and can result in a loss of joint tension as the vehicle ages."
"22V869","RCRIT-22V869-4877.pdf","IC BUS","1300 FBC","2023","22524/22545; 01/20/2023; International; HV; 2021 thru 2023; A specific hex flange lock nut used in several, but not all, steering and/or suspension locations may have not been properly formed and heat treated to Navistars specifications and can result in a loss of joint tension as the vehicle ages."
"22V869","RCRIT-22V869-4768.pdf","IC BUS","1300 FBC","2023","22524/22536; 01/20/2023; International; HV; 2021 thru 2023; A specific hex flange lock nut used in several, but not all, steering and/or suspension locations may have not been properly formed and heat treated to Navistars specifications and can result in a loss of joint tension as the vehicle ages."
"22V869","RCRIT-22V869-4713.pdf","IC BUS","1300 FBC","2023","22524/22527; 01/20/2023; International; HX; 2021 thru 2023; A specific hex flange lock nut used in several, but not all, steering and/or suspension locations may have not been properly formed and heat treated to Navistars specifications and can result in a loss of joint tension as the vehicle ages."
"22V869","RCRIT-22V869-4641.pdf","IC BUS","1300 FBC","2023","22524/22550; 01/20/2023; International; LT, RH, LoneStar; 2021 thru 2023; A specific hex flange lock nut used in several, but not all, steering and/or suspension locations may have not been properly formed and heat treated to Navistars specifications and can result in a loss of joint tension as the vehicle ages."
"22V869","RCRIT-22V869-4487.pdf","IC BUS","1300 FBC","2023","22524/22539; 01/20/2023; International; HV; 2021 thru 2023; A specific hex flange lock nut used in several, but not all, steering and/or suspension locations may have not been properly formed and heat treated to Navistars specifications and can result in a loss of joint tension as the vehicle ages."
"22V869","RCRIT-22V869-4380.pdf","IC BUS","1300 FBC","2023","22524/22544; 01/20/2023; International; HV; 2021 thru 2023; A specific hex flange lock nut used in several, but not all, steering and/or suspension locations may have not been properly formed and heat treated to Navistars specifications and can result in a loss of joint tension as the vehicle ages."
"22V900","RCSB-22V900-1369.pdf","KTM","1290 SUPER DUKE R","2020","Dealer Notification - TB "
"22V900","RCSB-22V900-1369.pdf","KTM","1290 SUPER DUKE R","2021","Dealer Notification - TB "
"22V900","RCSB-22V900-1369.pdf","KTM","1290 SUPER DUKE R","2022","Dealer Notification - TB "
"22V903","RCRIT-22V903-2218.pdf","BUICK","ENVISION","2021","22V903 recall; daytime running lamps may not deactivate when the headlamps are on, as 
required by FMVSS 108; labor time revised in the service procedure"
"22V903","RCMN-22V903-0922.pdf","BUICK","ENVISION","2021","N222386380 recall; Vehicle daytime running lamps (DRLs) may not deactivate when the headlamps are on; dealer notification "
"22V903","RCMN-22V903-2690.pdf","BUICK","ENVISION","2021","N222386380 recall; the daytime running lamps may not deactivate when the headlamps are on; dealer update regarding claim submission error"
"22V903","RCMN-22V903-2959.pdf","BUICK","ENVISION","2021","N222386380 recall; daytime running lamps (DRLs) may not deactivate when the headlamps are on, as required by FMVSS 108; remedy is temporarily suspended for some models"
"22V903","RCMN-22V903-3997.pdf","BUICK","ENVISION","2021","N222386380 recall; daytime running lamps (DRLs) may not deactivate when the headlamps are on; dealer notice that bulletin is revised to include all models and a copy of the owner letter"
"22V903","RCMN-22V903-4235.pdf","BUICK","ENVISION","2021","22V903 recall; daytime running lamps may not deactivate when the headlamps are on, as 
required by FMVSS 108; dealer notice that labor time was revised in the service procedure"
"22V903","RCMN-22V903-6986.pdf","BUICK","ENVISION","2021","N222386380 recall; daytime running lamps (DRLs) may not deactivate when the headlamps are on, as required by FMVSS 108; Dealer notification of the recall"
"22V903","RCMN-22V903-9125.pdf","BUICK","ENVISION","2021","N222386380 recall; daytime running lamps (DRLs) may not deactivate when the headlamps are on, as required by FMVSS 108; dealer notice regarding claim processing error"
"22V903","RCONL-22V903-8874.pdf","BUICK","ENVISION","2021","22V903 recall; the daytime running lamps (DRLs) may not deactivate when the headlamps are on; owner notification letter"
"22V903","RMISC-22V903-9978.pdf","BUICK","ENVISION","2021","N222386380 recall; daytime running lamps (DRLs) may not deactivate when the headlamps are on; FAQs"
"22V903","RMISC-22V903-7128.pdf","BUICK","ENVISION","2021","N222386380 recall; the daytime running lamps may not deactivate when the headlamps are on; in-vehicle messaging during over-the-air update"
"22V903","RMISC-22V903-6068.pdf","BUICK","ENVISION","2021","N222386380 recall; daytime running lamps (DRLs) may not deactivate when the headlamps are on, as required by FMVSS 108; FAQs"
"22V903","RMISC-22V903-2204.pdf","BUICK","ENVISION","2021","22V903 recall; daytime running lamps may not deactivate when the headlamps are on, as 
required by FMVSS 108; FAQs"
"22V903","RCRIT-22V903-9447.pdf","BUICK","ENVISION","2021","N222386380 recall; daytime running lamps (DRLs) may not deactivate when the headlamps are on, as required by FMVSS 108; service procedure"
"22V903","RCRIT-22V903-2300.pdf","BUICK","ENVISION","2021","N222386380 recall; daytime running lamps (DRLs) may not deactivate when the headlamps are on; bulletin is revised to include all models and a copy of the owner letter"
"22V903","RCMN-22V903-0466.pdf","BUICK","ENVISION","2021","N222386380 recall; daytime running lamps may not deactivate when the headlamps are on, as required by FMVSS 108; dealer notification of remedy suspension for additional models"
"22V903","RCMN-22V903-2690.pdf","BUICK","ENVISION","2022","N222386380 recall; the daytime running lamps may not deactivate when the headlamps are on; dealer update regarding claim submission error"
"22V903","RCMN-22V903-3997.pdf","BUICK","ENVISION","2022","N222386380 recall; daytime running lamps (DRLs) may not deactivate when the headlamps are on; dealer notice that bulletin is revised to include all models and a copy of the owner letter"
"22V903","RCMN-22V903-4235.pdf","BUICK","ENVISION","2022","22V903 recall; daytime running lamps may not deactivate when the headlamps are on, as 
required by FMVSS 108; dealer notice that labor time was revised in the service procedure"
"22V903","RCMN-22V903-6986.pdf","BUICK","ENVISION","2022","N222386380 recall; daytime running lamps (DRLs) may not deactivate when the headlamps are on, as required by FMVSS 108; Dealer notification of the recall"
"22V903","RMISC-22V903-9978.pdf","BUICK","ENVISION","2022","N222386380 recall; daytime running lamps (DRLs) may not deactivate when the headlamps are on; FAQs"
"22V903","RMISC-22V903-7128.pdf","BUICK","ENVISION","2022","N222386380 recall; the daytime running lamps may not deactivate when the headlamps are on; in-vehicle messaging during over-the-air update"
"22V903","RMISC-22V903-6068.pdf","BUICK","ENVISION","2022","N222386380 recall; daytime running lamps (DRLs) may not deactivate when the headlamps are on, as required by FMVSS 108; FAQs"
"22V903","RCRIT-22V903-2218.pdf","BUICK","ENVISION","2022","22V903 recall; daytime running lamps may not deactivate when the headlamps are on, as 
required by FMVSS 108; labor time revised in the service procedure"
"22V903","RMISC-22V903-2204.pdf","BUICK","ENVISION","2022","22V903 recall; daytime running lamps may not deactivate when the headlamps are on, as 
required by FMVSS 108; FAQs"
"22V905","RMRP-22V905-8889.pdf","HYUNDAI TRANSLEAD","DRY VAN TRAILER","2020","Haldez Reimbursement Procedure"
"22V905","RCRIT-22V905-9696.pdf","HYUNDAI TRANSLEAD","DRY VAN TRAILER","2020","Inspection and Repair Procedure for ModulT Gen II Air Disc Brake"
"22V905","RCRIT-22V905-9696.pdf","HYUNDAI TRANSLEAD","DRY VAN TRAILER","2021","Inspection and Repair Procedure for ModulT Gen II Air Disc Brake"
"22V905","RMRP-22V905-8889.pdf","HYUNDAI TRANSLEAD","DRY VAN TRAILER","2021","Haldez Reimbursement Procedure"
"22V905","RCRIT-22V905-9696.pdf","HYUNDAI TRANSLEAD","REEFER TRAILER","2020","Inspection and Repair Procedure for ModulT Gen II Air Disc Brake"
"22V905","RMRP-22V905-8889.pdf","HYUNDAI TRANSLEAD","REEFER TRAILER","2020","Haldez Reimbursement Procedure"
"22V905","RCRIT-22V905-9696.pdf","HYUNDAI TRANSLEAD","REEFER TRAILER","2021","Inspection and Repair Procedure for ModulT Gen II Air Disc Brake"
"22V905","RMRP-22V905-8889.pdf","HYUNDAI TRANSLEAD","REEFER TRAILER","2021","Haldez Reimbursement Procedure"
"23E019","RCRIT-23E019-5030.pdf","MOPAR","HYDRAULIC CONTROL UNIT","9999","Dealer Combo regarding certain Anti-lock Brake System (ABS) Hydraulic Control Units (HCU)"
"23E019","RCMN-23E019-3226.pdf","MOPAR","HYDRAULIC CONTROL UNIT","9999","NSRAC regarding certain Anti-lock Brake System (ABS) Hydraulic Control Units (HCU)"
"23E019","RCONL-23E019-6975.pdf","MOPAR","HYDRAULIC CONTROL UNIT","9999","Final Owner Letter regarding certain Anti-lock Brake System (ABS) Hydraulic Control Units (HCU)s"
"23E059","RMISC-23E059-7298.pdf","SMARTPLUG","30A SHORE POWER INLET","9999","Please see attached document "
"23T007","RCMN-23T007-1695.pdf","TOYO","EXTENSA A/S II","9999","Final dealer letter in Recall No. 23T007"
"23T007","RCONL-23T007-4012.pdf","TOYO","EXTENSA A/S II","9999","Final issued owner letter in Recall No. 23T007."
"23T007","RCONL-23T007-3165.pdf","TOYO","EXTENSA A/S II","9999","Issued owner letter in Recall 23T007."
"23T007","RCONL-23T007-3165.pdf","TOYO","OPEN COUNTRY A/T III","9999","Issued owner letter in Recall 23T007."
"23T007","RCMN-23T007-1695.pdf","TOYO","OPEN COUNTRY A/T III","9999","Final dealer letter in Recall No. 23T007"
"23T007","RCONL-23T007-4012.pdf","TOYO","OPEN COUNTRY A/T III","9999","Final issued owner letter in Recall No. 23T007."
"23T007","RCONL-23T007-3165.pdf","TOYO","OPEN COUNTRY H/T II","9999","Issued owner letter in Recall 23T007."
"23T007","RCMN-23T007-1695.pdf","TOYO","OPEN COUNTRY H/T II","9999","Final dealer letter in Recall No. 23T007"
"23T007","RCONL-23T007-4012.pdf","TOYO","OPEN COUNTRY H/T II","9999","Final issued owner letter in Recall No. 23T007."
"23T007","RCONL-23T007-4012.pdf","TOYO","OPEN COUNTRY Q/T","9999","Final issued owner letter in Recall No. 23T007."
"23T007","RCONL-23T007-3165.pdf","TOYO","OPEN COUNTRY Q/T","9999","Issued owner letter in Recall 23T007."
"23T007","RCMN-23T007-1695.pdf","TOYO","OPEN COUNTRY Q/T","9999","Final dealer letter in Recall No. 23T007"
"23V008","RONE-23V008-7337.pdf","MCELRATH TRAILERS","VX75 XCEL","2013","Sample Envelope 23V-008"
"23V008","RONE-23V008-8523.pdf","MCELRATH TRAILERS","VX75 XCEL","2013","Owner Notification Envelope"
"23V008","RONE-23V008-7337.pdf","MCELRATH TRAILERS","VX75 XCEL","2014","Sample Envelope 23V-008"
"23V008","RONE-23V008-8523.pdf","MCELRATH TRAILERS","VX75 XCEL","2014","Owner Notification Envelope"
"23V008","RONE-23V008-8523.pdf","MCELRATH TRAILERS","VX75 XCEL","2015","Owner Notification Envelope"
"23V008","RONE-23V008-7337.pdf","MCELRATH TRAILERS","VX75 XCEL","2015","Sample Envelope 23V-008"
"23V008","RONE-23V008-7337.pdf","MCELRATH TRAILERS","VX75 XCEL","2016","Sample Envelope 23V-008"
"23V008","RONE-23V008-8523.pdf","MCELRATH TRAILERS","VX75 XCEL","2016","Owner Notification Envelope"
"23V008","RONE-23V008-8523.pdf","MCELRATH TRAILERS","VX75 XCEL","2017","Owner Notification Envelope"
"23V008","RONE-23V008-7337.pdf","MCELRATH TRAILERS","VX75 XCEL","2017","Sample Envelope 23V-008"
"23V008","RONE-23V008-7337.pdf","MCELRATH TRAILERS","VX75 XCEL","2018","Sample Envelope 23V-008"
"23V008","RONE-23V008-8523.pdf","MCELRATH TRAILERS","VX75 XCEL","2018","Owner Notification Envelope"
"23V008","RONE-23V008-7337.pdf","MCELRATH TRAILERS","VX75 XCEL","2019","Sample Envelope 23V-008"
"23V008","RONE-23V008-8523.pdf","MCELRATH TRAILERS","VX75 XCEL","2019","Owner Notification Envelope"
"23V008","RONE-23V008-8523.pdf","MCELRATH TRAILERS","VX75 XCEL","2020","Owner Notification Envelope"
"23V008","RONE-23V008-7337.pdf","MCELRATH TRAILERS","VX75 XCEL","2020","Sample Envelope 23V-008"
"23V008","RONE-23V008-8523.pdf","MCELRATH TRAILERS","VX75 XCEL","2021","Owner Notification Envelope"
"23V008","RONE-23V008-7337.pdf","MCELRATH TRAILERS","VX75 XCEL","2021","Sample Envelope 23V-008"
"23V008","RONE-23V008-7337.pdf","MCELRATH TRAILERS","VX75 XCEL","2022","Sample Envelope 23V-008"
"23V008","RONE-23V008-8523.pdf","MCELRATH TRAILERS","VX75 XCEL","2022","Owner Notification Envelope"
"23V008","RONE-23V008-7337.pdf","MCELRATH TRAILERS","VX75 XCEL","2023","Sample Envelope 23V-008"
"23V008","RONE-23V008-8523.pdf","MCELRATH TRAILERS","VX75 XCEL","2023","Owner Notification Envelope"
"23V017","RCMN-23V017-1929.pdf","CHEVROLET","LOW CAB FORWARD 5500","2022","Communication regarding GM #N232396500, 2022  2023 Chevrolet Low Cab Forward Med Duty trucks involved with Isuzu recall 23V017; ABS module may not have been recalibrated after frame modification to extend wheelbase to 200-212 inches; dealer notification of available service procedure."
"23V017","RONE-23V017-6980.pdf","CHEVROLET","LOW CAB FORWARD 5500","2022","23V017 HINO envelope for owner notification"
"23V017","RMISC-23V017-1010.pdf","CHEVROLET","LOW CAB FORWARD 5500","2022","573 CHRONOLOGY"
"23V017","RCRIT-23V017-8106.pdf","CHEVROLET","LOW CAB FORWARD 5500","2022","Communication regarding GM #N232396500, 2022  2023 Chevrolet Low Cab Forward Med Duty trucks involved with Isuzu recall 23V017; ABS module may not have been recalibrated after frame modification to extend wheelbase to 200-212 inches; ABS module service procedure."
"23V017","RCRIT-23V017-4972.pdf","CHEVROLET","LOW CAB FORWARD 5500","2022","ADAS camera adjustment procedures as provided in the Isuzu service manual."
"23V017","RCRIT-23V017-3024.pdf","CHEVROLET","LOW CAB FORWARD 5500","2022","Communication regarding GM # N232396501, 2022  2023 Chevrolet Low Cab Forward Med Duty trucks involved with Isuzu recall 23V017; the ADAS (Advanced Driver Assistance Systems) camera and ABS (Antilock Brake System) module were not calibrated according to the correct wheelbase; service bulletin for the ESC-affected condition"
"23V017","RCRIT-23V017-2308.pdf","CHEVROLET","LOW CAB FORWARD 5500","2022","Communication regarding 2022  2023 HINO S-Series trucks involved with recall 23V017; ABS module may not have been recalibrated after frame modification to extend wheelbase to 200-212 inches; dealer notification for TSB and remedy instructions."
"23V017","RCRIT-23V017-0966.pdf","CHEVROLET","LOW CAB FORWARD 5500","2022","Service Bulletin regarding Isuzu 23V-017 (V2301), 2022  2023 N-Series trucks;  ABS module may not have been recalibrated after frame modification to extend wheelbase to 200-212 inches; ABS  module recalibration service procedure."
"23V017","RCRIT-23V017-0356.pdf","CHEVROLET","LOW CAB FORWARD 5500","2022","Service Bulletin for recalibrating ESC, ABS, and ADAS system."
"23V017","RCONL-23V017-9784.pdf","CHEVROLET","LOW CAB FORWARD 5500","2022","Communication regarding 2022  2023 HINO S-Series trucks involved with recall 23V017; ABS module may not have been recalibrated after frame modification to extend wheelbase to 200-212 inches; owner notification "
"23V017","RCONL-23V017-9017.pdf","CHEVROLET","LOW CAB FORWARD 5500","2022","Owner communication regarding 2022  2023 Isuzu N-Series trucks involved with recall 23V017; ABS module and ADAS may not have been recalibrated after frame modification to extend wheelbase to 200-212 inches; owner notification of subject vehicles with ABS and ADAS stereo camera"
"23V017","RCONL-23V017-8673.pdf","CHEVROLET","LOW CAB FORWARD 5500","2022","Owner communication regarding 2022  2023 Isuzu N-Series trucks involved with recall 23V017; ABS module may not have been recalibrated after frame modification to extend wheelbase to 200-212 inches; owner notification of subject vehicles with ABS only"
"23V017","RCONL-23V017-1016.pdf","CHEVROLET","LOW CAB FORWARD 5500","2022","Communication regarding GM # N232396500, 2022  2023 Chevrolet Low Cab Forward Med Duty trucks involved with Isuzu recall 23V017; the ADAS (Advanced Driver Assistance Systems) camera and ABS (Antilock Brake System) module were not calibrated according to the correct wheelbase; copy of the owner notification letter"
"23V017","RCMN-23V017-9913.pdf","CHEVROLET","LOW CAB FORWARD 5500","2022","Communication regarding GM #N232396500; 2022  2023 Chevrolet Low Cab Forward Med Duty trucks involved with Isuzu recall 23V017; frame modified extended wheelbase 200 or 212 inches did not receive recalibration of ADAS camera or ABS module.: Dealer FAQ "
"23V017","RCMN-23V017-8617.pdf","CHEVROLET","LOW CAB FORWARD 5500","2022","Communication regarding GM # N232396500, 2022  2023 Chevrolet Low Cab Forward Med Duty trucks involved with Isuzu recall 23V017; the ADAS (Advanced Driver Assistance Systems) camera and ABS (Antilock Brake System) module were not calibrated according to the correct wheelbase; dealer notice that the service bulletin is revised to include a copy of the owner notification letter"
"23V017","RCMN-23V017-7553.pdf","CHEVROLET","LOW CAB FORWARD 5500","2022","Communication regarding GM #N232396500, 2022  2023 Chevrolet Low Cab Forward Med Duty trucks involved with Isuzu recall 23V017; ABS module may not have been recalibrated after frame modification to extend wheelbase to 200-212 inches; supplemental information to assist dealers in addressing customer questions"
"23V017","RCMN-23V017-7021.pdf","CHEVROLET","LOW CAB FORWARD 5500","2022","Communication regarding 2022  2023 HINO S-Series trucks involved with recall 23V017; ABS module may not have been recalibrated after frame modification to extend wheelbase to 200-212 inches; dealer notification for stop-sale and stop delivery"
"23V017","RCMN-23V017-4005.pdf","CHEVROLET","LOW CAB FORWARD 5500","2022","Communication regarding GM # N232396501, 2022  2023 Chevrolet Low Cab Forward Med Duty trucks involved with Isuzu recall 23V017; the ADAS (Advanced Driver Assistance Systems) camera and ABS (Antilock Brake System) module were not calibrated according to the correct wheelbase; dealer notice that parts and a service bulletin is available for repair of the ESC-affected condition"
"23V017","RCMN-23V017-3198.pdf","CHEVROLET","LOW CAB FORWARD 5500","2022","Communication regarding GM #N232396500; 2022  2023 Chevrolet Low Cab Forward Med Duty trucks involved with Isuzu recall 23V017; frame modified extended wheelbase 200 or 212 inches did not receive recalibration of ADAS camera or ABS module:  Stop Sale Delivery Notice."
"23V017","RCMN-23V017-2289.pdf","CHEVROLET","LOW CAB FORWARD 5500","2022","Stop Sale and Delivery notice for affected Class 5 diesel trucks with wheelbase 200-212"" frame modifications."
"23V017","RCRIT-23V017-9106.pdf","CHEVROLET","LOW CAB FORWARD 5500","2022","23V017 N232396500-01 Bulletin 21Feb2023Communication regarding GM # N232396500, 2022  2023 Chevrolet Low Cab Forward Med Duty trucks involved with Isuzu recall 23V017; the ADAS (Advanced Driver Assistance Systems) camera and ABS (Antilock Brake System) module were not calibrated according to the correct wheelbase; service bulletin is revised to include a copy of the owner notification letter"
"23V017","RCMN-23V017-2289.pdf","CHEVROLET","LOW CAB FORWARD 5500","2023","Stop Sale and Delivery notice for affected Class 5 diesel trucks with wheelbase 200-212"" frame modifications."
"23V017","RCRIT-23V017-8106.pdf","CHEVROLET","LOW CAB FORWARD 5500","2023","Communication regarding GM #N232396500, 2022  2023 Chevrolet Low Cab Forward Med Duty trucks involved with Isuzu recall 23V017; ABS module may not have been recalibrated after frame modification to extend wheelbase to 200-212 inches; ABS module service procedure."
"23V017","RCRIT-23V017-4972.pdf","CHEVROLET","LOW CAB FORWARD 5500","2023","ADAS camera adjustment procedures as provided in the Isuzu service manual."
"23V017","RCMN-23V017-4005.pdf","CHEVROLET","LOW CAB FORWARD 5500","2023","Communication regarding GM # N232396501, 2022  2023 Chevrolet Low Cab Forward Med Duty trucks involved with Isuzu recall 23V017; the ADAS (Advanced Driver Assistance Systems) camera and ABS (Antilock Brake System) module were not calibrated according to the correct wheelbase; dealer notice that parts and a service bulletin is available for repair of the ESC-affected condition"
"23V033","RIONL-23V033-1237.pdf","PORSCHE","PANAMERA","2017","Redacted copy of Interim notification letter is attached."
"23V033","RCMN-23V033-7490.pdf","PORSCHE","PANAMERA","2017","Copy of actual Notice to dealers is attached."
"23V033","RCRIT-23V033-9673.pdf","PORSCHE","PANAMERA","2017","Copy of actual repair instructions is attached."
"23V033","RCONL-23V033-2909.pdf","PORSCHE","PANAMERA","2017","Redacted copy of final customer notification is attached."
"23V033","RCRIT-23V033-9673.pdf","PORSCHE","PANAMERA","2018","Copy of actual repair instructions is attached."
"23V033","RCONL-23V033-2909.pdf","PORSCHE","PANAMERA","2018","Redacted copy of final customer notification is attached."
"23V033","RIONL-23V033-1237.pdf","PORSCHE","PANAMERA","2018","Redacted copy of Interim notification letter is attached."
"23V033","RCMN-23V033-7490.pdf","PORSCHE","PANAMERA","2018","Copy of actual Notice to dealers is attached."
"23V033","RCMN-23V033-7490.pdf","PORSCHE","PANAMERA","2019","Copy of actual Notice to dealers is attached."
"23V033","RCRIT-23V033-9673.pdf","PORSCHE","PANAMERA","2019","Copy of actual repair instructions is attached."
"23V033","RCONL-23V033-2909.pdf","PORSCHE","PANAMERA","2019","Redacted copy of final customer notification is attached."
"23V033","RIONL-23V033-1237.pdf","PORSCHE","PANAMERA","2019","Redacted copy of Interim notification letter is attached."
"23V033","RCONL-23V033-2909.pdf","PORSCHE","PANAMERA","2020","Redacted copy of final customer notification is attached."
"23V033","RCMN-23V033-7490.pdf","PORSCHE","PANAMERA","2020","Copy of actual Notice to dealers is attached."
"23V033","RCRIT-23V033-9673.pdf","PORSCHE","PANAMERA","2020","Copy of actual repair instructions is attached."
"23V033","RIONL-23V033-1237.pdf","PORSCHE","PANAMERA","2020","Redacted copy of Interim notification letter is attached."
"23V033","RCMN-23V033-7490.pdf","PORSCHE","PANAMERA","2021","Copy of actual Notice to dealers is attached."
"23V033","RIONL-23V033-1237.pdf","PORSCHE","PANAMERA","2021","Redacted copy of Interim notification letter is attached."
"23V033","RCRIT-23V033-9673.pdf","PORSCHE","PANAMERA","2021","Copy of actual repair instructions is attached."
"23V033","RCONL-23V033-2909.pdf","PORSCHE","PANAMERA","2021","Redacted copy of final customer notification is attached."
"23V033","RCRIT-23V033-9673.pdf","PORSCHE","PANAMERA 4","2017","Copy of actual repair instructions is attached."
"23V033","RCMN-23V033-7490.pdf","PORSCHE","PANAMERA 4","2017","Copy of actual Notice to dealers is attached."
"23V033","RCONL-23V033-2909.pdf","PORSCHE","PANAMERA 4","2017","Redacted copy of final customer notification is attached."
"23V033","RIONL-23V033-1237.pdf","PORSCHE","PANAMERA 4","2017","Redacted copy of Interim notification letter is attached."
"23V033","RCMN-23V033-7490.pdf","PORSCHE","PANAMERA 4","2018","Copy of actual Notice to dealers is attached."
"23V034","RCMN-23V034-3318.pdf","BENTLEY","CONTINENTAL GT","2020","Bulletin to dealers explaining the recall including repair instructions"
"23V034","RCMN-23V034-3318.pdf","BENTLEY","CONTINENTAL GTC","2020","Bulletin to dealers explaining the recall including repair instructions"
"23V085","RMISC-23V085-7352.pdf","TESLA","MODEL 3","2017","OTA Remedy Description from Vehicle Software Release Notes "
"23V085","RMISC-23V085-7352.pdf","TESLA","MODEL 3","2018","OTA Remedy Description from Vehicle Software Release Notes "
"23V085","RMISC-23V085-7352.pdf","TESLA","MODEL 3","2019","OTA Remedy Description from Vehicle Software Release Notes "
"23V085","RMISC-23V085-7352.pdf","TESLA","MODEL 3","2020","OTA Remedy Description from Vehicle Software Release Notes "
"23V085","RMISC-23V085-7352.pdf","TESLA","MODEL 3","2021","OTA Remedy Description from Vehicle Software Release Notes "
"23V085","RMISC-23V085-7352.pdf","TESLA","MODEL 3","2022","OTA Remedy Description from Vehicle Software Release Notes "
"23V085","RMISC-23V085-7352.pdf","TESLA","MODEL 3","2023","OTA Remedy Description from Vehicle Software Release Notes "
"23V085","RMISC-23V085-7352.pdf","TESLA","MODEL S","2016","OTA Remedy Description from Vehicle Software Release Notes "
"23V085","RMISC-23V085-7352.pdf","TESLA","MODEL S","2017","OTA Remedy Description from Vehicle Software Release Notes "
"23V085","RMISC-23V085-7352.pdf","TESLA","MODEL S","2018","OTA Remedy Description from Vehicle Software Release Notes "
"23V085","RMISC-23V085-7352.pdf","TESLA","MODEL S","2019","OTA Remedy Description from Vehicle Software Release Notes "
"23V085","RMISC-23V085-7352.pdf","TESLA","MODEL S","2020","OTA Remedy Description from Vehicle Software Release Notes "
"23V085","RMISC-23V085-7352.pdf","TESLA","MODEL S","2021","OTA Remedy Description from Vehicle Software Release Notes "
"23V085","RMISC-23V085-7352.pdf","TESLA","MODEL S","2022","OTA Remedy Description from Vehicle Software Release Notes "
"23V085","RMISC-23V085-7352.pdf","TESLA","MODEL S","2023","OTA Remedy Description from Vehicle Software Release Notes "
"23V085","RMISC-23V085-7352.pdf","TESLA","MODEL X","2016","OTA Remedy Description from Vehicle Software Release Notes "
"23V085","RMISC-23V085-7352.pdf","TESLA","MODEL X","2017","OTA Remedy Description from Vehicle Software Release Notes "
"23V085","RMISC-23V085-7352.pdf","TESLA","MODEL X","2018","OTA Remedy Description from Vehicle Software Release Notes "
"23V085","RMISC-23V085-7352.pdf","TESLA","MODEL X","2019","OTA Remedy Description from Vehicle Software Release Notes "
"23V085","RMISC-23V085-7352.pdf","TESLA","MODEL X","2020","OTA Remedy Description from Vehicle Software Release Notes "
"23V085","RMISC-23V085-7352.pdf","TESLA","MODEL X","2021","OTA Remedy Description from Vehicle Software Release Notes "
"23V085","RMISC-23V085-7352.pdf","TESLA","MODEL X","2022","OTA Remedy Description from Vehicle Software Release Notes "
"23V085","RMISC-23V085-7352.pdf","TESLA","MODEL X","2023","OTA Remedy Description from Vehicle Software Release Notes "
"23V085","RMISC-23V085-7352.pdf","TESLA","MODEL Y","2020","OTA Remedy Description from Vehicle Software Release Notes "
"23V085","RMISC-23V085-7352.pdf","TESLA","MODEL Y","2021","OTA Remedy Description from Vehicle Software Release Notes "
"23V122","RCONL-23V122-8755.pdf","FORD","TRANSIT","2023","23C02 Owner letter.  Mailed April 20, 2023"
"23V122","RCMN-23V122-7145.pdf","FORD","TRANSIT","2023","NEW VEHICLE DEMONSTRATION / DELIVERY HOLD
Compliance Recall 23C02  Supplement #1
Certain 2023 Model Year Transit
Wiring Harness Missing Jumper Loop"
"23V122","RCRN-23V122-4239.pdf","FORD","TRANSIT","2023","23C02 Renotification.  Mailed April 1, 2024"
"23V122","RIONL-23V122-7385.pdf","FORD","TRANSIT","2023","23C02 Interim owner letter.  Mailed March 17, 2023"
"23V122","RCMN-23V122-2123.pdf","FORD","TRANSIT","2023","NEW VEHICLE DEMONSTRATION / DELIVERY HOLD - Advance Notice
Compliance Recall 23C02
Certain 2023 Model Year Transit
Wiring Harness Missing Jumper Loop"
"23V122","RCMN-23V122-3925.pdf","FORD","TRANSIT","2023","NEW VEHICLE DEMONSTRATION / DELIVERY HOLD
Compliance Recall 23C02
Certain 2023 Model Year Transit
Wiring Harness Missing Jumper Loop"
"23V122","RCRN-23V122-0851.pdf","FORD","TRANSIT","2023","23C02 Renot.  Mailed February 3, 2025"
"23V220","RCONL-23V220-7164.pdf","INTERNATIONAL","LT","2021","23509; 05/26/2023; International; LT & RH; 2021 thru 2024; The Engine Control Module (ECM) disregards throttle pedal input and reduces engine torque when the ABS control unit senses a wheel speed sensor fault and may cause the vehicle to unexpectedly slow to idle speed on the roadway."
"23V220","RCRIT-23V220-9429.pdf","INTERNATIONAL","LT","2022","23509; 05/26/2023; International; LT & RH; 2021 thru 2024; The Engine Control Module (ECM) disregards throttle pedal input and reduces engine torque when the ABS control unit senses a wheel speed sensor fault and may cause the vehicle to unexpectedly slow to idle speed on the roadway."
"23V220","RCONL-23V220-7164.pdf","INTERNATIONAL","LT","2023","23509; 05/26/2023; International; LT & RH; 2021 thru 2024; The Engine Control Module (ECM) disregards throttle pedal input and reduces engine torque when the ABS control unit senses a wheel speed sensor fault and may cause the vehicle to unexpectedly slow to idle speed on the roadway."
"23V220","RCRIT-23V220-9429.pdf","INTERNATIONAL","LT","2024","23509; 05/26/2023; International; LT & RH; 2021 thru 2024; The Engine Control Module (ECM) disregards throttle pedal input and reduces engine torque when the ABS control unit senses a wheel speed sensor fault and may cause the vehicle to unexpectedly slow to idle speed on the roadway."
"23V220","RCRIT-23V220-9429.pdf","INTERNATIONAL","RH","2021","23509; 05/26/2023; International; LT & RH; 2021 thru 2024; The Engine Control Module (ECM) disregards throttle pedal input and reduces engine torque when the ABS control unit senses a wheel speed sensor fault and may cause the vehicle to unexpectedly slow to idle speed on the roadway."
"23V220","RCONL-23V220-7164.pdf","INTERNATIONAL","RH","2022","23509; 05/26/2023; International; LT & RH; 2021 thru 2024; The Engine Control Module (ECM) disregards throttle pedal input and reduces engine torque when the ABS control unit senses a wheel speed sensor fault and may cause the vehicle to unexpectedly slow to idle speed on the roadway."
"23V220","RCRIT-23V220-9429.pdf","INTERNATIONAL","RH","2023","23509; 05/26/2023; International; LT & RH; 2021 thru 2024; The Engine Control Module (ECM) disregards throttle pedal input and reduces engine torque when the ABS control unit senses a wheel speed sensor fault and may cause the vehicle to unexpectedly slow to idle speed on the roadway."
"23V220","RCONL-23V220-7164.pdf","INTERNATIONAL","RH","2024","23509; 05/26/2023; International; LT & RH; 2021 thru 2024; The Engine Control Module (ECM) disregards throttle pedal input and reduces engine torque when the ABS control unit senses a wheel speed sensor fault and may cause the vehicle to unexpectedly slow to idle speed on the roadway."
"23V256","RCONL-23V256-8001.pdf","SUPER PRODUCTS","CAMEL","2014","Owner Notice Letter for Recall 23V-256 which was sent to owners on June 2, 2023."
"23V256","RCRIT-23V256-0446.pdf","SUPER PRODUCTS","CAMEL","2014","This is the Remedy Instructions and Service Bulletin for Recall 23V-256 sent to Super Products dealers on May 26, 2023."
"23V256","RCMN-23V256-5516.pdf","SUPER PRODUCTS","CAMEL","2014","Notice letter sent to Super Products dealers to inform them of Recall 23V-256 and provide them with the service bulletin."
"23V256","RCONL-23V256-3852.pdf","SUPER PRODUCTS","CAMEL","2014","Supplemental notice letter sent to Owners reminding them of Recall 23V-256."
"23V256","RCONL-23V256-3852.pdf","SUPER PRODUCTS","CAMEL","2015","Supplemental notice letter sent to Owners reminding them of Recall 23V-256."
"23V256","RCMN-23V256-5516.pdf","SUPER PRODUCTS","CAMEL","2015","Notice letter sent to Super Products dealers to inform them of Recall 23V-256 and provide them with the service bulletin."
"23V256","RCONL-23V256-8001.pdf","SUPER PRODUCTS","CAMEL","2015","Owner Notice Letter for Recall 23V-256 which was sent to owners on June 2, 2023."
"23V256","RCRIT-23V256-0446.pdf","SUPER PRODUCTS","CAMEL","2015","This is the Remedy Instructions and Service Bulletin for Recall 23V-256 sent to Super Products dealers on May 26, 2023."
"23V256","RCMN-23V256-5516.pdf","SUPER PRODUCTS","CAMEL","2016","Notice letter sent to Super Products dealers to inform them of Recall 23V-256 and provide them with the service bulletin."
"23V256","RCONL-23V256-3852.pdf","SUPER PRODUCTS","CAMEL","2016","Supplemental notice letter sent to Owners reminding them of Recall 23V-256."
"23V256","RCRIT-23V256-0446.pdf","SUPER PRODUCTS","CAMEL","2016","This is the Remedy Instructions and Service Bulletin for Recall 23V-256 sent to Super Products dealers on May 26, 2023."
"23V256","RCONL-23V256-8001.pdf","SUPER PRODUCTS","CAMEL","2016","Owner Notice Letter for Recall 23V-256 which was sent to owners on June 2, 2023."
"23V256","RCONL-23V256-3852.pdf","SUPER PRODUCTS","CAMEL","2017","Supplemental notice letter sent to Owners reminding them of Recall 23V-256."
"23V256","RCMN-23V256-5516.pdf","SUPER PRODUCTS","CAMEL","2017","Notice letter sent to Super Products dealers to inform them of Recall 23V-256 and provide them with the service bulletin."
"23V256","RCRIT-23V256-0446.pdf","SUPER PRODUCTS","CAMEL","2017","This is the Remedy Instructions and Service Bulletin for Recall 23V-256 sent to Super Products dealers on May 26, 2023."
"23V256","RCONL-23V256-8001.pdf","SUPER PRODUCTS","CAMEL","2017","Owner Notice Letter for Recall 23V-256 which was sent to owners on June 2, 2023."
"23V256","RCONL-23V256-8001.pdf","SUPER PRODUCTS","CAMEL","2018","Owner Notice Letter for Recall 23V-256 which was sent to owners on June 2, 2023."
"23V256","RCMN-23V256-5516.pdf","SUPER PRODUCTS","CAMEL","2018","Notice letter sent to Super Products dealers to inform them of Recall 23V-256 and provide them with the service bulletin."
"23V256","RCRIT-23V256-0446.pdf","SUPER PRODUCTS","CAMEL","2018","This is the Remedy Instructions and Service Bulletin for Recall 23V-256 sent to Super Products dealers on May 26, 2023."
"23V256","RCONL-23V256-3852.pdf","SUPER PRODUCTS","CAMEL","2018","Supplemental notice letter sent to Owners reminding them of Recall 23V-256."
"23V256","RCRIT-23V256-0446.pdf","SUPER PRODUCTS","CAMEL","2019","This is the Remedy Instructions and Service Bulletin for Recall 23V-256 sent to Super Products dealers on May 26, 2023."
"23V256","RCMN-23V256-5516.pdf","SUPER PRODUCTS","CAMEL","2019","Notice letter sent to Super Products dealers to inform them of Recall 23V-256 and provide them with the service bulletin."
"23V256","RCONL-23V256-8001.pdf","SUPER PRODUCTS","CAMEL","2019","Owner Notice Letter for Recall 23V-256 which was sent to owners on June 2, 2023."
"23V256","RCONL-23V256-3852.pdf","SUPER PRODUCTS","CAMEL","2019","Supplemental notice letter sent to Owners reminding them of Recall 23V-256."
"23V256","RCRIT-23V256-0446.pdf","SUPER PRODUCTS","MUD DOG","2014","This is the Remedy Instructions and Service Bulletin for Recall 23V-256 sent to Super Products dealers on May 26, 2023."
"23V293","RCMN-23V293-2895.pdf","INDIAN","CHIEF BOBBER","2022","This is a communication to NHTSA regarding NHTSA recall 23V-293 explaining that the potentially affected population of vehicles has been inspected and remedied. As result, there will not be any Part 577 notifications released for this recall."
"23V293","RCMN-23V293-2895.pdf","INDIAN","CHIEF BOBBER DARK HORSE","2022","This is a communication to NHTSA regarding NHTSA recall 23V-293 explaining that the potentially affected population of vehicles has been inspected and remedied. As result, there will not be any Part 577 notifications released for this recall."
"23V293","RCMN-23V293-2895.pdf","INDIAN","CHIEF DARK HORSE","2022","This is a communication to NHTSA regarding NHTSA recall 23V-293 explaining that the potentially affected population of vehicles has been inspected and remedied. As result, there will not be any Part 577 notifications released for this recall."
"23V313","RCRIT-23V313-9411.pdf","PORSCHE","911 CARRERA","2022","Actual copy of Remedy instructions is attached."
"23V313","RCONL-23V313-4377.pdf","PORSCHE","911 CARRERA","2022","Redacted copy of final customer notification is attached."
"23V313","RCMN-23V313-2441.pdf","PORSCHE","911 CARRERA","2022","Copy of manufacturer notice to dealers is attached."
"23V313","RCMN-23V313-2441.pdf","PORSCHE","911 CARRERA S","2020","Copy of manufacturer notice to dealers is attached."
"23V313","RCONL-23V313-4377.pdf","PORSCHE","911 CARRERA S","2020","Redacted copy of final customer notification is attached."
"23V313","RCRIT-23V313-4784.pdf","PORSCHE","911 CARRERA S","2020","Actual copy of Remedy instructions is attached."
"23V313","RCRIT-23V313-4784.pdf","PORSCHE","TAYCAN TURBO","2021","Actual copy of Remedy instructions is attached."
"23V313","RCMN-23V313-2441.pdf","PORSCHE","TAYCAN TURBO","2021","Copy of manufacturer notice to dealers is attached."
"23V313","RCONL-23V313-4377.pdf","PORSCHE","TAYCAN TURBO","2021","Redacted copy of final customer notification is attached."
"23V342","RCMN-23V342-4410.pdf","FORD","EXPLORER","2020","NEW VEHICLE DEMONSTRATION / DELIVERY HOLD -
Safety Recall 23S23 - Supplement #1
Certain 2020-2023 Explorer and Aviator, and 2020-2022 Corsair Model Year
Vehicles
Inoperative Rear / 360 Degree Camera with A Blue or Black Screen"
"23V342","RCONL-23V342-3379.pdf","FORD","EXPLORER","2020","23S23 Parts available owner letter.  Mailed November 10, 2023"
"23V342","RCMN-23V342-7732.pdf","FORD","EXPLORER","2020","NEW VEHICLE DEMONSTRATION / DELIVERY HOLD -
Safety Recall 23S23 - Supplement #3
Certain 2020-2023 Explorer and Aviator, and 2020-2022 Corsair Model Year
Vehicles
Inoperative Rear / 360 Degree Camera with A Blue or Black Screen"
"23V342","RCMN-23V342-5704.pdf","FORD","EXPLORER","2020","NEW VEHICLE DEMONSTRATION / DELIVERY HOLD -
Safety Recall 23S23
Certain 2020-2023 Explorer and Aviator, and 2020-2022 Corsair Model Year
Vehicles
Inoperative Rear / 360 Degree Camera With A Blue Screen"
"23V342","RCMN-23V342-3195.pdf","FORD","EXPLORER","2020","NEW VEHICLE DEMONSTRATION / DELIVERY HOLD -
Safety Recall 23S23 - Supplement #4
Certain 2020-2023 Explorer and Aviator, and 2020-2022 Corsair Model Year
Vehicles
Inoperative Rear / 360 Degree Camera with A Blue or Black Screen"
"23V342","RCMN-23V342-1782.pdf","FORD","EXPLORER","2020","NEW VEHICLE DEMONSTRATION / DELIVERY HOLD -
Safety Recall 23S23 - Supplement #2
Certain 2020-2023 Explorer and Aviator, and 2020-2022 Corsair Model Year
Vehicles
Inoperative Rear / 360 Degree Camera with A Blue or Black Screen"
"23V342","RCMN-23V342-1584.pdf","FORD","EXPLORER","2020","NEW VEHICLE DEMONSTRATION / DELIVERY HOLD - Advance Notice 
Safety Recall 23S23
Certain 2020-2023 Explorer and Aviator, and 2020-2022 Corsair Model Year
Vehicles
Rear / 360 Camera Blue Screen"
"23V342","RIONL-23V342-0256.pdf","FORD","EXPLORER","2020","23S23 Interim owner letter.  Mailed July 10, 2023"
"23V342","RCRN-23V342-9823.pdf","FORD","EXPLORER","2020","23S23 Renot.  Mailed February 3, 2025"
"23V342","RCRN-23V342-8759.pdf","FORD","EXPLORER","2020","23S23 Renotification.  Mailed April 1, 2024"
"23V342","RCRN-23V342-8759.pdf","FORD","EXPLORER","2021","23S23 Renotification.  Mailed April 1, 2024"
"23V342","RIONL-23V342-0256.pdf","FORD","EXPLORER","2021","23S23 Interim owner letter.  Mailed July 10, 2023"
"23V342","RCMN-23V342-1584.pdf","FORD","EXPLORER","2021","NEW VEHICLE DEMONSTRATION / DELIVERY HOLD - Advance Notice 
Safety Recall 23S23
Certain 2020-2023 Explorer and Aviator, and 2020-2022 Corsair Model Year
Vehicles
Rear / 360 Camera Blue Screen"
"23V342","RCMN-23V342-1782.pdf","FORD","EXPLORER","2021","NEW VEHICLE DEMONSTRATION / DELIVERY HOLD -
Safety Recall 23S23 - Supplement #2
Certain 2020-2023 Explorer and Aviator, and 2020-2022 Corsair Model Year
Vehicles
Inoperative Rear / 360 Degree Camera with A Blue or Black Screen"
"23V342","RCMN-23V342-3195.pdf","FORD","EXPLORER","2021","NEW VEHICLE DEMONSTRATION / DELIVERY HOLD -
Safety Recall 23S23 - Supplement #4
Certain 2020-2023 Explorer and Aviator, and 2020-2022 Corsair Model Year
Vehicles
Inoperative Rear / 360 Degree Camera with A Blue or Black Screen"
"23V342","RCMN-23V342-4410.pdf","FORD","EXPLORER","2021","NEW VEHICLE DEMONSTRATION / DELIVERY HOLD -
Safety Recall 23S23 - Supplement #1
Certain 2020-2023 Explorer and Aviator, and 2020-2022 Corsair Model Year
Vehicles
Inoperative Rear / 360 Degree Camera with A Blue or Black Screen"
"23V342","RCMN-23V342-5704.pdf","FORD","EXPLORER","2021","NEW VEHICLE DEMONSTRATION / DELIVERY HOLD -
Safety Recall 23S23
Certain 2020-2023 Explorer and Aviator, and 2020-2022 Corsair Model Year
Vehicles
Inoperative Rear / 360 Degree Camera With A Blue Screen"
"23V342","RCMN-23V342-7732.pdf","FORD","EXPLORER","2021","NEW VEHICLE DEMONSTRATION / DELIVERY HOLD -
Safety Recall 23S23 - Supplement #3
Certain 2020-2023 Explorer and Aviator, and 2020-2022 Corsair Model Year
Vehicles
Inoperative Rear / 360 Degree Camera with A Blue or Black Screen"
"23V342","RCONL-23V342-3379.pdf","FORD","EXPLORER","2021","23S23 Parts available owner letter.  Mailed November 10, 2023"
"23V342","RCRN-23V342-9823.pdf","FORD","EXPLORER","2021","23S23 Renot.  Mailed February 3, 2025"
"23V342","RCMN-23V342-5704.pdf","FORD","EXPLORER","2022","NEW VEHICLE DEMONSTRATION / DELIVERY HOLD -
Safety Recall 23S23
Certain 2020-2023 Explorer and Aviator, and 2020-2022 Corsair Model Year
Vehicles
Inoperative Rear / 360 Degree Camera With A Blue Screen"
"23V342","RCMN-23V342-1584.pdf","FORD","EXPLORER","2022","NEW VEHICLE DEMONSTRATION / DELIVERY HOLD - Advance Notice 
Safety Recall 23S23
Certain 2020-2023 Explorer and Aviator, and 2020-2022 Corsair Model Year
Vehicles
Rear / 360 Camera Blue Screen"
"23V342","RCMN-23V342-3195.pdf","FORD","EXPLORER","2022","NEW VEHICLE DEMONSTRATION / DELIVERY HOLD -
Safety Recall 23S23 - Supplement #4
Certain 2020-2023 Explorer and Aviator, and 2020-2022 Corsair Model Year
Vehicles
Inoperative Rear / 360 Degree Camera with A Blue or Black Screen"
"23V342","RCMN-23V342-4410.pdf","FORD","EXPLORER","2022","NEW VEHICLE DEMONSTRATION / DELIVERY HOLD -
Safety Recall 23S23 - Supplement #1
Certain 2020-2023 Explorer and Aviator, and 2020-2022 Corsair Model Year
Vehicles
Inoperative Rear / 360 Degree Camera with A Blue or Black Screen"
"23V342","RCMN-23V342-1782.pdf","FORD","EXPLORER","2022","NEW VEHICLE DEMONSTRATION / DELIVERY HOLD -
Safety Recall 23S23 - Supplement #2
Certain 2020-2023 Explorer and Aviator, and 2020-2022 Corsair Model Year
Vehicles
Inoperative Rear / 360 Degree Camera with A Blue or Black Screen"
"23V357","RCONL-23V357-8173.pdf","ALTEC","AERIAL DEVICE","2021","Altec Industries, Inc. has decided that a defect which relates to motor vehicle safety exists in certain units built from March 2021 to May 2023 that were equipped with TECNIQ INC K30 strobe lights, and certain parts orders for TECNIQ INC K30 strobe lights placed from March 2021 to May 2023. Water intrusion can occur on these strobe lights, increasing the risk of fire and serious injury."
"23V357","RCONL-23V357-8173.pdf","ALTEC","AERIAL DEVICE","2022","Altec Industries, Inc. has decided that a defect which relates to motor vehicle safety exists in certain units built from March 2021 to May 2023 that were equipped with TECNIQ INC K30 strobe lights, and certain parts orders for TECNIQ INC K30 strobe lights placed from March 2021 to May 2023. Water intrusion can occur on these strobe lights, increasing the risk of fire and serious injury."
"23V357","RCONL-23V357-8173.pdf","ALTEC","AERIAL DEVICE","2023","Altec Industries, Inc. has decided that a defect which relates to motor vehicle safety exists in certain units built from March 2021 to May 2023 that were equipped with TECNIQ INC K30 strobe lights, and certain parts orders for TECNIQ INC K30 strobe lights placed from March 2021 to May 2023. Water intrusion can occur on these strobe lights, increasing the risk of fire and serious injury."
"23V357","RCONL-23V357-8173.pdf","ALTEC","DIGGER DERRICK","2021","Altec Industries, Inc. has decided that a defect which relates to motor vehicle safety exists in certain units built from March 2021 to May 2023 that were equipped with TECNIQ INC K30 strobe lights, and certain parts orders for TECNIQ INC K30 strobe lights placed from March 2021 to May 2023. Water intrusion can occur on these strobe lights, increasing the risk of fire and serious injury."
"23V357","RCONL-23V357-8173.pdf","ALTEC","DIGGER DERRICK","2022","Altec Industries, Inc. has decided that a defect which relates to motor vehicle safety exists in certain units built from March 2021 to May 2023 that were equipped with TECNIQ INC K30 strobe lights, and certain parts orders for TECNIQ INC K30 strobe lights placed from March 2021 to May 2023. Water intrusion can occur on these strobe lights, increasing the risk of fire and serious injury."
"23V357","RCONL-23V357-8173.pdf","ALTEC","DIGGER DERRICK","2023","Altec Industries, Inc. has decided that a defect which relates to motor vehicle safety exists in certain units built from March 2021 to May 2023 that were equipped with TECNIQ INC K30 strobe lights, and certain parts orders for TECNIQ INC K30 strobe lights placed from March 2021 to May 2023. Water intrusion can occur on these strobe lights, increasing the risk of fire and serious injury."
"23V357","RCONL-23V357-8173.pdf","ALTEC","EFFER CRANE","2021","Altec Industries, Inc. has decided that a defect which relates to motor vehicle safety exists in certain units built from March 2021 to May 2023 that were equipped with TECNIQ INC K30 strobe lights, and certain parts orders for TECNIQ INC K30 strobe lights placed from March 2021 to May 2023. Water intrusion can occur on these strobe lights, increasing the risk of fire and serious injury."
"23V357","RCONL-23V357-8173.pdf","ALTEC","EFFER CRANE","2022","Altec Industries, Inc. has decided that a defect which relates to motor vehicle safety exists in certain units built from March 2021 to May 2023 that were equipped with TECNIQ INC K30 strobe lights, and certain parts orders for TECNIQ INC K30 strobe lights placed from March 2021 to May 2023. Water intrusion can occur on these strobe lights, increasing the risk of fire and serious injury."
"23V357","RCONL-23V357-8173.pdf","ALTEC","EFFER CRANE","2023","Altec Industries, Inc. has decided that a defect which relates to motor vehicle safety exists in certain units built from March 2021 to May 2023 that were equipped with TECNIQ INC K30 strobe lights, and certain parts orders for TECNIQ INC K30 strobe lights placed from March 2021 to May 2023. Water intrusion can occur on these strobe lights, increasing the risk of fire and serious injury."
"23V357","RCONL-23V357-8173.pdf","ALTEC","SERVICE BODY","2021","Altec Industries, Inc. has decided that a defect which relates to motor vehicle safety exists in certain units built from March 2021 to May 2023 that were equipped with TECNIQ INC K30 strobe lights, and certain parts orders for TECNIQ INC K30 strobe lights placed from March 2021 to May 2023. Water intrusion can occur on these strobe lights, increasing the risk of fire and serious injury."
"23V357","RCONL-23V357-8173.pdf","ALTEC","SERVICE BODY","2022","Altec Industries, Inc. has decided that a defect which relates to motor vehicle safety exists in certain units built from March 2021 to May 2023 that were equipped with TECNIQ INC K30 strobe lights, and certain parts orders for TECNIQ INC K30 strobe lights placed from March 2021 to May 2023. Water intrusion can occur on these strobe lights, increasing the risk of fire and serious injury."
"23V357","RCONL-23V357-8173.pdf","ALTEC","SERVICE BODY","2023","Altec Industries, Inc. has decided that a defect which relates to motor vehicle safety exists in certain units built from March 2021 to May 2023 that were equipped with TECNIQ INC K30 strobe lights, and certain parts orders for TECNIQ INC K30 strobe lights placed from March 2021 to May 2023. Water intrusion can occur on these strobe lights, increasing the risk of fire and serious injury."
"23V370","RCONL-23V370-3838.pdf","IC BUS","CE","2021","23515; 07/18/2023; International 2021 to 2024 eMV, HV, HX, LT, MV, RH, LoneStar; 2019, 2021 & 2022 Prostar trucks; IC Bus 2021 to 2024 CE, 2021 to 2023 RE, 2022 & 2023 TC commercial buses; These certain vehicles may not conform to Federal Motor Vehicle Safety Standard (FMVSS) 121 - Specifically, the ABS indicator lamp does not remain activated when a malfunction exists, whenever the vehicles ignition switch is in the on (run) position, and the vehicle is in motion."
"23V370","RCONL-23V370-6245.pdf","IC BUS","CE","2021","23515; 07/18/2023; IC Bus; 2021 to 2024 CE, 2021 to 2023 RE, 2022 & 2023 TC commercial buses; These certain vehicles may not conform to Federal Motor Vehicle Safety Standard (FMVSS) 121 - Specifically, the ABS indicator lamp does not remain activated when a malfunction exists, whenever the vehicles ignition switch is in the on (run) position, and the vehicle is in motion."
"23V370","RCRIT-23V370-4260.pdf","IC BUS","CE","2021","23515; 07/12/2023; International 2021 to 2024 eMV, HV, HX, LT, MV, RH, Lonestar, 2019, 2021 & 2022 Prostar trucks; IC Bus 2021 to 2024 CE, 2021 to 2023 RE, 2021 & 2023 TC commercial buses; These certain vehicles may not conform to Federal Motor Vehicle Safety Standard (FMVSS) 121 - Specifically, the ABS indicator lamp does not remain activated when a malfunction exists, whenever the vehicles ignition switch is in the on (run) position, and the vehicle is in motion."
"23V370","RCONL-23V370-6245.pdf","IC BUS","CE","2022","23515; 07/18/2023; IC Bus; 2021 to 2024 CE, 2021 to 2023 RE, 2022 & 2023 TC commercial buses; These certain vehicles may not conform to Federal Motor Vehicle Safety Standard (FMVSS) 121 - Specifically, the ABS indicator lamp does not remain activated when a malfunction exists, whenever the vehicles ignition switch is in the on (run) position, and the vehicle is in motion."
"23V370","RCONL-23V370-3838.pdf","IC BUS","CE","2022","23515; 07/18/2023; International 2021 to 2024 eMV, HV, HX, LT, MV, RH, LoneStar; 2019, 2021 & 2022 Prostar trucks; IC Bus 2021 to 2024 CE, 2021 to 2023 RE, 2022 & 2023 TC commercial buses; These certain vehicles may not conform to Federal Motor Vehicle Safety Standard (FMVSS) 121 - Specifically, the ABS indicator lamp does not remain activated when a malfunction exists, whenever the vehicles ignition switch is in the on (run) position, and the vehicle is in motion."
"23V370","RCRIT-23V370-4260.pdf","IC BUS","CE","2022","23515; 07/12/2023; International 2021 to 2024 eMV, HV, HX, LT, MV, RH, Lonestar, 2019, 2021 & 2022 Prostar trucks; IC Bus 2021 to 2024 CE, 2021 to 2023 RE, 2021 & 2023 TC commercial buses; These certain vehicles may not conform to Federal Motor Vehicle Safety Standard (FMVSS) 121 - Specifically, the ABS indicator lamp does not remain activated when a malfunction exists, whenever the vehicles ignition switch is in the on (run) position, and the vehicle is in motion."
"23V370","RCRIT-23V370-4260.pdf","IC BUS","CE","2023","23515; 07/12/2023; International 2021 to 2024 eMV, HV, HX, LT, MV, RH, Lonestar, 2019, 2021 & 2022 Prostar trucks; IC Bus 2021 to 2024 CE, 2021 to 2023 RE, 2021 & 2023 TC commercial buses; These certain vehicles may not conform to Federal Motor Vehicle Safety Standard (FMVSS) 121 - Specifically, the ABS indicator lamp does not remain activated when a malfunction exists, whenever the vehicles ignition switch is in the on (run) position, and the vehicle is in motion."
"23V370","RCONL-23V370-3838.pdf","IC BUS","CE","2023","23515; 07/18/2023; International 2021 to 2024 eMV, HV, HX, LT, MV, RH, LoneStar; 2019, 2021 & 2022 Prostar trucks; IC Bus 2021 to 2024 CE, 2021 to 2023 RE, 2022 & 2023 TC commercial buses; These certain vehicles may not conform to Federal Motor Vehicle Safety Standard (FMVSS) 121 - Specifically, the ABS indicator lamp does not remain activated when a malfunction exists, whenever the vehicles ignition switch is in the on (run) position, and the vehicle is in motion."
"23V370","RCONL-23V370-6245.pdf","IC BUS","CE","2023","23515; 07/18/2023; IC Bus; 2021 to 2024 CE, 2021 to 2023 RE, 2022 & 2023 TC commercial buses; These certain vehicles may not conform to Federal Motor Vehicle Safety Standard (FMVSS) 121 - Specifically, the ABS indicator lamp does not remain activated when a malfunction exists, whenever the vehicles ignition switch is in the on (run) position, and the vehicle is in motion."
"23V370","RCRIT-23V370-4260.pdf","IC BUS","CESB","2024","23515; 07/12/2023; International 2021 to 2024 eMV, HV, HX, LT, MV, RH, Lonestar, 2019, 2021 & 2022 Prostar trucks; IC Bus 2021 to 2024 CE, 2021 to 2023 RE, 2021 & 2023 TC commercial buses; These certain vehicles may not conform to Federal Motor Vehicle Safety Standard (FMVSS) 121 - Specifically, the ABS indicator lamp does not remain activated when a malfunction exists, whenever the vehicles ignition switch is in the on (run) position, and the vehicle is in motion."
"23V370","RCONL-23V370-3838.pdf","IC BUS","CESB","2024","23515; 07/18/2023; International 2021 to 2024 eMV, HV, HX, LT, MV, RH, LoneStar; 2019, 2021 & 2022 Prostar trucks; IC Bus 2021 to 2024 CE, 2021 to 2023 RE, 2022 & 2023 TC commercial buses; These certain vehicles may not conform to Federal Motor Vehicle Safety Standard (FMVSS) 121 - Specifically, the ABS indicator lamp does not remain activated when a malfunction exists, whenever the vehicles ignition switch is in the on (run) position, and the vehicle is in motion."
"23V370","RCONL-23V370-6245.pdf","IC BUS","CESB","2024","23515; 07/18/2023; IC Bus; 2021 to 2024 CE, 2021 to 2023 RE, 2022 & 2023 TC commercial buses; These certain vehicles may not conform to Federal Motor Vehicle Safety Standard (FMVSS) 121 - Specifically, the ABS indicator lamp does not remain activated when a malfunction exists, whenever the vehicles ignition switch is in the on (run) position, and the vehicle is in motion."
"23V370","RCONL-23V370-3838.pdf","IC BUS","RE","2022","23515; 07/18/2023; International 2021 to 2024 eMV, HV, HX, LT, MV, RH, LoneStar; 2019, 2021 & 2022 Prostar trucks; IC Bus 2021 to 2024 CE, 2021 to 2023 RE, 2022 & 2023 TC commercial buses; These certain vehicles may not conform to Federal Motor Vehicle Safety Standard (FMVSS) 121 - Specifically, the ABS indicator lamp does not remain activated when a malfunction exists, whenever the vehicles ignition switch is in the on (run) position, and the vehicle is in motion."
"23V370","RCRIT-23V370-4260.pdf","IC BUS","RE","2022","23515; 07/12/2023; International 2021 to 2024 eMV, HV, HX, LT, MV, RH, Lonestar, 2019, 2021 & 2022 Prostar trucks; IC Bus 2021 to 2024 CE, 2021 to 2023 RE, 2021 & 2023 TC commercial buses; These certain vehicles may not conform to Federal Motor Vehicle Safety Standard (FMVSS) 121 - Specifically, the ABS indicator lamp does not remain activated when a malfunction exists, whenever the vehicles ignition switch is in the on (run) position, and the vehicle is in motion."
"23V370","RCONL-23V370-6245.pdf","IC BUS","RE","2022","23515; 07/18/2023; IC Bus; 2021 to 2024 CE, 2021 to 2023 RE, 2022 & 2023 TC commercial buses; These certain vehicles may not conform to Federal Motor Vehicle Safety Standard (FMVSS) 121 - Specifically, the ABS indicator lamp does not remain activated when a malfunction exists, whenever the vehicles ignition switch is in the on (run) position, and the vehicle is in motion."
"23V370","RCONL-23V370-6245.pdf","IC BUS","RE","2023","23515; 07/18/2023; IC Bus; 2021 to 2024 CE, 2021 to 2023 RE, 2022 & 2023 TC commercial buses; These certain vehicles may not conform to Federal Motor Vehicle Safety Standard (FMVSS) 121 - Specifically, the ABS indicator lamp does not remain activated when a malfunction exists, whenever the vehicles ignition switch is in the on (run) position, and the vehicle is in motion."
"23V370","RCONL-23V370-3838.pdf","IC BUS","RE","2023","23515; 07/18/2023; International 2021 to 2024 eMV, HV, HX, LT, MV, RH, LoneStar; 2019, 2021 & 2022 Prostar trucks; IC Bus 2021 to 2024 CE, 2021 to 2023 RE, 2022 & 2023 TC commercial buses; These certain vehicles may not conform to Federal Motor Vehicle Safety Standard (FMVSS) 121 - Specifically, the ABS indicator lamp does not remain activated when a malfunction exists, whenever the vehicles ignition switch is in the on (run) position, and the vehicle is in motion."
"23V370","RCRIT-23V370-4260.pdf","IC BUS","RE","2023","23515; 07/12/2023; International 2021 to 2024 eMV, HV, HX, LT, MV, RH, Lonestar, 2019, 2021 & 2022 Prostar trucks; IC Bus 2021 to 2024 CE, 2021 to 2023 RE, 2021 & 2023 TC commercial buses; These certain vehicles may not conform to Federal Motor Vehicle Safety Standard (FMVSS) 121 - Specifically, the ABS indicator lamp does not remain activated when a malfunction exists, whenever the vehicles ignition switch is in the on (run) position, and the vehicle is in motion."
"23V370","RCONL-23V370-3838.pdf","IC BUS","RECB","2021","23515; 07/18/2023; International 2021 to 2024 eMV, HV, HX, LT, MV, RH, LoneStar; 2019, 2021 & 2022 Prostar trucks; IC Bus 2021 to 2024 CE, 2021 to 2023 RE, 2022 & 2023 TC commercial buses; These certain vehicles may not conform to Federal Motor Vehicle Safety Standard (FMVSS) 121 - Specifically, the ABS indicator lamp does not remain activated when a malfunction exists, whenever the vehicles ignition switch is in the on (run) position, and the vehicle is in motion."
"23V370","RCRIT-23V370-4260.pdf","IC BUS","RECB","2021","23515; 07/12/2023; International 2021 to 2024 eMV, HV, HX, LT, MV, RH, Lonestar, 2019, 2021 & 2022 Prostar trucks; IC Bus 2021 to 2024 CE, 2021 to 2023 RE, 2021 & 2023 TC commercial buses; These certain vehicles may not conform to Federal Motor Vehicle Safety Standard (FMVSS) 121 - Specifically, the ABS indicator lamp does not remain activated when a malfunction exists, whenever the vehicles ignition switch is in the on (run) position, and the vehicle is in motion."
"23V370","RCONL-23V370-6245.pdf","IC BUS","RECB","2021","23515; 07/18/2023; IC Bus; 2021 to 2024 CE, 2021 to 2023 RE, 2022 & 2023 TC commercial buses; These certain vehicles may not conform to Federal Motor Vehicle Safety Standard (FMVSS) 121 - Specifically, the ABS indicator lamp does not remain activated when a malfunction exists, whenever the vehicles ignition switch is in the on (run) position, and the vehicle is in motion."
"23V370","RCRIT-23V370-4260.pdf","IC BUS","TC","2022","23515; 07/12/2023; International 2021 to 2024 eMV, HV, HX, LT, MV, RH, Lonestar, 2019, 2021 & 2022 Prostar trucks; IC Bus 2021 to 2024 CE, 2021 to 2023 RE, 2021 & 2023 TC commercial buses; These certain vehicles may not conform to Federal Motor Vehicle Safety Standard (FMVSS) 121 - Specifically, the ABS indicator lamp does not remain activated when a malfunction exists, whenever the vehicles ignition switch is in the on (run) position, and the vehicle is in motion."
"23V370","RCONL-23V370-3838.pdf","IC BUS","TC","2022","23515; 07/18/2023; International 2021 to 2024 eMV, HV, HX, LT, MV, RH, LoneStar; 2019, 2021 & 2022 Prostar trucks; IC Bus 2021 to 2024 CE, 2021 to 2023 RE, 2022 & 2023 TC commercial buses; These certain vehicles may not conform to Federal Motor Vehicle Safety Standard (FMVSS) 121 - Specifically, the ABS indicator lamp does not remain activated when a malfunction exists, whenever the vehicles ignition switch is in the on (run) position, and the vehicle is in motion."
"23V370","RCONL-23V370-6245.pdf","IC BUS","TC","2022","23515; 07/18/2023; IC Bus; 2021 to 2024 CE, 2021 to 2023 RE, 2022 & 2023 TC commercial buses; These certain vehicles may not conform to Federal Motor Vehicle Safety Standard (FMVSS) 121 - Specifically, the ABS indicator lamp does not remain activated when a malfunction exists, whenever the vehicles ignition switch is in the on (run) position, and the vehicle is in motion."
"23V370","RCONL-23V370-6245.pdf","IC BUS","TC","2023","23515; 07/18/2023; IC Bus; 2021 to 2024 CE, 2021 to 2023 RE, 2022 & 2023 TC commercial buses; These certain vehicles may not conform to Federal Motor Vehicle Safety Standard (FMVSS) 121 - Specifically, the ABS indicator lamp does not remain activated when a malfunction exists, whenever the vehicles ignition switch is in the on (run) position, and the vehicle is in motion."
"23V371","RCONL-23V371-3772.pdf","IC BUS","CESB","2022","23516; 07/18/2023; IC Bus; 2022 to 2024 CE, EV, 2021 to 2024 RE school buses; These certain vehicles may not conform to Federal Motor Vehicle Safety Standard (FMVSS) 121 or Canada Motor Vehicle Safety Standard (CMVSS 121 - Specifically, the ABS indicator lamp does not remain activated when a malfunction exists, whenever the vehicles ignition switch is in the on (run) position, and the vehicle is in motion."
"23V371","RCRIT-23V371-2256.pdf","IC BUS","CESB","2022","23516; 07/12/2023; IC Bus; 2022 to 2024 CE, EV, 2021 to 2024 RE school buses; These certain vehicles may not conform to Federal Motor Vehicle Safety Standard (FMVSS) 121 or Canada Motor Vehicle Safety Standard (CMVSS 121 - Specifically, the ABS indicator lamp does not remain activated when a malfunction exists, whenever the vehicles ignition switch is in the on (run) position, and the vehicle is in motion."
"23V371","RCRIT-23V371-2256.pdf","IC BUS","CESB","2023","23516; 07/12/2023; IC Bus; 2022 to 2024 CE, EV, 2021 to 2024 RE school buses; These certain vehicles may not conform to Federal Motor Vehicle Safety Standard (FMVSS) 121 or Canada Motor Vehicle Safety Standard (CMVSS 121 - Specifically, the ABS indicator lamp does not remain activated when a malfunction exists, whenever the vehicles ignition switch is in the on (run) position, and the vehicle is in motion."
"23V371","RCONL-23V371-3772.pdf","IC BUS","CESB","2023","23516; 07/18/2023; IC Bus; 2022 to 2024 CE, EV, 2021 to 2024 RE school buses; These certain vehicles may not conform to Federal Motor Vehicle Safety Standard (FMVSS) 121 or Canada Motor Vehicle Safety Standard (CMVSS 121 - Specifically, the ABS indicator lamp does not remain activated when a malfunction exists, whenever the vehicles ignition switch is in the on (run) position, and the vehicle is in motion."
"23V371","RCRIT-23V371-2256.pdf","IC BUS","CESB","2024","23516; 07/12/2023; IC Bus; 2022 to 2024 CE, EV, 2021 to 2024 RE school buses; These certain vehicles may not conform to Federal Motor Vehicle Safety Standard (FMVSS) 121 or Canada Motor Vehicle Safety Standard (CMVSS 121 - Specifically, the ABS indicator lamp does not remain activated when a malfunction exists, whenever the vehicles ignition switch is in the on (run) position, and the vehicle is in motion."
"23V371","RCONL-23V371-3772.pdf","IC BUS","CESB","2024","23516; 07/18/2023; IC Bus; 2022 to 2024 CE, EV, 2021 to 2024 RE school buses; These certain vehicles may not conform to Federal Motor Vehicle Safety Standard (FMVSS) 121 or Canada Motor Vehicle Safety Standard (CMVSS 121 - Specifically, the ABS indicator lamp does not remain activated when a malfunction exists, whenever the vehicles ignition switch is in the on (run) position, and the vehicle is in motion."
"23V371","RCRIT-23V371-2256.pdf","IC BUS","EVSB","2022","23516; 07/12/2023; IC Bus; 2022 to 2024 CE, EV, 2021 to 2024 RE school buses; These certain vehicles may not conform to Federal Motor Vehicle Safety Standard (FMVSS) 121 or Canada Motor Vehicle Safety Standard (CMVSS 121 - Specifically, the ABS indicator lamp does not remain activated when a malfunction exists, whenever the vehicles ignition switch is in the on (run) position, and the vehicle is in motion."
"23V371","RCONL-23V371-3772.pdf","IC BUS","EVSB","2022","23516; 07/18/2023; IC Bus; 2022 to 2024 CE, EV, 2021 to 2024 RE school buses; These certain vehicles may not conform to Federal Motor Vehicle Safety Standard (FMVSS) 121 or Canada Motor Vehicle Safety Standard (CMVSS 121 - Specifically, the ABS indicator lamp does not remain activated when a malfunction exists, whenever the vehicles ignition switch is in the on (run) position, and the vehicle is in motion."
"23V371","RCRIT-23V371-2256.pdf","IC BUS","EVSB","2023","23516; 07/12/2023; IC Bus; 2022 to 2024 CE, EV, 2021 to 2024 RE school buses; These certain vehicles may not conform to Federal Motor Vehicle Safety Standard (FMVSS) 121 or Canada Motor Vehicle Safety Standard (CMVSS 121 - Specifically, the ABS indicator lamp does not remain activated when a malfunction exists, whenever the vehicles ignition switch is in the on (run) position, and the vehicle is in motion."
"23V371","RCONL-23V371-3772.pdf","IC BUS","EVSB","2023","23516; 07/18/2023; IC Bus; 2022 to 2024 CE, EV, 2021 to 2024 RE school buses; These certain vehicles may not conform to Federal Motor Vehicle Safety Standard (FMVSS) 121 or Canada Motor Vehicle Safety Standard (CMVSS 121 - Specifically, the ABS indicator lamp does not remain activated when a malfunction exists, whenever the vehicles ignition switch is in the on (run) position, and the vehicle is in motion."
"23V371","RCRIT-23V371-2256.pdf","IC BUS","EVSB","2024","23516; 07/12/2023; IC Bus; 2022 to 2024 CE, EV, 2021 to 2024 RE school buses; These certain vehicles may not conform to Federal Motor Vehicle Safety Standard (FMVSS) 121 or Canada Motor Vehicle Safety Standard (CMVSS 121 - Specifically, the ABS indicator lamp does not remain activated when a malfunction exists, whenever the vehicles ignition switch is in the on (run) position, and the vehicle is in motion."
"23V371","RCONL-23V371-3772.pdf","IC BUS","EVSB","2024","23516; 07/18/2023; IC Bus; 2022 to 2024 CE, EV, 2021 to 2024 RE school buses; These certain vehicles may not conform to Federal Motor Vehicle Safety Standard (FMVSS) 121 or Canada Motor Vehicle Safety Standard (CMVSS 121 - Specifically, the ABS indicator lamp does not remain activated when a malfunction exists, whenever the vehicles ignition switch is in the on (run) position, and the vehicle is in motion."
"23V371","RCRIT-23V371-2256.pdf","IC BUS","RESB","2021","23516; 07/12/2023; IC Bus; 2022 to 2024 CE, EV, 2021 to 2024 RE school buses; These certain vehicles may not conform to Federal Motor Vehicle Safety Standard (FMVSS) 121 or Canada Motor Vehicle Safety Standard (CMVSS 121 - Specifically, the ABS indicator lamp does not remain activated when a malfunction exists, whenever the vehicles ignition switch is in the on (run) position, and the vehicle is in motion."
"23V371","RCONL-23V371-3772.pdf","IC BUS","RESB","2021","23516; 07/18/2023; IC Bus; 2022 to 2024 CE, EV, 2021 to 2024 RE school buses; These certain vehicles may not conform to Federal Motor Vehicle Safety Standard (FMVSS) 121 or Canada Motor Vehicle Safety Standard (CMVSS 121 - Specifically, the ABS indicator lamp does not remain activated when a malfunction exists, whenever the vehicles ignition switch is in the on (run) position, and the vehicle is in motion."
"23V371","RCONL-23V371-3772.pdf","IC BUS","RESB","2022","23516; 07/18/2023; IC Bus; 2022 to 2024 CE, EV, 2021 to 2024 RE school buses; These certain vehicles may not conform to Federal Motor Vehicle Safety Standard (FMVSS) 121 or Canada Motor Vehicle Safety Standard (CMVSS 121 - Specifically, the ABS indicator lamp does not remain activated when a malfunction exists, whenever the vehicles ignition switch is in the on (run) position, and the vehicle is in motion."
"23V371","RCRIT-23V371-2256.pdf","IC BUS","RESB","2022","23516; 07/12/2023; IC Bus; 2022 to 2024 CE, EV, 2021 to 2024 RE school buses; These certain vehicles may not conform to Federal Motor Vehicle Safety Standard (FMVSS) 121 or Canada Motor Vehicle Safety Standard (CMVSS 121 - Specifically, the ABS indicator lamp does not remain activated when a malfunction exists, whenever the vehicles ignition switch is in the on (run) position, and the vehicle is in motion."
"23V371","RCONL-23V371-3772.pdf","IC BUS","RESB","2023","23516; 07/18/2023; IC Bus; 2022 to 2024 CE, EV, 2021 to 2024 RE school buses; These certain vehicles may not conform to Federal Motor Vehicle Safety Standard (FMVSS) 121 or Canada Motor Vehicle Safety Standard (CMVSS 121 - Specifically, the ABS indicator lamp does not remain activated when a malfunction exists, whenever the vehicles ignition switch is in the on (run) position, and the vehicle is in motion."
"23V371","RCRIT-23V371-2256.pdf","IC BUS","RESB","2023","23516; 07/12/2023; IC Bus; 2022 to 2024 CE, EV, 2021 to 2024 RE school buses; These certain vehicles may not conform to Federal Motor Vehicle Safety Standard (FMVSS) 121 or Canada Motor Vehicle Safety Standard (CMVSS 121 - Specifically, the ABS indicator lamp does not remain activated when a malfunction exists, whenever the vehicles ignition switch is in the on (run) position, and the vehicle is in motion."
"23V371","RCONL-23V371-3772.pdf","IC BUS","RESB","2024","23516; 07/18/2023; IC Bus; 2022 to 2024 CE, EV, 2021 to 2024 RE school buses; These certain vehicles may not conform to Federal Motor Vehicle Safety Standard (FMVSS) 121 or Canada Motor Vehicle Safety Standard (CMVSS 121 - Specifically, the ABS indicator lamp does not remain activated when a malfunction exists, whenever the vehicles ignition switch is in the on (run) position, and the vehicle is in motion."
"23V371","RCRIT-23V371-2256.pdf","IC BUS","RESB","2024","23516; 07/12/2023; IC Bus; 2022 to 2024 CE, EV, 2021 to 2024 RE school buses; These certain vehicles may not conform to Federal Motor Vehicle Safety Standard (FMVSS) 121 or Canada Motor Vehicle Safety Standard (CMVSS 121 - Specifically, the ABS indicator lamp does not remain activated when a malfunction exists, whenever the vehicles ignition switch is in the on (run) position, and the vehicle is in motion."
"23V466","RCRN-23V466-7178.pdf","POLARIS","SLINGSHOT","2023","This is a communication to dealers regarding NHTSA recall 23V466."
"23V466","RCRN-23V466-7928.pdf","POLARIS","SLINGSHOT","2023","This is a communication to consumers regarding NHTSA recall 23V466."
"23V466","RMISC-23V466-4752.pdf","POLARIS","SLINGSHOT GT","2020","This is a communication to dealers regarding NHTSA recall 23V466."
"23V466","RMISC-23V466-5918.pdf","POLARIS","SLINGSHOT GT","2020","This is a communication to consumers regarding NHTSA recall 23V466."
"23V466","RCRN-23V466-8356.pdf","POLARIS","SLINGSHOT R","2020","This is a communication to consumers regarding NHTSA recall 23V466."
"23V466","RCRIT-23V466-5185.pdf","POLARIS","SLINGSHOT R","2020","This is a communication to dealers regarding NHTSA recall 23V466."
"23V466","RCMN-23V466-2721.pdf","POLARIS","SLINGSHOT R","2021","This is a communication to dealers regarding NHTSA recall 23V466."
"23V466","RCONL-23V466-4774.pdf","POLARIS","SLINGSHOT R","2021","This is a communication to consumers regarding NHTSA recall 23V466."
"23V466","RCMN-23V466-8953.pdf","POLARIS","SLINGSHOT R","2022","This is a communication to dealers regarding NHTSA recall 23V466."
"23V466","RCRN-23V466-8259.pdf","POLARIS","SLINGSHOT R","2022","This is a communication to consumers regarding NHTSA recall 23V466."
"23V466","RCMN-23V466-2702.pdf","POLARIS","SLINGSHOT S","2021","This is a communication to dealers regarding NHTSA recall 23V466."
"23V466","RMISC-23V466-5918.pdf","POLARIS","SLINGSHOT S","2021","This is a communication to consumers regarding NHTSA recall 23V466."
"23V466","RCMN-23V466-2721.pdf","POLARIS","SLINGSHOT S","2022","This is a communication to dealers regarding NHTSA recall 23V466."
"23V466","RMISC-23V466-5918.pdf","POLARIS","SLINGSHOT S","2022","This is a communication to consumers regarding NHTSA recall 23V466."
"23V466","RCMN-23V466-4551.pdf","POLARIS","SLINGSHOT S","2023","This is a communication to dealers regarding NHTSA recall 23V466."
"23V466","RCONL-23V466-4774.pdf","POLARIS","SLINGSHOT S","2023","This is a communication to consumers regarding NHTSA recall 23V466."
"23V466","RCMN-23V466-2487.pdf","POLARIS","SLINGSHOT SL","2020","This is a communication to dealers regarding NHTSA recall 23V466."
"23V466","RCONL-23V466-4774.pdf","POLARIS","SLINGSHOT SL","2020","This is a communication to consumers regarding NHTSA recall 23V466."
"23V466","RCRN-23V466-8356.pdf","POLARIS","SLINGSHOT SL","2021","This is a communication to consumers regarding NHTSA recall 23V466."
"23V466","RCMN-23V466-2487.pdf","POLARIS","SLINGSHOT SL","2021","This is a communication to dealers regarding NHTSA recall 23V466."
"23V466","RCRN-23V466-7178.pdf","POLARIS","SLINGSHOT SL","2022","This is a communication to dealers regarding NHTSA recall 23V466."
"23V466","RCONL-23V466-4774.pdf","POLARIS","SLINGSHOT SL","2022","This is a communication to consumers regarding NHTSA recall 23V466."
"23V466","RCMN-23V466-2721.pdf","POLARIS","SLINGSHOT SL","2023","This is a communication to dealers regarding NHTSA recall 23V466."
"23V466","RCONL-23V466-4774.pdf","POLARIS","SLINGSHOT SL","2023","This is a communication to consumers regarding NHTSA recall 23V466."
"23V466","RCMN-23V466-4551.pdf","POLARIS","SLINGSHOT SLR","2022","This is a communication to dealers regarding NHTSA recall 23V466."
"23V504","RCONL-23V504-9841.pdf","KENWORTH","T280","2023","Notice of 23KWE Safety recall: T280, T380, T480 Driveline Flange Fasteners"
"23V504","RCMN-23V504-3043.pdf","KENWORTH","T280","2023","Safety Recall Interim Notification:
Certain vehicles built with TX-8 transmissions with flange mounted yokes may not have a locking feature installed on fastener threads. This may allow the driveline fasteners to become loose. Parts and repair steps are not yet available. This bulletin will be updated when a repair path is determined."
"23V504","RCONL-23V504-5153.pdf","KENWORTH","T280","2023","The as-mailed letter informs vehicle owners of the safety issues relating to the forward driveshaft mounting bolts and how to arrange for a remedy."
"23V504","RCSB-23V504-3220.pdf","KENWORTH","T280","2023","Parts and repair procedures are now available. Kenworth has determined that a safety defect exists in certain Model Year 2023-2024 T280, T380, and T480 chassis with TX-8 transmissions and flange mounted yokes. A locking feature may not be installed on fastener threads. This may allow the driveline fasteners to become loose, increasing the risk of a crash or injury."
"23V504","RCSB-23V504-9065.pdf","KENWORTH","T280","2023","Attached document is safety recall 23PBE which informs dealers of the presence of an issue relating to Peterbilt model 536, 537, and 548 trucks built with TX-8 transmissions. Forward, driveline flange mounted yoke fasteners were assembled with no locking feature installed which may allow the fasteners to become loose, increasing the risk of a crash. Detailed repair procedures are provided so that the issue can be remedied by the dealer."
"23V504","RCSB-23V504-9065.pdf","KENWORTH","T280","2024","Attached document is safety recall 23PBE which informs dealers of the presence of an issue relating to Peterbilt model 536, 537, and 548 trucks built with TX-8 transmissions. Forward, driveline flange mounted yoke fasteners were assembled with no locking feature installed which may allow the fasteners to become loose, increasing the risk of a crash. Detailed repair procedures are provided so that the issue can be remedied by the dealer."
"23V504","RCSB-23V504-3220.pdf","KENWORTH","T280","2024","Parts and repair procedures are now available. Kenworth has determined that a safety defect exists in certain Model Year 2023-2024 T280, T380, and T480 chassis with TX-8 transmissions and flange mounted yokes. A locking feature may not be installed on fastener threads. This may allow the driveline fasteners to become loose, increasing the risk of a crash or injury."
"23V504","RCONL-23V504-9841.pdf","KENWORTH","T280","2024","Notice of 23KWE Safety recall: T280, T380, T480 Driveline Flange Fasteners"
"23V504","RCONL-23V504-5153.pdf","KENWORTH","T280","2024","The as-mailed letter informs vehicle owners of the safety issues relating to the forward driveshaft mounting bolts and how to arrange for a remedy."
"23V504","RCMN-23V504-3043.pdf","KENWORTH","T280","2024","Safety Recall Interim Notification:
Certain vehicles built with TX-8 transmissions with flange mounted yokes may not have a locking feature installed on fastener threads. This may allow the driveline fasteners to become loose. Parts and repair steps are not yet available. This bulletin will be updated when a repair path is determined."
"23V504","RCSB-23V504-9065.pdf","KENWORTH","T380","2024","Attached document is safety recall 23PBE which informs dealers of the presence of an issue relating to Peterbilt model 536, 537, and 548 trucks built with TX-8 transmissions. Forward, driveline flange mounted yoke fasteners were assembled with no locking feature installed which may allow the fasteners to become loose, increasing the risk of a crash. Detailed repair procedures are provided so that the issue can be remedied by the dealer."
"23V504","RCMN-23V504-3043.pdf","KENWORTH","T380","2024","Safety Recall Interim Notification:
Certain vehicles built with TX-8 transmissions with flange mounted yokes may not have a locking feature installed on fastener threads. This may allow the driveline fasteners to become loose. Parts and repair steps are not yet available. This bulletin will be updated when a repair path is determined."
"23V504","RCONL-23V504-9841.pdf","KENWORTH","T380","2024","Notice of 23KWE Safety recall: T280, T380, T480 Driveline Flange Fasteners"
"23V504","RCONL-23V504-5153.pdf","KENWORTH","T380","2024","The as-mailed letter informs vehicle owners of the safety issues relating to the forward driveshaft mounting bolts and how to arrange for a remedy."
"23V504","RCSB-23V504-3220.pdf","KENWORTH","T380","2024","Parts and repair procedures are now available. Kenworth has determined that a safety defect exists in certain Model Year 2023-2024 T280, T380, and T480 chassis with TX-8 transmissions and flange mounted yokes. A locking feature may not be installed on fastener threads. This may allow the driveline fasteners to become loose, increasing the risk of a crash or injury."
"23V504","RCSB-23V504-3220.pdf","KENWORTH","T480","2023","Parts and repair procedures are now available. Kenworth has determined that a safety defect exists in certain Model Year 2023-2024 T280, T380, and T480 chassis with TX-8 transmissions and flange mounted yokes. A locking feature may not be installed on fastener threads. This may allow the driveline fasteners to become loose, increasing the risk of a crash or injury."
"23V504","RCONL-23V504-5153.pdf","KENWORTH","T480","2023","The as-mailed letter informs vehicle owners of the safety issues relating to the forward driveshaft mounting bolts and how to arrange for a remedy."
"23V504","RCSB-23V504-9065.pdf","KENWORTH","T480","2023","Attached document is safety recall 23PBE which informs dealers of the presence of an issue relating to Peterbilt model 536, 537, and 548 trucks built with TX-8 transmissions. Forward, driveline flange mounted yoke fasteners were assembled with no locking feature installed which may allow the fasteners to become loose, increasing the risk of a crash. Detailed repair procedures are provided so that the issue can be remedied by the dealer."
"23V504","RCONL-23V504-9841.pdf","KENWORTH","T480","2023","Notice of 23KWE Safety recall: T280, T380, T480 Driveline Flange Fasteners"
"23V504","RCMN-23V504-3043.pdf","KENWORTH","T480","2023","Safety Recall Interim Notification:
Certain vehicles built with TX-8 transmissions with flange mounted yokes may not have a locking feature installed on fastener threads. This may allow the driveline fasteners to become loose. Parts and repair steps are not yet available. This bulletin will be updated when a repair path is determined."
"23V504","RCONL-23V504-5153.pdf","KENWORTH","T480","2024","The as-mailed letter informs vehicle owners of the safety issues relating to the forward driveshaft mounting bolts and how to arrange for a remedy."
"23V504","RCSB-23V504-3220.pdf","KENWORTH","T480","2024","Parts and repair procedures are now available. Kenworth has determined that a safety defect exists in certain Model Year 2023-2024 T280, T380, and T480 chassis with TX-8 transmissions and flange mounted yokes. A locking feature may not be installed on fastener threads. This may allow the driveline fasteners to become loose, increasing the risk of a crash or injury."
"23V504","RCMN-23V504-3043.pdf","KENWORTH","T480","2024","Safety Recall Interim Notification:
Certain vehicles built with TX-8 transmissions with flange mounted yokes may not have a locking feature installed on fastener threads. This may allow the driveline fasteners to become loose. Parts and repair steps are not yet available. This bulletin will be updated when a repair path is determined."
"23V504","RCONL-23V504-9841.pdf","KENWORTH","T480","2024","Notice of 23KWE Safety recall: T280, T380, T480 Driveline Flange Fasteners"
"23V504","RCSB-23V504-9065.pdf","KENWORTH","T480","2024","Attached document is safety recall 23PBE which informs dealers of the presence of an issue relating to Peterbilt model 536, 537, and 548 trucks built with TX-8 transmissions. Forward, driveline flange mounted yoke fasteners were assembled with no locking feature installed which may allow the fasteners to become loose, increasing the risk of a crash. Detailed repair procedures are provided so that the issue can be remedied by the dealer."
"23V524","RCMN-23V524-3019.pdf","HONDA","CR-V","2017","Due to a printing error, the certification label located on the drivers side door jamb contains the incorrect Gross Vehicle Weight Rating (GVWR), Gross Axle Weight Rating (GAWR), and tire size resulting in a noncompliance with Federal Motor Vehicle Safety Standards."
"23V524","RCONL-23V524-0319.pdf","HONDA","CR-V","2017","Owner Notification Letter - The certification label located on the drivers side door jamb contains the incorrect Gross Vehicle Weight Rating (GVWR), Gross Axle Weight Rating (GAWR), and tire size. The vehicles tire could be replaced with the incorrect tire size and load rating, increasing the
risk of a crash."
"23V524","RCRIT-23V524-2349.pdf","HONDA","CR-V","2017","Due to a printing error, the certification label located on the drivers side door jamb contains the incorrect Gross Vehicle Weight Rating (GVWR), Gross Axle Weight Rating (GAWR), and tire size information resulting in a noncompliance with Federal Motor Vehicle Safety Standards."
"23V524","RCRN-23V524-0518.pdf","HONDA","CR-V","2017","Follow Up Notice - Our records indicate that a Safety Recall has not been completed on your XXXX XXXXXXXXXXXXXXX (Vehicle Identification Number XXXXXXXXXXXXXXXXX). The certification label located on the drivers side door jamb contains the incorrect Gross Vehicle Weight Rating (GVWR), Gross Axle Weight Rating (GAWR), and tire size. The vehicles tire could be replaced with the incorrect tire size and load rating, increasing the risk of a crash."
"23V524","RCONL-23V524-0319.pdf","HONDA","CR-V","2020","Owner Notification Letter - The certification label located on the drivers side door jamb contains the incorrect Gross Vehicle Weight Rating (GVWR), Gross Axle Weight Rating (GAWR), and tire size. The vehicles tire could be replaced with the incorrect tire size and load rating, increasing the
risk of a crash."
"23V524","RCRIT-23V524-2349.pdf","HONDA","CR-V","2020","Due to a printing error, the certification label located on the drivers side door jamb contains the incorrect Gross Vehicle Weight Rating (GVWR), Gross Axle Weight Rating (GAWR), and tire size information resulting in a noncompliance with Federal Motor Vehicle Safety Standards."
"23V524","RCMN-23V524-3019.pdf","HONDA","CR-V","2020","Due to a printing error, the certification label located on the drivers side door jamb contains the incorrect Gross Vehicle Weight Rating (GVWR), Gross Axle Weight Rating (GAWR), and tire size resulting in a noncompliance with Federal Motor Vehicle Safety Standards."
"23V524","RCRN-23V524-0518.pdf","HONDA","CR-V","2020","Follow Up Notice - Our records indicate that a Safety Recall has not been completed on your XXXX XXXXXXXXXXXXXXX (Vehicle Identification Number XXXXXXXXXXXXXXXXX). The certification label located on the drivers side door jamb contains the incorrect Gross Vehicle Weight Rating (GVWR), Gross Axle Weight Rating (GAWR), and tire size. The vehicles tire could be replaced with the incorrect tire size and load rating, increasing the risk of a crash."
"23V524","RCRN-23V524-0518.pdf","HONDA","CR-V","2022","Follow Up Notice - Our records indicate that a Safety Recall has not been completed on your XXXX XXXXXXXXXXXXXXX (Vehicle Identification Number XXXXXXXXXXXXXXXXX). The certification label located on the drivers side door jamb contains the incorrect Gross Vehicle Weight Rating (GVWR), Gross Axle Weight Rating (GAWR), and tire size. The vehicles tire could be replaced with the incorrect tire size and load rating, increasing the risk of a crash."
"23V524","RCRIT-23V524-2349.pdf","HONDA","CR-V","2022","Due to a printing error, the certification label located on the drivers side door jamb contains the incorrect Gross Vehicle Weight Rating (GVWR), Gross Axle Weight Rating (GAWR), and tire size information resulting in a noncompliance with Federal Motor Vehicle Safety Standards."
"23V524","RCONL-23V524-0319.pdf","HONDA","CR-V","2022","Owner Notification Letter - The certification label located on the drivers side door jamb contains the incorrect Gross Vehicle Weight Rating (GVWR), Gross Axle Weight Rating (GAWR), and tire size. The vehicles tire could be replaced with the incorrect tire size and load rating, increasing the
risk of a crash."
"23V524","RCMN-23V524-3019.pdf","HONDA","CR-V","2022","Due to a printing error, the certification label located on the drivers side door jamb contains the incorrect Gross Vehicle Weight Rating (GVWR), Gross Axle Weight Rating (GAWR), and tire size resulting in a noncompliance with Federal Motor Vehicle Safety Standards."
"23V571","RCMN-23V571-6207.pdf","AUTOCAR","LEGEND","2023","Dealer notification provides information regarding the defect, safety risk, what to do and contact information."
"23V571","RCONL-23V571-8772.pdf","AUTOCAR","LEGEND","2023","Owner notification provides information regarding the defect, safety risk, what to do and contact information."
"23V571","RCONL-23V571-8772.pdf","AUTOCAR","XPEDITOR","2023","Owner notification provides information regarding the defect, safety risk, what to do and contact information."
"23V571","RCMN-23V571-6207.pdf","AUTOCAR","XPEDITOR","2023","Dealer notification provides information regarding the defect, safety risk, what to do and contact information."
"23V578","RCMN-23V578-8056.pdf","TRAIL KING","AB","1992","Notification Letter to the Dealers about the Recall."
"23V578","RMRP-23V578-7896.pdf","TRAIL KING","AB","1992","This is the General Recall Reimbursement Plan."
"23V578","RMISC-23V578-0614.pdf","TRAIL KING","AB","1992","The dealer/customer instructions for adding tethered shims for the recall."
"23V578","RCMN-23V578-3752.pdf","TRAIL KING","AB","1992","This is the final copy of the dealer's notification letter for recall 23V578."
"23V578","RCONL-23V578-4101.pdf","TRAIL KING","AB","1992","This is the final copy of the owner's notification letter for recall 23V578"
"23V578","RCMN-23V578-8056.pdf","TRAIL KING","AB","1993","Notification Letter to the Dealers about the Recall."
"23V578","RCONL-23V578-4101.pdf","TRAIL KING","AB","1993","This is the final copy of the owner's notification letter for recall 23V578"
"23V578","RMISC-23V578-0614.pdf","TRAIL KING","AB","1993","The dealer/customer instructions for adding tethered shims for the recall."
"23V578","RMRP-23V578-7896.pdf","TRAIL KING","AB","1993","This is the General Recall Reimbursement Plan."
"23V578","RCMN-23V578-3752.pdf","TRAIL KING","AB","1993","This is the final copy of the dealer's notification letter for recall 23V578."
"23V578","RMRP-23V578-7896.pdf","TRAIL KING","AB","1994","This is the General Recall Reimbursement Plan."
"23V578","RCMN-23V578-3752.pdf","TRAIL KING","AB","1994","This is the final copy of the dealer's notification letter for recall 23V578."
"23V578","RMISC-23V578-0614.pdf","TRAIL KING","AB","1994","The dealer/customer instructions for adding tethered shims for the recall."
"23V578","RCONL-23V578-4101.pdf","TRAIL KING","AB","1994","This is the final copy of the owner's notification letter for recall 23V578"
"23V578","RCMN-23V578-8056.pdf","TRAIL KING","AB","1994","Notification Letter to the Dealers about the Recall."
"23V578","RMISC-23V578-0614.pdf","TRAIL KING","AB","1995","The dealer/customer instructions for adding tethered shims for the recall."
"23V578","RCMN-23V578-3752.pdf","TRAIL KING","AB","1995","This is the final copy of the dealer's notification letter for recall 23V578."
"23V578","RCMN-23V578-8056.pdf","TRAIL KING","AB","1995","Notification Letter to the Dealers about the Recall."
"23V578","RCONL-23V578-4101.pdf","TRAIL KING","AB","1995","This is the final copy of the owner's notification letter for recall 23V578"
"23V578","RMRP-23V578-7896.pdf","TRAIL KING","AB","1995","This is the General Recall Reimbursement Plan."
"23V578","RMRP-23V578-7896.pdf","TRAIL KING","AB","1996","This is the General Recall Reimbursement Plan."
"23V578","RMISC-23V578-0614.pdf","TRAIL KING","AB","1996","The dealer/customer instructions for adding tethered shims for the recall."
"23V578","RCONL-23V578-4101.pdf","TRAIL KING","AB","1996","This is the final copy of the owner's notification letter for recall 23V578"
"23V578","RCMN-23V578-8056.pdf","TRAIL KING","AB","1996","Notification Letter to the Dealers about the Recall."
"23V578","RCMN-23V578-3752.pdf","TRAIL KING","AB","1996","This is the final copy of the dealer's notification letter for recall 23V578."
"23V589","RCONL-23V589-4972.pdf","HYUNDAI","ELANTRA HYBRID","2021","The motor control unit (MCU) software may detect a transmission/drive motor synchronization fault while driving, triggering a fail-safe condition, that results in unintended vehicle acceleration after release of the brake pedal. Unintended vehicle acceleration could increase the risk of a crash. Service brake function is unaffected."
"23V589","RCRN-23V589-3145.pdf","HYUNDAI","ELANTRA HYBRID","2021","The motor control unit (MCU) software may detect a transmission/drive motor synchronization fault while driving, triggering a failsafe condition, that results in unintended vehicle acceleration after release of the brake pedal. Unintended vehicle acceleration could 
increase the risk of a crash. Service brake function is unaffected."
"23V589","RCMN-23V589-9566.pdf","HYUNDAI","ELANTRA HYBRID","2021","The motor control unit (MCU) software may detect a transmission / drive motor synchronization fault while driving which can trigger a fail-safe condition that temporarily results in slow, unintended acceleration after release of the brake pedal. Service brake functionality is unaffected and remains fully operational. Unintended acceleration could increase the risk of a crash."
"23V589","RCRIT-23V589-6587.pdf","HYUNDAI","ELANTRA HYBRID","2021","This bulletin provides information related to a Motor Control Unit (MCU) software update for Elantra Hybrid (CN7 HEV) vehicles. The MCU software may detect a transmission / drive motor synchronization fault triggering a fail-safe condition that temporarily results in slow, unintended acceleration following brake pedal release while driving. Brake operation is not affected and remains fully operational and effective to slow the vehicle. Unintended acceleration could increase the risk of a crash."
"23V589","RCRN-23V589-2667.pdf","HYUNDAI","ELANTRA HYBRID","2021","The motor control unit (MCU) software may detect a transmission/drive motor synchronization fault while driving, triggering a fail safe condition, that results in unintended vehicle acceleration after release of the brake pedal. Unintended vehicle acceleration could 
increase the risk of a crash. Service brake function is unaffected."
"23V589","RCRIT-23V589-7842.pdf","HYUNDAI","ELANTRA HYBRID","2021","This bulletin provides information related to a Motor Control Unit (MCU) software update for Elantra Hybrid (CN7 HEV) vehicles. This update to the MCU is to address a potential condition where vehicle speed could gradually increase under certain conditions when the vehicle transitions into EV mode after releasing the brake pedal. Brake operation is not affected and remains fully operational and effective to slow the vehicle."
"23V589","RCRN-23V589-2667.pdf","HYUNDAI","ELANTRA HYBRID","2022","The motor control unit (MCU) software may detect a transmission/drive motor synchronization fault while driving, triggering a fail safe condition, that results in unintended vehicle acceleration after release of the brake pedal. Unintended vehicle acceleration could 
increase the risk of a crash. Service brake function is unaffected."
"23V589","RCRIT-23V589-7842.pdf","HYUNDAI","ELANTRA HYBRID","2022","This bulletin provides information related to a Motor Control Unit (MCU) software update for Elantra Hybrid (CN7 HEV) vehicles. This update to the MCU is to address a potential condition where vehicle speed could gradually increase under certain conditions when the vehicle transitions into EV mode after releasing the brake pedal. Brake operation is not affected and remains fully operational and effective to slow the vehicle."
"23V589","RCRN-23V589-3145.pdf","HYUNDAI","ELANTRA HYBRID","2022","The motor control unit (MCU) software may detect a transmission/drive motor synchronization fault while driving, triggering a failsafe condition, that results in unintended vehicle acceleration after release of the brake pedal. Unintended vehicle acceleration could 
increase the risk of a crash. Service brake function is unaffected."
"23V589","RCMN-23V589-3061.pdf","HYUNDAI","ELANTRA HYBRID","2022","The motor control unit (MCU) software may detect a transmission / drive motor synchronization fault while driving which can trigger a fail-safe condition that temporarily results in slow, unintended acceleration after release of the brake pedal. Service brake functionality is unaffected and remains fully operational. Unintended acceleration could increase the risk of a crash."
"23V589","RCONL-23V589-4972.pdf","HYUNDAI","ELANTRA HYBRID","2022","The motor control unit (MCU) software may detect a transmission/drive motor synchronization fault while driving, triggering a fail-safe condition, that results in unintended vehicle acceleration after release of the brake pedal. Unintended vehicle acceleration could increase the risk of a crash. Service brake function is unaffected."
"23V589","RCRIT-23V589-6587.pdf","HYUNDAI","ELANTRA HYBRID","2022","This bulletin provides information related to a Motor Control Unit (MCU) software update for Elantra Hybrid (CN7 HEV) vehicles. The MCU software may detect a transmission / drive motor synchronization fault triggering a fail-safe condition that temporarily results in slow, unintended acceleration following brake pedal release while driving. Brake operation is not affected and remains fully operational and effective to slow the vehicle. Unintended acceleration could increase the risk of a crash."
"23V589","RCONL-23V589-4972.pdf","HYUNDAI","ELANTRA HYBRID","2023","The motor control unit (MCU) software may detect a transmission/drive motor synchronization fault while driving, triggering a fail-safe condition, that results in unintended vehicle acceleration after release of the brake pedal. Unintended vehicle acceleration could increase the risk of a crash. Service brake function is unaffected."
"23V589","RCMN-23V589-9566.pdf","HYUNDAI","ELANTRA HYBRID","2023","The motor control unit (MCU) software may detect a transmission / drive motor synchronization fault while driving which can trigger a fail-safe condition that temporarily results in slow, unintended acceleration after release of the brake pedal. Service brake functionality is unaffected and remains fully operational. Unintended acceleration could increase the risk of a crash."
"23V589","RCRN-23V589-3145.pdf","HYUNDAI","ELANTRA HYBRID","2023","The motor control unit (MCU) software may detect a transmission/drive motor synchronization fault while driving, triggering a failsafe condition, that results in unintended vehicle acceleration after release of the brake pedal. Unintended vehicle acceleration could 
increase the risk of a crash. Service brake function is unaffected."
"23V589","RCRN-23V589-0629.pdf","HYUNDAI","ELANTRA HYBRID","2023","The motor control unit (MCU) software may detect a transmission/drive motor synchronization fault while driving, triggering a fail safe condition, that results in unintended vehicle acceleration after release of the brake pedal. Unintended vehicle acceleration could 
increase the risk of a crash. Service brake function is unaffected."
"23V589","RCRIT-23V589-7842.pdf","HYUNDAI","ELANTRA HYBRID","2023","This bulletin provides information related to a Motor Control Unit (MCU) software update for Elantra Hybrid (CN7 HEV) vehicles. This update to the MCU is to address a potential condition where vehicle speed could gradually increase under certain conditions when the vehicle transitions into EV mode after releasing the brake pedal. Brake operation is not affected and remains fully operational and effective to slow the vehicle."
"23V589","RCRIT-23V589-6587.pdf","HYUNDAI","ELANTRA HYBRID","2023","This bulletin provides information related to a Motor Control Unit (MCU) software update for Elantra Hybrid (CN7 HEV) vehicles. The MCU software may detect a transmission / drive motor synchronization fault triggering a fail-safe condition that temporarily results in slow, unintended acceleration following brake pedal release while driving. Brake operation is not affected and remains fully operational and effective to slow the vehicle. Unintended acceleration could increase the risk of a crash."
"23V620","RCSB-23V620-7187.pdf","DUCATI","XDIAVEL","2018","SRV-RCL-23-004 CR255  Replacement of Side Stand Bracket and Spring Plate: Representative copy of bulletin provided to dealer network"
"23V620","RCRN-23V620-0241.pdf","DUCATI","XDIAVEL","2018","PSR14650_Ducati_SRV-RCL-23-004_proof-RDCT: Copy of owner renotification, redacted for PII."
"23V620","RCONL-23V620-2147.pdf","DUCATI","XDIAVEL","2018","PSR11971_DDM_SRV-RCL-23-004_US_proof-RDCT-Representative copy of mailed owner letter, redacted for PII."
"23V620","RCONL-23V620-2147.pdf","DUCATI","XDIAVEL","2019","PSR11971_DDM_SRV-RCL-23-004_US_proof-RDCT-Representative copy of mailed owner letter, redacted for PII."
"23V620","RCRN-23V620-0241.pdf","DUCATI","XDIAVEL","2019","PSR14650_Ducati_SRV-RCL-23-004_proof-RDCT: Copy of owner renotification, redacted for PII."
"23V620","RCSB-23V620-7187.pdf","DUCATI","XDIAVEL","2019","SRV-RCL-23-004 CR255  Replacement of Side Stand Bracket and Spring Plate: Representative copy of bulletin provided to dealer network"
"23V620","RCSB-23V620-7187.pdf","DUCATI","XDIAVEL","2020","SRV-RCL-23-004 CR255  Replacement of Side Stand Bracket and Spring Plate: Representative copy of bulletin provided to dealer network"
"23V620","RCONL-23V620-2147.pdf","DUCATI","XDIAVEL","2020","PSR11971_DDM_SRV-RCL-23-004_US_proof-RDCT-Representative copy of mailed owner letter, redacted for PII."
"23V620","RCRN-23V620-0241.pdf","DUCATI","XDIAVEL","2020","PSR14650_Ducati_SRV-RCL-23-004_proof-RDCT: Copy of owner renotification, redacted for PII."
"23V620","RCONL-23V620-2147.pdf","DUCATI","XDIAVEL S","2018","PSR11971_DDM_SRV-RCL-23-004_US_proof-RDCT-Representative copy of mailed owner letter, redacted for PII."
"23V620","RCSB-23V620-7187.pdf","DUCATI","XDIAVEL S","2018","SRV-RCL-23-004 CR255  Replacement of Side Stand Bracket and Spring Plate: Representative copy of bulletin provided to dealer network"
"23V620","RCRN-23V620-0241.pdf","DUCATI","XDIAVEL S","2018","PSR14650_Ducati_SRV-RCL-23-004_proof-RDCT: Copy of owner renotification, redacted for PII."
"23V620","RCSB-23V620-7187.pdf","DUCATI","XDIAVEL S","2019","SRV-RCL-23-004 CR255  Replacement of Side Stand Bracket and Spring Plate: Representative copy of bulletin provided to dealer network"
"23V620","RCRN-23V620-0241.pdf","DUCATI","XDIAVEL S","2019","PSR14650_Ducati_SRV-RCL-23-004_proof-RDCT: Copy of owner renotification, redacted for PII."
"23V620","RCONL-23V620-2147.pdf","DUCATI","XDIAVEL S","2019","PSR11971_DDM_SRV-RCL-23-004_US_proof-RDCT-Representative copy of mailed owner letter, redacted for PII."
"23V620","RCONL-23V620-2147.pdf","DUCATI","XDIAVEL S","2020","PSR11971_DDM_SRV-RCL-23-004_US_proof-RDCT-Representative copy of mailed owner letter, redacted for PII."
"23V620","RCSB-23V620-7187.pdf","DUCATI","XDIAVEL S","2020","SRV-RCL-23-004 CR255  Replacement of Side Stand Bracket and Spring Plate: Representative copy of bulletin provided to dealer network"
"23V620","RCRN-23V620-0241.pdf","DUCATI","XDIAVEL S","2020","PSR14650_Ducati_SRV-RCL-23-004_proof-RDCT: Copy of owner renotification, redacted for PII."
"23V639","RCMN-23V639-6646.pdf","KIA","SORENTO","2019","The Dealer Principal letter is to notify the dealer principal of a safety defect relating to the rearview camera in certain 2019 MY Sorento vehicles, the details of the recall campaign, owner notification schedule, and to remind them that it is a violation of Federal law for them to sell or lease a vehicle covered by the notification until the recall has been performed on the vehicle."
"23V639","RCMN-23V639-7526.pdf","KIA","SORENTO","2019","The Dealer Parts & Service Manager letter is to notify the dealer of a safety defect relating to rearview camera in certain 2019 MY Sorento vehicles, the details of the recall campaign, owner notification schedule, and to remind them that it is a violation of Federal law for them to sell or lease a vehicle covered by the notification until the recall has been performed on the vehicle."
"23V639","RCRN-23V639-0135.pdf","KIA","SORENTO","2019","Renotification Owner Letter renotifies the customer of the outstanding safety recall campaign relating to the Rearview Camera, what the concern is, what Kia will do, and what the customer should do when they receive the notice. It will also advise them of the steps to take to submit documents for review of possible reimbursement if they have had previous repairs for the recalled part."
"23V639","RCRIT-23V639-9698.pdf","KIA","SORENTO","2019","The Technical Service Bulletin (TSB) lists specific repair instructions relating to the Rearview Camera Inspection and Replacement Noncompliance Safety Recall Campaign."
"23V639","RCRIT-23V639-3617.pdf","KIA","SORENTO","2019","The Technical Service Bulletin (TSB) lists specific repair instructions relating to the rearview camera inspection and replacement."
"23V639","RCMN-23V639-0861.pdf","KIA","SORENTO","2019","The Dealer Parts & Service Manager letter is to notify the dealer of a safety defect relating to the rearview camera in certain 2019 MY Sorento vehicles, the details of the recall campaign, owner notification schedule, and to remind them that it is a violation of Federal law for them to sell or lease a vehicle covered by the notification until the recall has been performed on the vehicle."
"23V639","RCMN-23V639-4625.pdf","KIA","SORENTO","2019","The Q&A contains questions and answers regarding the 2019 MY Sorento vehicles, safety recall campaign on the rearview camera."
"23V639","RIONL-23V639-0436.pdf","KIA","SORENTO","2019","Interim Owner Letter notifies the customer of the safety recall campaign relating to the rearview camera, what the concern is, what Kia will do, and what the customer should do when they receive the notice."
"23V639","RCRIT-23V639-0585.pdf","KIA","SORENTO","2019","The Technical Service Bulletin (TSB) lists specific repair instructions relating to rearview camera."
"23V639","RCONL-23V639-6412.pdf","KIA","SORENTO","2019","Owner Letter notifies the customer of the safety recall campaign relating to the  rearview camera what the concern is, what Kia will do, and what the customer should do when they receive the notice. It will also advise them of the steps to take to submit documents for review of possible reimbursement if they have had previous repairs for the recalled part."
"23V639","RCMN-23V639-7532.pdf","KIA","SORENTO","2019","The Q&A contains questions and answers regarding the 2019 MY Sorento vehicles safety recall campaign on the rearview camera."
"23V641","RMISC-23V641-9796.pdf","JEEP","GLADIATOR","2022","In-Vehicle Messaging regarding FCA US campaign 92A"
"23V641","RCMN-23V641-2752.pdf","JEEP","GLADIATOR","2022","Revised NSRAC regarding certain 2022 and 2023 model year Jeep Wrangler and Jeep Gladiator vehicles"
"23V641","RMISC-23V641-1879.pdf","JEEP","GLADIATOR","2022","Email Blast sent to certain customers regarding FCA US campaign 92A"
"23V641","RCRIT-23V641-8331.pdf","JEEP","GLADIATOR","2022","Dealer Combo regarding certain 2022 and 2023 model year Jeep Wrangler and
2022-2023 model year Jeep Gladiator vehicles"
"23V641","RCONL-23V641-4428.pdf","JEEP","GLADIATOR","2022","Final Owner Letter regarding certain 2022 and 2023 model year Jeep Wrangler and 2022-2023 model year Jeep Gladiator vehicles"
"23V641","RCMN-23V641-4645.pdf","JEEP","GLADIATOR","2022","NSRAC regarding certain 2022 and 2023 model year Jeep Wrangler and Jeep Gladiator vehicles"
"23V641","RCRN-23V641-7640.pdf","JEEP","GLADIATOR","2022","Renotification regarding FCA US campaign 92A"
"23V641","RCRIT-23V641-8331.pdf","JEEP","GLADIATOR","2023","Dealer Combo regarding certain 2022 and 2023 model year Jeep Wrangler and
2022-2023 model year Jeep Gladiator vehicles"
"23V641","RMISC-23V641-9796.pdf","JEEP","GLADIATOR","2023","In-Vehicle Messaging regarding FCA US campaign 92A"
"23V641","RMISC-23V641-1879.pdf","JEEP","GLADIATOR","2023","Email Blast sent to certain customers regarding FCA US campaign 92A"
"23V641","RCMN-23V641-4645.pdf","JEEP","GLADIATOR","2023","NSRAC regarding certain 2022 and 2023 model year Jeep Wrangler and Jeep Gladiator vehicles"
"23V641","RCONL-23V641-4428.pdf","JEEP","GLADIATOR","2023","Final Owner Letter regarding certain 2022 and 2023 model year Jeep Wrangler and 2022-2023 model year Jeep Gladiator vehicles"
"23V641","RCRN-23V641-7640.pdf","JEEP","GLADIATOR","2023","Renotification regarding FCA US campaign 92A"
"23V641","RCMN-23V641-2752.pdf","JEEP","GLADIATOR","2023","Revised NSRAC regarding certain 2022 and 2023 model year Jeep Wrangler and Jeep Gladiator vehicles"
"23V641","RCRN-23V641-7640.pdf","JEEP","WRANGLER","2022","Renotification regarding FCA US campaign 92A"
"23V641","RMISC-23V641-9796.pdf","JEEP","WRANGLER","2022","In-Vehicle Messaging regarding FCA US campaign 92A"
"23V641","RCONL-23V641-4428.pdf","JEEP","WRANGLER","2022","Final Owner Letter regarding certain 2022 and 2023 model year Jeep Wrangler and 2022-2023 model year Jeep Gladiator vehicles"
"23V641","RCMN-23V641-2752.pdf","JEEP","WRANGLER","2022","Revised NSRAC regarding certain 2022 and 2023 model year Jeep Wrangler and Jeep Gladiator vehicles"
"23V641","RCRIT-23V641-8331.pdf","JEEP","WRANGLER","2022","Dealer Combo regarding certain 2022 and 2023 model year Jeep Wrangler and
2022-2023 model year Jeep Gladiator vehicles"
"23V641","RMISC-23V641-1879.pdf","JEEP","WRANGLER","2022","Email Blast sent to certain customers regarding FCA US campaign 92A"
"23V641","RCMN-23V641-4645.pdf","JEEP","WRANGLER","2022","NSRAC regarding certain 2022 and 2023 model year Jeep Wrangler and Jeep Gladiator vehicles"
"23V641","RCRN-23V641-7640.pdf","JEEP","WRANGLER","2023","Renotification regarding FCA US campaign 92A"
"23V641","RCRIT-23V641-8331.pdf","JEEP","WRANGLER","2023","Dealer Combo regarding certain 2022 and 2023 model year Jeep Wrangler and
2022-2023 model year Jeep Gladiator vehicles"
"23V641","RMISC-23V641-1879.pdf","JEEP","WRANGLER","2023","Email Blast sent to certain customers regarding FCA US campaign 92A"
"23V641","RCMN-23V641-2752.pdf","JEEP","WRANGLER","2023","Revised NSRAC regarding certain 2022 and 2023 model year Jeep Wrangler and Jeep Gladiator vehicles"
"23V651","RCRIT-23V651-2594.pdf","HYUNDAI","ACCENT","2012","Certain 2013MY Santa Fe Sport (AN), 2011-2015MY Sonata Hybrid (YF HEV), 2010-
2012MY Veracruz (EN), and 2014-2015MY Equus (VI) vehicles may develop an electrical short in the
Anti-Lock Brake System (ABS) module, increasing the risk of an engine compartment fire. Follow the
procedures in the bulletin to replace either the ABS multi-fuse or the two individual ABS single fuses
depending on the model."
"23V651","RMISC-23V651-7430.pdf","HYUNDAI","ACCENT","2012","The subject vehicles are equipped with Anti-Lock Brake System (ABS) modules that could leak brake fluid internally and cause an electrical short. An electrical short could result in significant overcurrent in the ABS module, increasing the risk of an engine compartment fire while parked or driving."
"23V651","RMISC-23V651-6985.pdf","HYUNDAI","ACCENT","2012","The subject vehicles are equipped with Anti-Lock Brake System (ABS) modules that could leak brake fluid internally and cause an electrical short over time. An electrical short could result in significant overcurrent in the ABS module increasing the risk of an engine compartment fire while parked or driving."
"23V651","RIONL-23V651-6617.pdf","HYUNDAI","ACCENT","2012","The subject vehicles are equipped with Anti-Lock Brake System (ABS) modules that could leak brake fluid internally and cause an electrical short over time. An electrical short could result in significant overcurrent in the ABS module, increasing the risk of an engine compartment fire while parked or driving."
"23V651","RCRIT-23V651-8946.pdf","HYUNDAI","ACCENT","2012","The applicable vehicles listed below may develop an electrical short in the Anti-Lock Brake System (ABS) module, increasing the risk of an engine compartment fire. Follow the procedures in the bulletin to replace the ABS multi-fuse, the two individual ABS single fuses, or the ABS multi-fuse and a single fuse depending on the model."
"23V651","RCRIT-23V651-8942.pdf","HYUNDAI","ACCENT","2012","The applicable vehicles listed below may develop an electrical short in the Anti-Lock 
Brake System (ABS) module, increasing the risk of an engine compartment fire. Follow the procedures in the bulletin to replace the ABS multi-fuse, the two individual ABS single fuses, or the ABS multi-fuse and a single fuse depending on the model."
"23V651","RCRIT-23V651-8310.pdf","HYUNDAI","ACCENT","2012","The applicable vehicles listed below may develop an electrical short in the Anti-Lock
Brake System (ABS) module, increasing the risk of an engine compartment fire. Follow the procedures in the bulletin to replace the ABS multi-fuse, the two individual ABS single fuses, or the ABS multi-fuse and a single fuse depending on the model."
"23V651","RCRIT-23V651-5601.pdf","HYUNDAI","ACCENT","2012","Certain 2013MY Santa Fe Sport (AN), 2011-15MY Sonata Hybrid (YF HEV), 2010-12MY Veracruz (EN), 2014-15MY Equus, 2012-15MY Accent (RB), and 2013-15MY Santa Fe (NC) vehicles may develop an electrical short in the Anti-Lock Brake System (ABS) module, increasing the risk of an engine compartment fire. Follow the procedures in the bulletin to replace either the ABS multi-fuse or the two individual ABS single fuses depending on the model."
"23V651","RCMN-23V651-0362.pdf","HYUNDAI","ACCENT","2012","The subject vehicles may develop an electrical short in the Anti-Lock Brake System (ABS) module, increasing the risk of an engine compartment fire. Follow the procedures in TSB 24-01-027H-4 (or latest version) to replace either the ABS multi-fuse or the two individual ABS single fuses, depending on the model."
"23V651","RCMN-23V651-1409.pdf","HYUNDAI","ACCENT","2012","The subject vehicles may develop an electrical short in the Anti-Lock Brake System (ABS) module, increasing the risk of an engine compartment fire. Follow the procedures in TSB 24-01-027H-2 (or latest version) to replace either the ABS multi-fuse or the two individual ABS single fuses, depending on the model."
"23V651","RCMN-23V651-2115.pdf","HYUNDAI","ACCENT","2012","The subject vehicles may develop an electrical short in the Anti-Lock Brake System (ABS) module, increasing the risk of an engine compartment fire. Follow the procedures in TSB 24-01-027H-5 (or latest version) to replace either the ABS multi-fuse or the two individual ABS single fuses, depending on the model."
"23V651","RCMN-23V651-3970.pdf","HYUNDAI","ACCENT","2012","The subject vehicles may develop an electrical short in the Anti-Lock Brake System (ABS) module, increasing the risk of an engine compartment fire. Follow the procedures in TSB 24-01-027H-3 (or latest version) to replace either the ABS multi-fuse or the two individual ABS single fuses, depending on the model."
"23V651","RCMN-23V651-4286.pdf","HYUNDAI","ACCENT","2012","The subject vehicles may develop an electrical short in the Anti-Lock Brake System (ABS) module, increasing the risk of an engine compartment fire. Follow the procedures in TSB 24-01-027H-7 (or latest version) to replace either the ABS multi-fuse or the two individual ABS single fuses, depending on the model."
"23V651","RCMN-23V651-4592.pdf","HYUNDAI","ACCENT","2012","The subject vehicles are equipped with Anti-Lock Brake System (ABS) modules that could leak brake fluid internally and cause an electrical short over time. An electrical short could result in significant overcurrent in the ABS module increasing the risk of an engine compartment fire while parked or driving. An electrical short could result in significant overcurrent in the ABS module increasing the risk of an engine compartment fire while parked or driving."
"23V651","RCMN-23V651-6878.pdf","HYUNDAI","ACCENT","2012","The subject vehicles may develop an electrical short in the Anti-Lock Brake System (ABS) module, increasing the risk of an engine compartment fire. Follow the procedures in TSB 24-01-027H-9 (or latest version) to replace either the ABS multi-fuse or the two individual ABS single fuses, depending on the model."
"23V651","RCMN-23V651-7582.pdf","HYUNDAI","ACCENT","2012","The subject vehicles may develop an electrical short in the Anti-Lock Brake System (ABS) module, increasing the risk of an engine compartment fire. Follow the procedures in TSB 24-01-027H-8 (or latest version) to replace either the ABS multi-fuse or the two individual ABS single fuses, depending on the model."
"23V651","RCMN-23V651-8698.pdf","HYUNDAI","ACCENT","2012","The subject vehicles may develop an electrical short in the Anti-Lock Brake System (ABS) module, increasing the risk of an engine compartment fire. Follow the procedures in TSB 24-01-027H-1 (or latest version) to replace either the ABS multi-fuse or the two individual ABS single fuses, depending on the model."
"23V651","RCMN-23V651-3076.pdf","HYUNDAI","ACCENT","2012","The subject vehicles may develop an electrical short in the Anti-Lock Brake System (ABS) module, increasing the risk of an engine compartment fire. Follow the procedures in TSB 24-01-027H-6 (or latest version) to replace either the ABS multi-fuse or the two individual ABS single fuses, depending on the model."
"23V651","RCMN-23V651-3970.pdf","HYUNDAI","ACCENT","2013","The subject vehicles may develop an electrical short in the Anti-Lock Brake System (ABS) module, increasing the risk of an engine compartment fire. Follow the procedures in TSB 24-01-027H-3 (or latest version) to replace either the ABS multi-fuse or the two individual ABS single fuses, depending on the model."
"23V651","RCMN-23V651-4286.pdf","HYUNDAI","ACCENT","2013","The subject vehicles may develop an electrical short in the Anti-Lock Brake System (ABS) module, increasing the risk of an engine compartment fire. Follow the procedures in TSB 24-01-027H-7 (or latest version) to replace either the ABS multi-fuse or the two individual ABS single fuses, depending on the model."
"23V651","RCMN-23V651-4592.pdf","HYUNDAI","ACCENT","2013","The subject vehicles are equipped with Anti-Lock Brake System (ABS) modules that could leak brake fluid internally and cause an electrical short over time. An electrical short could result in significant overcurrent in the ABS module increasing the risk of an engine compartment fire while parked or driving. An electrical short could result in significant overcurrent in the ABS module increasing the risk of an engine compartment fire while parked or driving."
"23V651","RCONL-23V651-3980.pdf","HYUNDAI","ACCENT","2013","The subject vehicles are equipped with Anti-Lock Brake System (ABS) modules that could leak brake fluid internally and cause an electrical short. An electrical short could result in significant overcurrent in the ABS module, increasing the risk of an engine compartment fire while parked or driving."
"23V651","RCRIT-23V651-2357.pdf","HYUNDAI","ACCENT","2013","The applicable vehicles listed below may develop an electrical short in the Anti-Lock
Brake System (ABS) module, increasing the risk of an engine compartment fire. Follow the procedures in the bulletin to replace the ABS multi-fuse, the two individual ABS single fuses, or the ABS multi-fuse and a single fuse depending on the model."
"23V651","RCRIT-23V651-2594.pdf","HYUNDAI","ACCENT","2013","Certain 2013MY Santa Fe Sport (AN), 2011-2015MY Sonata Hybrid (YF HEV), 2010-
2012MY Veracruz (EN), and 2014-2015MY Equus (VI) vehicles may develop an electrical short in the
Anti-Lock Brake System (ABS) module, increasing the risk of an engine compartment fire. Follow the
procedures in the bulletin to replace either the ABS multi-fuse or the two individual ABS single fuses
depending on the model."
"23V651","RCRIT-23V651-4445.pdf","HYUNDAI","ACCENT","2013","The applicable vehicles listed below may develop an electrical short in the Anti-Lock Brake System (ABS) module, increasing the risk of an engine compartment fire. Follow the procedures in the bulletin to replace the ABS multi-fuse, the two individual ABS single fuses, or the ABS multi-fuse and a single fuse depending on the model."
"23V652","RIONL-23V652-6989.pdf","KIA","BORREGO","2010","The Interim Owner Letter notifies the customer of the safety recall campaign relating to the hydraulic engine control unit (HECU), what the concern is, what Kia will do, and what the customer should do when they receive the notice."
"23V652","RCRN-23V652-7500.pdf","KIA","BORREGO","2010","Renotification Owner Letter renotifies the customer of the outstanding safety recall campaign relating to the HECU, what the concern is, what Kia will do, and what the customer should do when they receive the notice. It will also advise them of the steps to take to submit documents for review of possible reimbursement if they have had previous repairs for the recalled part."
"23V652","RCRN-23V652-6319.pdf","KIA","BORREGO","2010","Owner Letter notifies the customer of the safety recall campaign relating to the HECU what the concern is, what Kia will do, and what the customer should do when they receive the notice. It will also advise them of the steps to take to submit documents for review of possible reimbursement if they have had previous repairs for the recalled part."
"23V652","RCRN-23V652-6040.pdf","KIA","BORREGO","2010","Renotification Owner Letter renotifies the customer of the outstanding safety recall campaign relating to The HECU, what the concern is, what Kia will do, and what the customer should do when they receive the notice. It will also advise them of the steps to take to submit documents for review of possible reimbursement if they have had previous repairs for the recalled part."
"23V652","RCRN-23V652-9072.pdf","KIA","BORREGO","2010","Owner Letter notifies the customer of the safety recall campaign relating to The HECU what the concern is, what Kia will do, and what the customer should do when they receive the notice. It will also advise them of the steps to take to submit documents for review of possible reimbursement if they have had previous repairs for the recalled part."
"23V652","RCMN-23V652-6637.pdf","KIA","BORREGO","2010","The Dealer Parts & Service Manager letter is to notify the dealer of a safety defect relating to the Hydraulic Electronic Control Unit (HECU) in certain 2010-2019 Borrego, 2014-2016 Cadenza, 2010-2013 Forte, Forte Koup, Sportage, 2015-2018 K900, 2011-2015 Optima, 2011-2013 Optima Hybrid, Soul, 2012-2017 Rio, 2011-2014 Sorento, and 2010-2011 Rondo vehicles, the details of the recall campaign, owner notification schedule, and to remind them that it is a violation of Federal law for them to sell or lease a vehicle covered by the notification until the recall has been performed on the vehicle."
"23V652","RCMN-23V652-8858.pdf","KIA","BORREGO","2010","The Dealer Principal letter is to notify the dealer principal of a safety defect relating to the Hydraulic Electronic Control Unit (HECU) in certain 2010-2019 Borrego, 2014-2016 Cadenza, 2010-2013 Forte, Forte Koup, Sportage, 2015-2018 K900, 2011-2015 Optima, 2011-2013 Optima Hybrid, Soul, 2012-2017 Rio, 2011-2014 Sorento, and 2010-2011 Rondo vehicles, the details of the recall campaign, owner notification schedule, and to remind them that it is a violation of Federal law for them to sell or lease a vehicle covered by the notification until the recall has been performed on the vehicle."
"23V652","RCONL-23V652-1579.pdf","KIA","BORREGO","2010","Owner Letter notifies the customer of the safety recall campaign relating to the Hydraulic Electronic Control Unit (HECU) what the concern is, what Kia will do, and what the customer should do when they receive the notice. It will also advise them of the steps to take to submit documents for review of possible reimbursement if they have had previous repairs for the recalled part."
"23V652","RCONL-23V652-1912.pdf","KIA","BORREGO","2010","Owner Letter notifies the customer of the safety recall campaign relating to the Hydraulic Electronic Control Unit what the concern is, what Kia will do, and what the customer should do when they receive the notice. It will also advise them of the steps to take to submit documents for review of possible reimbursement if they have had previous repairs for the recalled part."
"23V652","RCONL-23V652-1959.pdf","KIA","BORREGO","2010","The Technical Service Bulletin (TSB) lists specific repair instructions relating to the Hydraulic Electronic Control Unit Safety Recall Campaign."
"23V652","RCONL-23V652-4378.pdf","KIA","BORREGO","2010","The Technical Service Bulletin (TSB) lists specific repair instructions relating to HECU Safety Recall Campaign."
"23V652","RCRIT-23V652-0387.pdf","KIA","BORREGO","2010","The Technical Service Bulletin (TSB) lists specific repair instructions relating to the  HECU Multi Fuse Replacement."
"23V652","RCRIT-23V652-0774.pdf","KIA","BORREGO","2010","The Technical Service Bulletin (TSB) lists specific repair instructions relating to the Hydraulic Electronic Control Unit."
"23V652","RCRIT-23V652-1051.pdf","KIA","BORREGO","2010","The Technical Service Bulletin (TSB) lists specific repair instructions relating to the HECU Safety Recall Campaign."
"23V652","RCRIT-23V652-2773.pdf","KIA","BORREGO","2010","The Technical Service Bulletin (TSB) lists specific repair instructions relating to the Hydraulic Electronic Control Unit (HECU)"
"23V652","RCRIT-23V652-3694.pdf","KIA","BORREGO","2010","he Technical Service Bulletin (TSB) lists specific repair instructions relating to the  HECU Multi Fuse Replacement."
"23V652","RCRIT-23V652-5353.pdf","KIA","BORREGO","2010","The Technical Service Bulletin (TSB) lists specific repair instructions relating to the HECU Multi Fuse Replacement."
"23V652","RCRN-23V652-0085.pdf","KIA","BORREGO","2010","Renotification Owner Letter renotifies the customer of the outstanding safety recall campaign relating to the HECU, what the concern is, what Kia will do, and what the customer should do when they receive the notice. It will also advise them of the steps to take to submit documents for review of possible reimbursement if they have had previous repairs for the recalled part.v"
"23V652","RCRN-23V652-4793.pdf","KIA","BORREGO","2010","Renotification Owner Letter renotifies the customer of the outstanding safety recall campaign relating to HECU, what the concern is, what Kia will do, and what the customer should do when they receive the notice. It will also advise them of the steps to take to submit documents for review of possible reimbursement if they have had previous repairs for the recalled part."
"23V652","RCRN-23V652-3025.pdf","KIA","BORREGO","2010","Renotification Owner Letter renotifies the customer of the outstanding safety recall campaign relating to the HECU, what the concern is, what Kia will do, and what the customer should do when they receive the notice. It will also advise them of the steps to take to submit documents for review of possible reimbursement if they have had previous repairs for the recalled part"
"23V652","RCRN-23V652-5705.pdf","KIA","BORREGO","2010","Renotification Owner Letter renotifies the customer of the outstanding safety recall campaign relating to the HECU, what the concern is, what Kia will do, and what the customer should do when they receive the notice. It will also advise them of the steps to take to submit documents for review of possible reimbursement if they have had previous repairs for the recalled part.Renotification Owner Letter renotifies the customer of the outstanding safety recall campaign relating to the HECU, what the concern is, what Kia will do, and what the customer should do when they receive the notice. It will also advise them of the steps to take to submit documents for review of possible reimbursement if they have had previous repairs for the recalled part."
"23V652","RCMN-23V652-4473.pdf","KIA","BORREGO","2010","The Q&A contains questions and answers regarding the 2010-2019 Borrego, 2014-2016 Cadenza, 2010-2013 Forte, Forte Koup, Sportage, 2015-2018 K900, 2011-2015 Optima, 2011-2013 Optima Hybrid, Soul, 2012-2017 Rio, 2011-2014 Sorento, and 2010-2011 Rondo vehicles safety recall campaign on the Hydraulic Electronic Control Unit (HECU)"
"23V652","RCMN-23V652-3958.pdf","KIA","BORREGO","2010","The Q&A contains questions and answers regarding the Hydraulic Electronic Control Unit (HECU) safety recall campaign in certain 2010-2019 Borrego, 2014-2016 Cadenza, 2010-2013 Forte, Forte Koup, Sportage, 2015-2018 K900, 2011-2015 Optima, 2011-2013 Optima Hybrid, Soul, 2012-2017 Rio, 2011-2014 Sorento, and 2010-2011 Rondo vehicles."
"23V652","RCRN-23V652-4793.pdf","KIA","BORREGO","2011","Renotification Owner Letter renotifies the customer of the outstanding safety recall campaign relating to HECU, what the concern is, what Kia will do, and what the customer should do when they receive the notice. It will also advise them of the steps to take to submit documents for review of possible reimbursement if they have had previous repairs for the recalled part."
"23V652","RCRIT-23V652-2144.pdf","KIA","BORREGO","2011","The Technical Service Bulletin (TSB) lists specific repair instructions relating to the HECU Safety Recall Campaign."
"23V686","RCMN-23V686-3528.pdf","FORD","EXPLORER","2023","NEW VEHICLE DEMONSTRATION / DELIVERY HOLD -
Compliance Recall 23C31
Certain 2023 Model Year Explorer Vehicles
Rearview Camera Wire Harness Inspection"
"23V686","RCRN-23V686-3858.pdf","FORD","EXPLORER","2023","23C31 Renot.  Mailed February 3, 2025"
"23V686","RCONL-23V686-0237.pdf","FORD","EXPLORER","2023","23C31 Owner letter.  Mailed November 2, 2023"
"23V686","RCRN-23V686-5880.pdf","FORD","EXPLORER","2023","23C31 Renotification.  Mailed April 1, 2024"
"23V716","RCRN-23V716-0878.pdf","JEEP","GRAND WAGONEER","2022","Renotification regarding FCA US campaign A7A"
"23V716","RCONL-23V716-0159.pdf","JEEP","GRAND WAGONEER","2022","Final Owner Letter regarding certain 2022-2024 model year Wagoneer and Grand Wagoneer vehicles"
"23V716","RCRIT-23V716-4144.pdf","JEEP","GRAND WAGONEER","2022","Revised Dealer Combo regarding certain 2022-2024 model year Wagoneer and Grand
Wagoneer vehicles"
"23V716","RCMN-23V716-4271.pdf","JEEP","GRAND WAGONEER","2022","NSRAC regarding certain 2022 through 2024 Model Year Wagoneer and Grand Wagoneer vehicles"
"23V716","RCRIT-23V716-9194.pdf","JEEP","GRAND WAGONEER","2022","Dealer Instructions regarding certain 2022-2024 Jeep Wagoneer/Grand Wagoneer vehicles"
"23V716","RCRIT-23V716-9334.pdf","JEEP","GRAND WAGONEER","2023","Revised Dealer Combo regarding certain 2022-2024 model year Wagoneer and Grand
Wagoneer vehicles"
"23V716","RCMN-23V716-4271.pdf","JEEP","GRAND WAGONEER","2023","NSRAC regarding certain 2022 through 2024 Model Year Wagoneer and Grand Wagoneer vehicles"
"23V716","RCONL-23V716-0159.pdf","JEEP","GRAND WAGONEER","2023","Final Owner Letter regarding certain 2022-2024 model year Wagoneer and Grand Wagoneer vehicles"
"23V716","RCRN-23V716-0878.pdf","JEEP","GRAND WAGONEER","2023","Renotification regarding FCA US campaign A7A"
"23V716","RCRIT-23V716-9194.pdf","JEEP","GRAND WAGONEER","2023","Dealer Instructions regarding certain 2022-2024 Jeep Wagoneer/Grand Wagoneer vehicles"
"23V716","RCMN-23V716-4271.pdf","JEEP","GRAND WAGONEER","2024","NSRAC regarding certain 2022 through 2024 Model Year Wagoneer and Grand Wagoneer vehicles"
"23V716","RCRIT-23V716-4144.pdf","JEEP","GRAND WAGONEER","2024","Revised Dealer Combo regarding certain 2022-2024 model year Wagoneer and Grand
Wagoneer vehicles"
"23V716","RCONL-23V716-0159.pdf","JEEP","GRAND WAGONEER","2024","Final Owner Letter regarding certain 2022-2024 model year Wagoneer and Grand Wagoneer vehicles"
"23V716","RCRN-23V716-0878.pdf","JEEP","GRAND WAGONEER","2024","Renotification regarding FCA US campaign A7A"
"23V716","RCRIT-23V716-9194.pdf","JEEP","GRAND WAGONEER","2024","Dealer Instructions regarding certain 2022-2024 Jeep Wagoneer/Grand Wagoneer vehicles"
"23V716","RCONL-23V716-0159.pdf","JEEP","WAGONEER","2022","Final Owner Letter regarding certain 2022-2024 model year Wagoneer and Grand Wagoneer vehicles"
"23V716","RCMN-23V716-4271.pdf","JEEP","WAGONEER","2022","NSRAC regarding certain 2022 through 2024 Model Year Wagoneer and Grand Wagoneer vehicles"
"23V716","RCRN-23V716-0878.pdf","JEEP","WAGONEER","2022","Renotification regarding FCA US campaign A7A"
"23V716","RCRIT-23V716-9194.pdf","JEEP","WAGONEER","2022","Dealer Instructions regarding certain 2022-2024 Jeep Wagoneer/Grand Wagoneer vehicles"
"23V716","RCRIT-23V716-9334.pdf","JEEP","WAGONEER","2022","Revised Dealer Combo regarding certain 2022-2024 model year Wagoneer and Grand
Wagoneer vehicles"
"23V716","RCRIT-23V716-9334.pdf","JEEP","WAGONEER","2023","Revised Dealer Combo regarding certain 2022-2024 model year Wagoneer and Grand
Wagoneer vehicles"
"23V716","RCMN-23V716-4271.pdf","JEEP","WAGONEER","2023","NSRAC regarding certain 2022 through 2024 Model Year Wagoneer and Grand Wagoneer vehicles"
"23V716","RCONL-23V716-0159.pdf","JEEP","WAGONEER","2023","Final Owner Letter regarding certain 2022-2024 model year Wagoneer and Grand Wagoneer vehicles"
"23V716","RCRN-23V716-0878.pdf","JEEP","WAGONEER","2023","Renotification regarding FCA US campaign A7A"
"23V716","RCRIT-23V716-9194.pdf","JEEP","WAGONEER","2023","Dealer Instructions regarding certain 2022-2024 Jeep Wagoneer/Grand Wagoneer vehicles"
"23V717","RIONL-23V717-3779.pdf","KENWORTH","T660","2020","As mailed copy of 23KWK Interim owner notification letter"
"23V717","RCMN-23V717-2584.pdf","KENWORTH","T660","2020","23KWK FINAL bulletin as posted to PACCARnet"
"23V717","RCONL-23V717-5977.pdf","KENWORTH","T660","2020","23KWK Final Recall as-mailed customer letter - redacted"
"23V717","RCSB-23V717-2988.pdf","KENWORTH","T660","2020","Interim Bulletin as posted to PACCARnet"
"23V717","RCMN-23V717-0285.pdf","KENWORTH","T660","2020","23KWK Interim recall bulletin as posted on PACCARnet."
"23V717","RIONL-23V717-3779.pdf","KENWORTH","T800","2018","As mailed copy of 23KWK Interim owner notification letter"
"23V717","RCMN-23V717-2584.pdf","KENWORTH","T800","2018","23KWK FINAL bulletin as posted to PACCARnet"
"23V717","RCONL-23V717-5977.pdf","KENWORTH","T800","2018","23KWK Final Recall as-mailed customer letter - redacted"
"23V717","RCSB-23V717-2988.pdf","KENWORTH","T800","2018","Interim Bulletin as posted to PACCARnet"
"23V717","RCMN-23V717-0285.pdf","KENWORTH","T800","2018","23KWK Interim recall bulletin as posted on PACCARnet."
"23V717","RCMN-23V717-0285.pdf","KENWORTH","T800","2019","23KWK Interim recall bulletin as posted on PACCARnet."
"23V717","RIONL-23V717-3779.pdf","KENWORTH","T800","2019","As mailed copy of 23KWK Interim owner notification letter"
"23V717","RCONL-23V717-5977.pdf","KENWORTH","T800","2019","23KWK Final Recall as-mailed customer letter - redacted"
"23V717","RCSB-23V717-2988.pdf","KENWORTH","T800","2019","Interim Bulletin as posted to PACCARnet"
"23V717","RCSB-23V717-0308.pdf","KENWORTH","T800","2019","23KWK FINAL bulletin as posted to PACCARnet"
"23V717","RCSB-23V717-2988.pdf","KENWORTH","T800","2020","Interim Bulletin as posted to PACCARnet"
"23V717","RCMN-23V717-0285.pdf","KENWORTH","T800","2020","23KWK Interim recall bulletin as posted on PACCARnet."
"23V717","RCMN-23V717-2584.pdf","KENWORTH","T800","2020","23KWK FINAL bulletin as posted to PACCARnet"
"23V717","RCONL-23V717-5977.pdf","KENWORTH","T800","2020","23KWK Final Recall as-mailed customer letter - redacted"
"23V717","RIONL-23V717-3779.pdf","KENWORTH","T800","2020","As mailed copy of 23KWK Interim owner notification letter"
"23V717","RCMN-23V717-0285.pdf","KENWORTH","T800","2024","23KWK Interim recall bulletin as posted on PACCARnet."
"23V717","RCSB-23V717-0308.pdf","KENWORTH","T800","2024","23KWK FINAL bulletin as posted to PACCARnet"
"23V717","RCONL-23V717-5977.pdf","KENWORTH","T800","2024","23KWK Final Recall as-mailed customer letter - redacted"
"23V717","RCSB-23V717-2988.pdf","KENWORTH","T800","2024","Interim Bulletin as posted to PACCARnet"
"23V717","RIONL-23V717-3779.pdf","KENWORTH","T800","2024","As mailed copy of 23KWK Interim owner notification letter"
"23V722","RCRIT-23V722-5965.pdf","NEW FLYER","XD35","2019","Instruction to Service providing Allison information on the remedy being provided."
"23V722","RCONL-23V722-8334.pdf","NEW FLYER","XD35","2019","Owner notification letter for this recall, issued by Allison Transmission, Inc., the supplier of the affected transmissions."
"23V722","RCRIT-23V722-5965.pdf","NEW FLYER","XD35","2020","Instruction to Service providing Allison information on the remedy being provided."
"23V722","RCONL-23V722-8334.pdf","NEW FLYER","XD35","2020","Owner notification letter for this recall, issued by Allison Transmission, Inc., the supplier of the affected transmissions."
"23V722","RCRIT-23V722-5965.pdf","NEW FLYER","XD35","2021","Instruction to Service providing Allison information on the remedy being provided."
"23V722","RCONL-23V722-8334.pdf","NEW FLYER","XD35","2021","Owner notification letter for this recall, issued by Allison Transmission, Inc., the supplier of the affected transmissions."
"23V722","RCRIT-23V722-5965.pdf","NEW FLYER","XD35","2022","Instruction to Service providing Allison information on the remedy being provided."
"23V722","RCONL-23V722-8334.pdf","NEW FLYER","XD35","2022","Owner notification letter for this recall, issued by Allison Transmission, Inc., the supplier of the affected transmissions."
"23V722","RCONL-23V722-8334.pdf","NEW FLYER","XD35","2023","Owner notification letter for this recall, issued by Allison Transmission, Inc., the supplier of the affected transmissions."
"23V722","RCRIT-23V722-5965.pdf","NEW FLYER","XD35","2023","Instruction to Service providing Allison information on the remedy being provided."
"23V722","RCRIT-23V722-5965.pdf","NEW FLYER","XD35","2024","Instruction to Service providing Allison information on the remedy being provided."
"23V722","RCONL-23V722-8334.pdf","NEW FLYER","XD35","2024","Owner notification letter for this recall, issued by Allison Transmission, Inc., the supplier of the affected transmissions."
"23V722","RCONL-23V722-8334.pdf","NEW FLYER","XD40","2019","Owner notification letter for this recall, issued by Allison Transmission, Inc., the supplier of the affected transmissions."
"23V722","RCRIT-23V722-5965.pdf","NEW FLYER","XD40","2019","Instruction to Service providing Allison information on the remedy being provided."
"23V722","RCRIT-23V722-5965.pdf","NEW FLYER","XD40","2020","Instruction to Service providing Allison information on the remedy being provided."
"23V722","RCONL-23V722-8334.pdf","NEW FLYER","XD40","2020","Owner notification letter for this recall, issued by Allison Transmission, Inc., the supplier of the affected transmissions."
"23V722","RCONL-23V722-8334.pdf","NEW FLYER","XD40","2021","Owner notification letter for this recall, issued by Allison Transmission, Inc., the supplier of the affected transmissions."
"23V722","RCRIT-23V722-5965.pdf","NEW FLYER","XD40","2021","Instruction to Service providing Allison information on the remedy being provided."
"23V722","RCONL-23V722-8334.pdf","NEW FLYER","XD40","2022","Owner notification letter for this recall, issued by Allison Transmission, Inc., the supplier of the affected transmissions."
"23V722","RCRIT-23V722-5965.pdf","NEW FLYER","XD40","2022","Instruction to Service providing Allison information on the remedy being provided."
"23V722","RCONL-23V722-8334.pdf","NEW FLYER","XD40","2023","Owner notification letter for this recall, issued by Allison Transmission, Inc., the supplier of the affected transmissions."
"23V722","RCRIT-23V722-5965.pdf","NEW FLYER","XD40","2023","Instruction to Service providing Allison information on the remedy being provided."
"23V722","RCONL-23V722-8334.pdf","NEW FLYER","XD40","2024","Owner notification letter for this recall, issued by Allison Transmission, Inc., the supplier of the affected transmissions."
"23V722","RCRIT-23V722-5965.pdf","NEW FLYER","XD40","2024","Instruction to Service providing Allison information on the remedy being provided."
"23V722","RCONL-23V722-8334.pdf","NEW FLYER","XN35","2019","Owner notification letter for this recall, issued by Allison Transmission, Inc., the supplier of the affected transmissions."
"23V736","RCMN-23V736-9245.pdf","AUTOCAR","LEGEND","2023","Dealer notice provides information regarding the defect, safety risk, what to do and contact information."
"23V736","RCONL-23V736-9575.pdf","AUTOCAR","LEGEND","2023","Owner notice provides information regarding the defect, safety risk, what to do and contact information."
"23V736","RCMN-23V736-9245.pdf","AUTOCAR","XPEDITOR","2023","Dealer notice provides information regarding the defect, safety risk, what to do and contact information."
"23V736","RCONL-23V736-9575.pdf","AUTOCAR","XPEDITOR","2023","Owner notice provides information regarding the defect, safety risk, what to do and contact information."
"23V766","RCMN-23V766-6005.pdf","TRIPLE E RV","WONDER","2023","THE 120V WIRING FOR THE TRUMA AIR CONDITIONER, IS BEING ROUTED THROUGH THE ROOF ALUMINUM FRAMING.  THE WIRES MAY BECOME WORN FROM RUBBING ON THE RAW METAL EDGE CAUSING AN ARCING HAZARD.  A GROMMET WILL BE INSTALLED OVER THE WIRING AND SCREWED INTO THE ROOF ALUMINUM FRAMING WHERE THE WIRES COME THROUGH."
"23V766","RCONL-23V766-8599.pdf","TRIPLE E RV","WONDER","2023","THE 120V WIRING FOR THE TRUMA AIR CONDITIONER, IS BEING ROUTED THROUGH THE ROOF ALUMINUM FRAMING.  THE WIRES MAY BECOME WORN FROM RUBBING ON THE RAW METAL EDGE, A GROMMET WILL BE INSTALLED OVER THE WIRES AND ATTACHED TO THE ROOF FRAMING WITH 2 SCREWS"
"23V766","RCMN-23V766-6005.pdf","TRIPLE E RV","WONDER","2024","THE 120V WIRING FOR THE TRUMA AIR CONDITIONER, IS BEING ROUTED THROUGH THE ROOF ALUMINUM FRAMING.  THE WIRES MAY BECOME WORN FROM RUBBING ON THE RAW METAL EDGE CAUSING AN ARCING HAZARD.  A GROMMET WILL BE INSTALLED OVER THE WIRING AND SCREWED INTO THE ROOF ALUMINUM FRAMING WHERE THE WIRES COME THROUGH."
"23V766","RCONL-23V766-8599.pdf","TRIPLE E RV","WONDER","2024","THE 120V WIRING FOR THE TRUMA AIR CONDITIONER, IS BEING ROUTED THROUGH THE ROOF ALUMINUM FRAMING.  THE WIRES MAY BECOME WORN FROM RUBBING ON THE RAW METAL EDGE, A GROMMET WILL BE INSTALLED OVER THE WIRES AND ATTACHED TO THE ROOF FRAMING WITH 2 SCREWS"
"23V779","RCMN-23V779-9226.pdf","CFMOTO","700CL-X","2022"," Mandatory Dealer Warranty Bulletin for ABS Software Update on CFMOTO 700 CLX Sport motorcycle models"
"23V779","RCMN-23V779-1021.pdf","CFMOTO","700CL-X","2022","Model year 2022 and 2023 700CL-X Sport motorcycles may take longer to stop if the operator squeezes the handbrake lever twice or more in quick succession while the ABS is active. In this specific situation, CFMOTO determined that the current ABS software settings delay braking by 0.3 seconds, and therefore lengthen the distance required to stop the motorcycle.  CFMOTO improved and updated the ABS control module software and recently released an ABS software update. All affected MY2022 and MY2023 700CL-X Sport motorcycles need this update installed as soon as possible by following the instructions in the attached Mandatory Dealer Warranty Bulletin for ABS Software Update."
"23V779","RCMN-23V779-9226.pdf","CFMOTO","700CL-X","2023"," Mandatory Dealer Warranty Bulletin for ABS Software Update on CFMOTO 700 CLX Sport motorcycle models"
"23V779","RCMN-23V779-1021.pdf","CFMOTO","700CL-X","2023","Model year 2022 and 2023 700CL-X Sport motorcycles may take longer to stop if the operator squeezes the handbrake lever twice or more in quick succession while the ABS is active. In this specific situation, CFMOTO determined that the current ABS software settings delay braking by 0.3 seconds, and therefore lengthen the distance required to stop the motorcycle.  CFMOTO improved and updated the ABS control module software and recently released an ABS software update. All affected MY2022 and MY2023 700CL-X Sport motorcycles need this update installed as soon as possible by following the instructions in the attached Mandatory Dealer Warranty Bulletin for ABS Software Update."
"23V781","RCRN-23V781-0454.pdf","NOVA BUS","LFS","2023","SECOND NOTICE 

Nova Bus (US) Inc. has decided that a defect which relates to motor vehicle safety exists in certain Nova Bus models LFS and Model Year 2023 manufactured from September 2023 to September 2023 equipped with the sun visor. 

Certain affected vehicles may have the sun visor that may detach from the bracket and fall. The sun visor that detaches, and falls may startle the driver and potentially reduce the field of vision increasing the risk of a crash. 

The service document CR5512E explaining the measures to be taken to remedy the affected vehicles will be published on Nova Bus web site. The vehicles can be remedied starting from January 23th 2024. The remedy, inspection of the sun visor fasteners and apply thread locker if not present, should take approximately 60 minutes to complete."
"23V781","RCRIT-23V781-9892.pdf","NOVA BUS","LFS","2023","Certain affected vehicles may have a sun visor that may detach from the bracket and fall. A sun visor that detaches, and falls may startle the driver and potentially reduce the field of vision, increasing the risk of a crash.

Personally Identifiable Information (PII) : The information regarding for the complete VIN (vehicle identification number) has been highlighted in black to preserved the confidentiality for the customer."
"23V781","RCRN-23V781-0454.pdf","NOVA BUS","LFS ARTIC","2023","SECOND NOTICE 

Nova Bus (US) Inc. has decided that a defect which relates to motor vehicle safety exists in certain Nova Bus models LFS and Model Year 2023 manufactured from September 2023 to September 2023 equipped with the sun visor. 

Certain affected vehicles may have the sun visor that may detach from the bracket and fall. The sun visor that detaches, and falls may startle the driver and potentially reduce the field of vision increasing the risk of a crash. 

The service document CR5512E explaining the measures to be taken to remedy the affected vehicles will be published on Nova Bus web site. The vehicles can be remedied starting from January 23th 2024. The remedy, inspection of the sun visor fasteners and apply thread locker if not present, should take approximately 60 minutes to complete."
"23V781","RCRIT-23V781-9892.pdf","NOVA BUS","LFS ARTIC","2023","Certain affected vehicles may have a sun visor that may detach from the bracket and fall. A sun visor that detaches, and falls may startle the driver and potentially reduce the field of vision, increasing the risk of a crash.

Personally Identifiable Information (PII) : The information regarding for the complete VIN (vehicle identification number) has been highlighted in black to preserved the confidentiality for the customer."
"23V787","RCRIT-23V787-8736.pdf","JEEP","WRANGLER","2021","Revised Dealer Combo regarding certain 2021-2023 model year Jeep Wrangler Plug-In Hybrid Electric Vehicles (PHEVs)"
"23V787","RCRN-23V787-9279.pdf","JEEP","WRANGLER","2021","Renotification regarding FCA US campaign B9A"
"23V787","RIONL-23V787-5647.pdf","JEEP","WRANGLER","2021","Interim Owner Letter regarding certain 2021-2023 model year Jeep Wrangler Plug-In Hybrid Electric Vehicles (PHEVs)"
"23V787","RCRIT-23V787-4863.pdf","JEEP","WRANGLER","2021","Dealer Combo regarding certain 2021-2023 model year Jeep Wrangler Plug-In Hybrid Electric Vehicles (PHEVs)"
"23V787","RCRIT-23V787-2021.pdf","JEEP","WRANGLER","2021","B9A Dealer Combo letter regarding certain 2021-2024 Jeep Wrangler PHEV vehicles."
"23V787","RCONL-23V787-1721.pdf","JEEP","WRANGLER","2021","Final Owner Letter regarding certain 2021-2023 model year Jeep Wrangler Plug-In Hybrid Electric Vehicles (PHEVs)"
"23V787","RCMN-23V787-1942.pdf","JEEP","WRANGLER","2021","Revised NSRAC regarding certain 2021-2023 model year Jeep Wrangler Plug-In Hybrid Electric Vehicles (PHEVs)"
"23V787","RCMN-23V787-3387.pdf","JEEP","WRANGLER","2021","Dealer Communication regarding FCA US campaign B9A"
"23V787","RCMN-23V787-6554.pdf","JEEP","WRANGLER","2021","NSRAC regarding certain 2021-2023 model year Jeep Wrangler Plug-In Hybrid Electric Vehicles (PHEVs)"
"23V787","RCMN-23V787-7499.pdf","JEEP","WRANGLER","2021","NSRAC-Interim Letter Combo regarding certain 2021-2023 model year Jeep Wrangler Plug-In Hybrid Electric Vehicles (PHEVs)"
"23V787","RCRIT-23V787-8507.pdf","JEEP","WRANGLER","2021","Revised Dealer Instructions regarding FCA US campaign B9A"
"23V787","RCRIT-23V787-8736.pdf","JEEP","WRANGLER","2022","Revised Dealer Combo regarding certain 2021-2023 model year Jeep Wrangler Plug-In Hybrid Electric Vehicles (PHEVs)"
"23V787","RCRIT-23V787-8507.pdf","JEEP","WRANGLER","2022","Revised Dealer Instructions regarding FCA US campaign B9A"
"23V787","RCRIT-23V787-4863.pdf","JEEP","WRANGLER","2022","Dealer Combo regarding certain 2021-2023 model year Jeep Wrangler Plug-In Hybrid Electric Vehicles (PHEVs)"
"23V787","RCRIT-23V787-2021.pdf","JEEP","WRANGLER","2022","B9A Dealer Combo letter regarding certain 2021-2024 Jeep Wrangler PHEV vehicles."
"23V787","RCONL-23V787-1721.pdf","JEEP","WRANGLER","2022","Final Owner Letter regarding certain 2021-2023 model year Jeep Wrangler Plug-In Hybrid Electric Vehicles (PHEVs)"
"23V787","RCMN-23V787-7499.pdf","JEEP","WRANGLER","2022","NSRAC-Interim Letter Combo regarding certain 2021-2023 model year Jeep Wrangler Plug-In Hybrid Electric Vehicles (PHEVs)"
"23V787","RCMN-23V787-6554.pdf","JEEP","WRANGLER","2022","NSRAC regarding certain 2021-2023 model year Jeep Wrangler Plug-In Hybrid Electric Vehicles (PHEVs)"
"23V787","RCMN-23V787-3387.pdf","JEEP","WRANGLER","2022","Dealer Communication regarding FCA US campaign B9A"
"23V787","RCRN-23V787-9279.pdf","JEEP","WRANGLER","2022","Renotification regarding FCA US campaign B9A"
"23V787","RIONL-23V787-5647.pdf","JEEP","WRANGLER","2022","Interim Owner Letter regarding certain 2021-2023 model year Jeep Wrangler Plug-In Hybrid Electric Vehicles (PHEVs)"
"23V787","RCMN-23V787-1942.pdf","JEEP","WRANGLER","2022","Revised NSRAC regarding certain 2021-2023 model year Jeep Wrangler Plug-In Hybrid Electric Vehicles (PHEVs)"
"23V787","RCRIT-23V787-2021.pdf","JEEP","WRANGLER","2023","B9A Dealer Combo letter regarding certain 2021-2024 Jeep Wrangler PHEV vehicles."
"23V787","RCRIT-23V787-1643.pdf","JEEP","WRANGLER","2023","Revised Dealer Combo regarding certain 2021-2023 model year Jeep Wrangler Plug-In Hybrid Electric Vehicles (PHEVs)"
"23V787","RCONL-23V787-1721.pdf","JEEP","WRANGLER","2023","Final Owner Letter regarding certain 2021-2023 model year Jeep Wrangler Plug-In Hybrid Electric Vehicles (PHEVs)"
"23V800","RCRN-23V800-0326.pdf","FORD","MUSTANG","2024","23S61 Renotification.  Mailed June 3-5, 2024"
"23V800","RCONL-23V800-5160.pdf","FORD","MUSTANG","2024","23S61 Owner letter.  Mailed December 21, 2023"
"23V800","RCMN-23V800-5833.pdf","FORD","MUSTANG","2024","NEW VEHICLE DEMONSTRATION / DELIVERY HOLD
*DO NOT DRIVE VEHICLES*
Safety Recall 23S61
Certain 2024 Model Year Mustang Vehicles
Loose Brake Pedal Pivot Pin"
"23V800","RCMN-23V800-3131.pdf","FORD","MUSTANG","2024","NEW VEHICLE DEMONSTRATION / DELIVERY HOLD  Advance Notice
*DO NOT DRIVE VEHICLES*
Safety Recall 23S61
Certain 2024 Model Year Mustang Vehicles
Loose Brake Pedal Pivot Pin"
"23V800","RCRN-23V800-1138.pdf","FORD","MUSTANG","2024","23S61 Renotification.  Mailed March 31, 2025"
"23V826","RCMN-23V826-1881.pdf","LAMBORGHINI","HURACAN","2015","Dealer letter with explanation about the issue, the remedy and overall information."
"23V826","RCONL-23V826-8947.pdf","LAMBORGHINI","HURACAN","2015","Issued owner notification letter with details about the problem, risks, actions and general information."
"23V826","RCRIT-23V826-0566.pdf","LAMBORGHINI","HURACAN","2015","Latest technical service bulletin with detailed remedy instructions to dealer network."
"23V826","RMISC-23V826-2251.pdf","LAMBORGHINI","HURACAN","2015","Frequently asked questions form with general information to dealer network."
"23V826","RCMN-23V826-1881.pdf","LAMBORGHINI","HURACAN","2016","Dealer letter with explanation about the issue, the remedy and overall information."
"23V826","RCONL-23V826-8947.pdf","LAMBORGHINI","HURACAN","2016","Issued owner notification letter with details about the problem, risks, actions and general information."
"23V826","RMISC-23V826-2251.pdf","LAMBORGHINI","HURACAN","2016","Frequently asked questions form with general information to dealer network."
"23V826","RCRIT-23V826-0566.pdf","LAMBORGHINI","HURACAN","2016","Latest technical service bulletin with detailed remedy instructions to dealer network."
"23V826","RCONL-23V826-8947.pdf","LAMBORGHINI","HURACAN","2017","Issued owner notification letter with details about the problem, risks, actions and general information."
"23V826","RCMN-23V826-1881.pdf","LAMBORGHINI","HURACAN","2017","Dealer letter with explanation about the issue, the remedy and overall information."
"23V826","RCRIT-23V826-0566.pdf","LAMBORGHINI","HURACAN","2017","Latest technical service bulletin with detailed remedy instructions to dealer network."
"23V826","RMISC-23V826-2251.pdf","LAMBORGHINI","HURACAN","2017","Frequently asked questions form with general information to dealer network."
"23V826","RCRIT-23V826-0566.pdf","LAMBORGHINI","HURACAN","2018","Latest technical service bulletin with detailed remedy instructions to dealer network."
"23V826","RCMN-23V826-1881.pdf","LAMBORGHINI","HURACAN","2018","Dealer letter with explanation about the issue, the remedy and overall information."
"23V826","RCONL-23V826-8947.pdf","LAMBORGHINI","HURACAN","2018","Issued owner notification letter with details about the problem, risks, actions and general information."
"23V826","RMISC-23V826-2251.pdf","LAMBORGHINI","HURACAN","2018","Frequently asked questions form with general information to dealer network."
"23V826","RCMN-23V826-1881.pdf","LAMBORGHINI","HURACAN","2019","Dealer letter with explanation about the issue, the remedy and overall information."
"23V826","RCRIT-23V826-0566.pdf","LAMBORGHINI","HURACAN","2019","Latest technical service bulletin with detailed remedy instructions to dealer network."
"23V826","RCONL-23V826-8947.pdf","LAMBORGHINI","HURACAN","2019","Issued owner notification letter with details about the problem, risks, actions and general information."
"23V826","RMISC-23V826-2251.pdf","LAMBORGHINI","HURACAN","2019","Frequently asked questions form with general information to dealer network."
"23V826","RMISC-23V826-2251.pdf","LAMBORGHINI","HURACAN","2020","Frequently asked questions form with general information to dealer network."
"23V826","RCRIT-23V826-0566.pdf","LAMBORGHINI","HURACAN","2020","Latest technical service bulletin with detailed remedy instructions to dealer network."
"23V826","RCONL-23V826-8947.pdf","LAMBORGHINI","HURACAN","2020","Issued owner notification letter with details about the problem, risks, actions and general information."
"23V826","RCMN-23V826-1881.pdf","LAMBORGHINI","HURACAN","2020","Dealer letter with explanation about the issue, the remedy and overall information."
"23V826","RCMN-23V826-1881.pdf","LAMBORGHINI","HURACAN","2021","Dealer letter with explanation about the issue, the remedy and overall information."
"24E028","RCMN-24E028-2344.pdf","SUBURBAN","LED BACKLIT RANGE","9999","This communication to purchasers of this product at a wholesale level. Communication to RV OEMs."
"24E047","RCONL-24E047-2737.pdf","MOPAR","ANTI-LOCK BRAKE SYSTEM","9999","Final Owner Letter regarding certain Mopar Anti-Lock Braking System (ABS) control modules"
"24E047","RCMN-24E047-7719.pdf","MOPAR","ANTI-LOCK BRAKE SYSTEM","9999","NSRAC regarding certain Mopar Anti-Lock Braking System (ABS) control modules"
"24E047","RCRIT-24E047-1506.pdf","MOPAR","ANTI-LOCK BRAKE SYSTEM","9999","Dealer Combo regarding certain Mopar Anti-Lock Braking System (ABS) control modules"
"24E054","RCMN-24E054-5701.pdf","HARLEY-DAVIDSON","HD-X07 HELMET","9999","Two of four Covert X helmets tested during a random sample test by NHTSA at a contracted test lab for motorcycle helmets were found non-compliant with the retention system requirement set forth in FMVSS No. 218.

Based on its investigation, Kido Sports Co., Ltd. determined that the retention system for the below mentioned helmets and periods may be noncompliant with FMVSS No. 218.

Covert X DOT
Produced between September 2021 through January 2024
Size: All sizes (XS, S, M, L, XL, 2XL)

Kido Sports Co., Ltd. will collect all the distributor and dealer inventories of the subject helmet and rework to reinforce the retention system to provide added security. The reinforced helmets will be randomly selected from each batch and tested to ensure compliance with FMVSS No. 218. The helmets will then be returned to the distributors and dealers. All these processes will be carried out by Kido Sports, and all associated costs will be borne by Kido Sports."
"24E054","RCMN-24E054-7769.pdf","HARLEY-DAVIDSON","HD-X07 HELMET","9999","Covert X motorcycle helmets tested during a random sample test by NHTSA, at a contracted test lab for motorcycle helmets, were found non-compliant with the retention system requirement set forth in FMVSS No. 218.  Harley-Davidson HD-X07 helmets are of the same design as the Covert X helmet, with the only difference being the exterior graphics and packaging.

Based on its investigation, Kido Sports Co., Ltd. determined that the retention system for the below mentioned helmets and periods may be noncompliant with FMVSS No. 218.

HD-X07 DOT
Produced between July 2021 through February 2024
Size: All sizes (XS, S, M, L, XL, 2XL)

Kido Sports Co., Ltd. will collect all the distributor and dealer inventories of the subject helmet and rework to reinforce the chinstrap to provide added security. The reinforced/reworked helmets will be randomly selected from each batch and tested to ensure compliance with FMVSS No. 218. The helmets will then be returned to the distributors and dealers. All these processes will be carried out by Kido Sports, and all associated costs will be borne by Kido Sports."
"24E054","RCMN-24E054-7769.pdf","SCORPION EXO","COVERT X HELMET","9999","Covert X motorcycle helmets tested during a random sample test by NHTSA, at a contracted test lab for motorcycle helmets, were found non-compliant with the retention system requirement set forth in FMVSS No. 218.  Harley-Davidson HD-X07 helmets are of the same design as the Covert X helmet, with the only difference being the exterior graphics and packaging.

Based on its investigation, Kido Sports Co., Ltd. determined that the retention system for the below mentioned helmets and periods may be noncompliant with FMVSS No. 218.

HD-X07 DOT
Produced between July 2021 through February 2024
Size: All sizes (XS, S, M, L, XL, 2XL)

Kido Sports Co., Ltd. will collect all the distributor and dealer inventories of the subject helmet and rework to reinforce the chinstrap to provide added security. The reinforced/reworked helmets will be randomly selected from each batch and tested to ensure compliance with FMVSS No. 218. The helmets will then be returned to the distributors and dealers. All these processes will be carried out by Kido Sports, and all associated costs will be borne by Kido Sports."
"24E054","RCMN-24E054-5701.pdf","SCORPION EXO","COVERT X HELMET","9999","Two of four Covert X helmets tested during a random sample test by NHTSA at a contracted test lab for motorcycle helmets were found non-compliant with the retention system requirement set forth in FMVSS No. 218.

Based on its investigation, Kido Sports Co., Ltd. determined that the retention system for the below mentioned helmets and periods may be noncompliant with FMVSS No. 218.

Covert X DOT
Produced between September 2021 through January 2024
Size: All sizes (XS, S, M, L, XL, 2XL)

Kido Sports Co., Ltd. will collect all the distributor and dealer inventories of the subject helmet and rework to reinforce the retention system to provide added security. The reinforced helmets will be randomly selected from each batch and tested to ensure compliance with FMVSS No. 218. The helmets will then be returned to the distributors and dealers. All these processes will be carried out by Kido Sports, and all associated costs will be borne by Kido Sports."
"24E075","RCMN-24E075-0721.pdf","MOPAR","ANTI-LOCK BRAKE SYSTEM","9999","NSRAC regarding certain MOPAR Antilock Brake System (ABS) Modules"
"24E075","RCONL-24E075-3391.pdf","MOPAR","ANTI-LOCK BRAKE SYSTEM","9999","Final Owner Letter regarding certain MOPAR Antilock Brake System (ABS) Modules"
"24E075","RCRIT-24E075-0909.pdf","MOPAR","ANTI-LOCK BRAKE SYSTEM","9999","Dealer Instructions regarding certain MOPAR Antilock Brake System (ABS) Modules"
"24E079","RCMN-24E079-2302.pdf","MOOG","BALL JOINT","9999","Supplemental ""Preliminary"" Dealer Notice sent to MOOG dealers in Recall No. 24E-079 to include control arm assemblies that were shipped with the recalled ball joints."
"24E079","RCMN-24E079-3436.pdf","MOOG","BALL JOINT","9999","Letter to MOOG brand dealers in Recall No. 24E079."
"24E079","RCONL-24E079-7245.pdf","MOOG","BALL JOINT","9999","Owner letter to NAPA customers in Recall No. 24E079."
"24E079","RCONL-24E079-5034.pdf","MOOG","BALL JOINT","9999","Owner letter to MOOG brand customers in Recall No. 24E079."
"24E079","RCMN-24E079-3425.pdf","MOOG","BALL JOINT","9999","Letter to NAPA dealers in Recall No. 24E079."
"24E079","RCONL-24E079-5034.pdf","NAPA","BALL JOINT","9999","Owner letter to MOOG brand customers in Recall No. 24E079."
"24E079","RCMN-24E079-3425.pdf","NAPA","BALL JOINT","9999","Letter to NAPA dealers in Recall No. 24E079."
"24E079","RCONL-24E079-7245.pdf","NAPA","BALL JOINT","9999","Owner letter to NAPA customers in Recall No. 24E079."
"24E079","RCMN-24E079-2302.pdf","NAPA","BALL JOINT","9999","Supplemental ""Preliminary"" Dealer Notice sent to MOOG dealers in Recall No. 24E-079 to include control arm assemblies that were shipped with the recalled ball joints."
"24E079","RCMN-24E079-3436.pdf","NAPA","BALL JOINT","9999","Letter to MOOG brand dealers in Recall No. 24E079."
"24E099","RCONL-24E099-8574.pdf","AGILITY FUEL SYSTEMS","CNG FUEL SYSTEM","9999","Owner letter in Recall No. 24E099"
"24E099","RCMN-24E099-4411.pdf","AGILITY FUEL SYSTEMS","CNG FUEL SYSTEM","9999","Letter to OEMs in Recall No. 24E099"
"24E100","RIONL-24E100-6859.pdf","MOPAR","HYDRAULIC CONTROL UNIT","9999","Interim Owner Letter regarding certain Mopar Antilock Brake System (ABS) Hydraulic Control Units"
"24E100","RCMN-24E100-6273.pdf","MOPAR","HYDRAULIC CONTROL UNIT","9999","NSRAC regarding certain Mopar Antilock Brake System (ABS) Hydraulic Control Units (HCU)"
"24E100","RCMN-24E100-2064.pdf","MOPAR","HYDRAULIC CONTROL UNIT","9999","NSRAC-Interim Owner Letter Combo regarding certain Mopar Antilock Brake System (ABS) Hydraulic Control Units"
"24T014","RCMN-24T014-5836.pdf","FORTUNE","TORMENTA M/T FSR310","9999","Manufacture notice to dealers regarding identification of tires subject to recall and request for tire owner information."
"24T014","RCMN-24T014-5836.pdf","FORTUNE","TORMENTA R/T FSR309","9999","Manufacture notice to dealers regarding identification of tires subject to recall and request for tire owner information."
"24T014","RCMN-24T014-5836.pdf","PRINX","HiCOUNTRY M/T HM1","9999","Manufacture notice to dealers regarding identification of tires subject to recall and request for tire owner information."
"24T014","RCMN-24T014-5836.pdf","PRINX","HiCOUNTRY R/T HR1","9999","Manufacture notice to dealers regarding identification of tires subject to recall and request for tire owner information."
"24V020","RCRIT-24V020-3527.pdf","MORGAN MOTOR COMPANY","SUPER 3","2023","I have previous attempted to upload this document but the file size stopped this from being possible, so the document was split into 14 for manageable sized parts."
"24V020","RCONL-24V020-0843.pdf","MORGAN MOTOR COMPANY","SUPER 3","2023","Final version of Owner Notification Letter uploaded to allow submission of quarterly report."
"24V020","RCRIT-24V020-2442.pdf","MORGAN MOTOR COMPANY","SUPER 3","2023","I have previously attempted to upload this document but the file size stopped this from being possible, so the document was split into 14 for manageable sized parts."
"24V020","RCMN-24V020-7018.pdf","MORGAN MOTOR COMPANY","SUPER 3","2023","The Dealer briefing was held with all 9 dealers who have vehicles in their control or who have sold a vehicle to an end customer to ensure they are clear on the recall process. A copy of Frequently Asked Questions will also be uploaded separately, which is part of the briefing."
"24V020","RCMN-24V020-9429.pdf","MORGAN MOTOR COMPANY","SUPER 3","2023","FAQ's that were part of the dealer briefing held 02/22/2024 to help dealers answer any questions from customers once they receive their notice letter."
"24V021","RMISC-24V021-9203.PDF","LODE KING","AHV45-3","2019","This Field Service Bulletin provides the corrective action directions on fixing this issue with the ABS sensor cable connections.  This document will be provided to our dealers and any service facilities that need to carry out this work."
"24V021","RMISC-24V021-6175.pdf","LODE KING","AHV45-3","2019","Letter of notification to NHTSA"
"24V021","RCMN-24V021-9784.pdf","LODE KING","AHV45-3","2019","This letter details the situation regarding Recall 24V021 as it pertains to our dealers."
"24V021","RMISC-24V021-9203.PDF","LODE KING","AHV45-3","2021","This Field Service Bulletin provides the corrective action directions on fixing this issue with the ABS sensor cable connections.  This document will be provided to our dealers and any service facilities that need to carry out this work."
"24V021","RCMN-24V021-9784.pdf","LODE KING","AHV45-3","2021","This letter details the situation regarding Recall 24V021 as it pertains to our dealers."
"24V021","RMISC-24V021-6175.pdf","LODE KING","AHV45-3","2021","Letter of notification to NHTSA"
"24V021","RCMN-24V021-9784.pdf","LODE KING","AHV45-3","2022","This letter details the situation regarding Recall 24V021 as it pertains to our dealers."
"24V021","RMISC-24V021-6175.pdf","LODE KING","AHV45-3","2022","Letter of notification to NHTSA"
"24V021","RMISC-24V021-9203.PDF","LODE KING","AHV45-3","2022","This Field Service Bulletin provides the corrective action directions on fixing this issue with the ABS sensor cable connections.  This document will be provided to our dealers and any service facilities that need to carry out this work."
"24V021","RMISC-24V021-9203.PDF","LODE KING","AHV45-3","2023","This Field Service Bulletin provides the corrective action directions on fixing this issue with the ABS sensor cable connections.  This document will be provided to our dealers and any service facilities that need to carry out this work."
"24V021","RMISC-24V021-6175.pdf","LODE KING","AHV45-3","2023","Letter of notification to NHTSA"
"24V021","RCMN-24V021-9784.pdf","LODE KING","AHV45-3","2023","This letter details the situation regarding Recall 24V021 as it pertains to our dealers."
"24V021","RCMN-24V021-9784.pdf","LODE KING","PRESTIGE","2024","This letter details the situation regarding Recall 24V021 as it pertains to our dealers."
"24V021","RMISC-24V021-9203.PDF","LODE KING","PRESTIGE","2024","This Field Service Bulletin provides the corrective action directions on fixing this issue with the ABS sensor cable connections.  This document will be provided to our dealers and any service facilities that need to carry out this work."
"24V021","RMISC-24V021-6175.pdf","LODE KING","PRESTIGE","2024","Letter of notification to NHTSA"
"24V044","RCSB-24V044-1321.pdf","KENWORTH","L770","2024","Attached bulletin 15-031 provides procedures for replacement of steering gearboxes identified as Suspect in safety bulletin 24PBC / 24V044."
"24V044","RCONL-24V044-5719.pdf","KENWORTH","L770","2024","As-mailed, redacted, customer letter."
"24V044","RCONL-24V044-3554.pdf","KENWORTH","L770","2024","Kenworth Truck Company has determined that a defect, which relates to motor vehicle safety, exists in certain Model Year 2022-2023 T170, T270, T280, T370, T380, T440, T470, T480, T680, T680 NextGen, T800, T880, W900, W990, and C500 chassis built from 06/01/2021 through 06/16/2022. 
The steering gear may have been incorrectly assembled, which could cause the steering gear to fracture, resulting in loss of steering control and increased risk of a crash. In reported instances, the failures have occurred at low speed, high steering angle maneuvers when steering stresses are highest. No audible or visual warning is available.
Kenworth has initiated a recall to remedy the defect in cooperation with R.H. Sheppard. Please contact your Kenworth dealer. To find your Kenworth dealer, please visit Dealer Locator at www.Kenworth.com. The steering gear on your vehicle will be inspected. The inspection will take 1.0 hour. 
If the gear passes inspection (Good or Out of Date Range), no further action is required.
If the gear fails inspection (Suspect), a replacement gear will be ordered and installed. 
Steering gears for this repair may have significant lead time due to supplier capacity and supply chain issues. Coordinate with your dealer to determine expected parts arrival dates and inspection/repair scheduling. Inspecting dealers do not need to be the repairing dealer.
Vehicle owners can contact Sheppard directly for more information about this recall. Call 1-877-409-9869. Representatives are available Monday  Thursday, 8:00 am - 6:00 pm ET and Friday 8:00 am  5:00 pm ET.
When parts arrive at the dealer, the steering gear will be replaced. This  repair may take up to 3.0 hours of additional labor depending on vehicle configuration and dealer scheduling. This repair will be performed at no charge to you."
"24V044","RCSB-24V044-7026.pdf","KENWORTH","L770","2024","Safety Recall
Inspection procedures are available. Steering gear serial numbers must be inspected to determine suspect gears. Certain steering gears may have been assembled incorrectly, causing the gear to fracture. This can cause a loss of steering control, increasing the risk of a crash.
Kenworth Truck Company has decided that a defect, which relates to motor vehicle safety, exists in certain Model Year 2024-2025 T280/T380/T480/T680/T880/W990/L770 chassis. The steering gear may have been incorrectly assembled, which could cause the steering gear to fracture, resulting in loss of steering control and increased risk of a collision.

A steering gear with fewer than the required number of recirculating balls may bind when loads are applied. In some cases, the balls may align on the same side of the gear's worm shaft and concentrated loads may cause the gear's internal parts to fracture, resulting in loss of vehicle steering. Loss of steering increases the likelihood of a crash.

No audible or visual warning is available.

Inspect all affected chassis that enter your dealership, even if the customer has no issue with the chassis."
"24V044","RCMN-24V044-1256.pdf","KENWORTH","L770","2024","This safety recall notice / bulletin informs Peterbilt dealers of the presence of a safety related issue relating to Sheppard steering gears and provides remedial steps. Bulletin was published and made available to dealers on 02/09/2024."
"24V044","RCMN-24V044-4262.pdf","KENWORTH","L770","2024","Safety Recall
Inspection and repair procedures are available. Steering gear serial numbers must be inspected to determine suspect gears. Certain steering gears may have been assembled incorrectly, causing the gear to fracture. This can cause a loss of steering control, increasing the risk of a crash."
"24V044","RCMN-24V044-1319.pdf","KENWORTH","L770","2024","This Bulletin contains parts ordering and replacement procedures for steering gears identified as SUSPECT under 24KWC ONLY.

Steering gears repaired under this bulletin MUST be entered into the Serial Number Tracking Form for 24KWC."
"24V044","RCMN-24V044-7420.pdf","KENWORTH","L770","2024","Bulletin 15-031 details the procedures for replacing steering gears identified as Suspect in the inspection procedures in 24PBC / 24V044."
"24V044","RCSB-24V044-1818.pdf","KENWORTH","L770","2024","This safety recall notice / bulletin informs Peterbilt dealers of the presence of a safety related issue relating to Sheppard steering gears and provides remedial steps."
"24V044","RCSB-24V044-9766.pdf","KENWORTH","L770","2025","This Bulletin contains parts ordering and replacement procedures for steering gears identified as SUSPECT under 24KWC ONLY.

Steering gears repaired under this bulletin MUST be entered into the Serial Number Tracking Form for 24KWC."
"24V044","RCMN-24V044-1256.pdf","KENWORTH","L770","2025","This safety recall notice / bulletin informs Peterbilt dealers of the presence of a safety related issue relating to Sheppard steering gears and provides remedial steps. Bulletin was published and made available to dealers on 02/09/2024."
"24V044","RCONL-24V044-5719.pdf","KENWORTH","L770","2025","As-mailed, redacted, customer letter."
"24V044","RCSB-24V044-1321.pdf","KENWORTH","L770","2025","Attached bulletin 15-031 provides procedures for replacement of steering gearboxes identified as Suspect in safety bulletin 24PBC / 24V044."
"24V044","RCONL-24V044-3554.pdf","KENWORTH","L770","2025","Kenworth Truck Company has determined that a defect, which relates to motor vehicle safety, exists in certain Model Year 2022-2023 T170, T270, T280, T370, T380, T440, T470, T480, T680, T680 NextGen, T800, T880, W900, W990, and C500 chassis built from 06/01/2021 through 06/16/2022. 
The steering gear may have been incorrectly assembled, which could cause the steering gear to fracture, resulting in loss of steering control and increased risk of a crash. In reported instances, the failures have occurred at low speed, high steering angle maneuvers when steering stresses are highest. No audible or visual warning is available.
Kenworth has initiated a recall to remedy the defect in cooperation with R.H. Sheppard. Please contact your Kenworth dealer. To find your Kenworth dealer, please visit Dealer Locator at www.Kenworth.com. The steering gear on your vehicle will be inspected. The inspection will take 1.0 hour. 
If the gear passes inspection (Good or Out of Date Range), no further action is required.
If the gear fails inspection (Suspect), a replacement gear will be ordered and installed. 
Steering gears for this repair may have significant lead time due to supplier capacity and supply chain issues. Coordinate with your dealer to determine expected parts arrival dates and inspection/repair scheduling. Inspecting dealers do not need to be the repairing dealer.
Vehicle owners can contact Sheppard directly for more information about this recall. Call 1-877-409-9869. Representatives are available Monday  Thursday, 8:00 am - 6:00 pm ET and Friday 8:00 am  5:00 pm ET.
When parts arrive at the dealer, the steering gear will be replaced. This  repair may take up to 3.0 hours of additional labor depending on vehicle configuration and dealer scheduling. This repair will be performed at no charge to you."
"24V044","RCMN-24V044-7420.pdf","KENWORTH","L770","2025","Bulletin 15-031 details the procedures for replacing steering gears identified as Suspect in the inspection procedures in 24PBC / 24V044."
"24V044","RCSB-24V044-7026.pdf","KENWORTH","L770","2025","Safety Recall
Inspection procedures are available. Steering gear serial numbers must be inspected to determine suspect gears. Certain steering gears may have been assembled incorrectly, causing the gear to fracture. This can cause a loss of steering control, increasing the risk of a crash.
Kenworth Truck Company has decided that a defect, which relates to motor vehicle safety, exists in certain Model Year 2024-2025 T280/T380/T480/T680/T880/W990/L770 chassis. The steering gear may have been incorrectly assembled, which could cause the steering gear to fracture, resulting in loss of steering control and increased risk of a collision.

A steering gear with fewer than the required number of recirculating balls may bind when loads are applied. In some cases, the balls may align on the same side of the gear's worm shaft and concentrated loads may cause the gear's internal parts to fracture, resulting in loss of vehicle steering. Loss of steering increases the likelihood of a crash.

No audible or visual warning is available.

Inspect all affected chassis that enter your dealership, even if the customer has no issue with the chassis."
"24V044","RCSB-24V044-3785.pdf","KENWORTH","L770","2025","Safety Recall
Inspection and repair procedures are available. Steering gear serial numbers must be inspected to determine suspect gears. Certain steering gears may have been assembled incorrectly, causing the gear to fracture. This can cause a loss of steering control, increasing the risk of a crash."
"24V044","RCSB-24V044-1818.pdf","KENWORTH","L770","2025","This safety recall notice / bulletin informs Peterbilt dealers of the presence of a safety related issue relating to Sheppard steering gears and provides remedial steps."
"24V044","RCONL-24V044-5719.pdf","KENWORTH","T280","2024","As-mailed, redacted, customer letter."
"24V044","RCSB-24V044-9766.pdf","KENWORTH","T280","2024","This Bulletin contains parts ordering and replacement procedures for steering gears identified as SUSPECT under 24KWC ONLY.

Steering gears repaired under this bulletin MUST be entered into the Serial Number Tracking Form for 24KWC."
"24V044","RCSB-24V044-1818.pdf","KENWORTH","T280","2024","This safety recall notice / bulletin informs Peterbilt dealers of the presence of a safety related issue relating to Sheppard steering gears and provides remedial steps."
"24V044","RCMN-24V044-1256.pdf","KENWORTH","T280","2024","This safety recall notice / bulletin informs Peterbilt dealers of the presence of a safety related issue relating to Sheppard steering gears and provides remedial steps. Bulletin was published and made available to dealers on 02/09/2024."
"24V044","RCMN-24V044-4262.pdf","KENWORTH","T280","2024","Safety Recall
Inspection and repair procedures are available. Steering gear serial numbers must be inspected to determine suspect gears. Certain steering gears may have been assembled incorrectly, causing the gear to fracture. This can cause a loss of steering control, increasing the risk of a crash."
"24V044","RCMN-24V044-4632.pdf","KENWORTH","T280","2024","Safety Recall
Inspection procedures are available. Steering gear serial numbers must be inspected to determine suspect gears. Certain steering gears may have been assembled incorrectly, causing the gear to fracture. This can cause a loss of steering control, increasing the risk of a crash.
Kenworth Truck Company has decided that a defect, which relates to motor vehicle safety, exists in certain Model Year 2024-2025 T280/T380/T480/T680/T880/W990/L770 chassis. The steering gear may have been incorrectly assembled, which could cause the steering gear to fracture, resulting in loss of steering control and increased risk of a collision.

A steering gear with fewer than the required number of recirculating balls may bind when loads are applied. In some cases, the balls may align on the same side of the gear's worm shaft and concentrated loads may cause the gear's internal parts to fracture, resulting in loss of vehicle steering. Loss of steering increases the likelihood of a crash.

No audible or visual warning is available.

Inspect all affected chassis that enter your dealership, even if the customer has no issue with the chassis."
"24V044","RCMN-24V044-7420.pdf","KENWORTH","T280","2024","Bulletin 15-031 details the procedures for replacing steering gears identified as Suspect in the inspection procedures in 24PBC / 24V044."
"24V122","RCRIT-24V122-5863.pdf","MACK","GRANITE (GR)","2022","On certain vehicles, the air volume calculation for system air is 3% below the FMVSS 121 required ""12 times the combined volume of all service brake chambers"". The risk is a vehicle crash that may result in personal injury."
"24V122","RCONL-24V122-8328.pdf","MACK","GRANITE (GR)","2023","On certain vehicles, the air volume calculation for system air is 3% below the FMVSS 121 required ""12 times the combined volume of all service brake chambers"". The risk is a vehicle crash that may result in personal injury."
"24V122","RCMN-24V122-1694.pdf","MACK","GRANITE (GR)","2024","On certain vehicles, the air volume calculation for system air is 3% below the FMVSS 121 required ""12 times the combined volume of all service brake chambers"". The risk is a vehicle crash that may result in personal injury."
"24V139","RCMN-24V139-8123.pdf","BMW","XM","2024","Manufacturer Notices to Dealers"
"24V139","RCONL-24V139-7455.pdf","BMW","XM","2024","ONL"
"24V139","RCRIT-24V139-1335.pdf","BMW","XM","2024","Remedy Instructions and TSB"
"24V139","RMISC-24V139-4887.pdf","BMW","XM","2024","Miscellaneous Document"
"24V140","RCONL-24V140-3201.pdf","FORD","MAVERICK","2022","24C01 Owner letter.  Mailed March 26, 2024"
"24V140","RCRN-24V140-2811.pdf","FORD","MAVERICK","2022","24C01 Renotification.  Mailed July 30, 2024"
"24V140","RCMN-24V140-4066.pdf","FORD","MAVERICK","2022","NEW VEHICLE DEMONSTRATION / DELIVERY HOLD
Compliance Recall 24C01
Certain 2022-2023 Model Year Maverick
Instrument Panel Cluster (IPC) Illumination"
"24V140","RCONL-24V140-3201.pdf","FORD","MAVERICK","2023","24C01 Owner letter.  Mailed March 26, 2024"
"24V140","RCMN-24V140-4066.pdf","FORD","MAVERICK","2023","NEW VEHICLE DEMONSTRATION / DELIVERY HOLD
Compliance Recall 24C01
Certain 2022-2023 Model Year Maverick
Instrument Panel Cluster (IPC) Illumination"
"24V140","RCRN-24V140-2811.pdf","FORD","MAVERICK","2023","24C01 Renotification.  Mailed July 30, 2024"
"24V164","RIONL-24V164-3852.pdf","INTERNATIONAL","HV","2025","Interim Owner Notice for Navistar Safety Recall 24505."
"24V164","RCRIT-24V164-7799.pdf","INTERNATIONAL","HV","2025","Service Procedure for 24505"
"24V164","RIONL-24V164-5370.pdf","INTERNATIONAL","HV","2025","Interim Owner Notification Letter (Part 577)"
"24V164","RCMN-24V164-7917.pdf","INTERNATIONAL","HV","2025","Dealer Service Procedure for Navistar Safety Recall Interim Notice 24505."
"24V164","RIONL-24V164-5370.pdf","INTERNATIONAL","HX","2025","Interim Owner Notification Letter (Part 577)"
"24V164","RCMN-24V164-7917.pdf","INTERNATIONAL","HX","2025","Dealer Service Procedure for Navistar Safety Recall Interim Notice 24505."
"24V164","RCRIT-24V164-7799.pdf","INTERNATIONAL","HX","2025","Service Procedure for 24505"
"24V164","RIONL-24V164-3852.pdf","INTERNATIONAL","HX","2025","Interim Owner Notice for Navistar Safety Recall 24505."
"24V164","RCMN-24V164-7917.pdf","INTERNATIONAL","LT","2025","Dealer Service Procedure for Navistar Safety Recall Interim Notice 24505."
"24V164","RIONL-24V164-5370.pdf","INTERNATIONAL","LT","2025","Interim Owner Notification Letter (Part 577)"
"24V164","RIONL-24V164-3852.pdf","INTERNATIONAL","LT","2025","Interim Owner Notice for Navistar Safety Recall 24505."
"24V164","RCRIT-24V164-7799.pdf","INTERNATIONAL","LT","2025","Service Procedure for 24505"
"24V164","RIONL-24V164-5370.pdf","INTERNATIONAL","MV","2025","Interim Owner Notification Letter (Part 577)"
"24V164","RCMN-24V164-7917.pdf","INTERNATIONAL","MV","2025","Dealer Service Procedure for Navistar Safety Recall Interim Notice 24505."
"24V164","RCRIT-24V164-7799.pdf","INTERNATIONAL","MV","2025","Service Procedure for 24505"
"24V164","RIONL-24V164-3852.pdf","INTERNATIONAL","MV","2025","Interim Owner Notice for Navistar Safety Recall 24505."
"24V173","RMISC-24V173-0134.pdf","FARADAY FUTURE","FF-91 ALLIANCE","2023","FAQs for Faraday Future Safety Recall 24-90-32-01: Airbag Telltale Light May Not Illuminate in Case of a Malfunction"
"24V173","RCONL-24V173-2389.pdf","FARADAY FUTURE","FF-91 ALLIANCE","2023","Customer letter that will be mailed to owners advising them of the recall."
"24V173","RONE-24V173-8861.pdf","FARADAY FUTURE","FF-91 ALLIANCE","2023","Final recall envelope"
"24V176","RCRIT-24V176-8132.pdf","INFINITI","QX60","2024","VOLUNTARY SAFETY RECALL CAMPAIGN
2024 PATHFINDER; DRIVER SEATBELT PRE-TENSIONER

INTRODUCTION
Nissan is conducting this voluntary safety recall campaign on certain specific model year
2024 Pathfinder vehicles to inspect and, if necessary, replace the driver seatbelt pretensioner.
This service will be performed at no charge to the customer for parts or labor.
IDENTIFICATION NUMBER
Nissan has assigned identification number PD106 to this campaign. This number must
appear on all communication and documentation of any nature dealing with this campaign.
DEALER RESPONSIBILITY
It is the dealers responsibility to check Service COMM or Dealer Business Systems (DBS)
National Service History for the campaign status on each vehicle falling within the range of
this voluntary safety recall which for any reason enters the service department. This
includes vehicles purchased from private parties or presented by transient (tourist) owners
and vehicles in a dealers inventory. Federal law requires that new vehicles in dealer
inventory which are the subject of a safety recall must be corrected prior to sale.
Failure to do so can result in civil penalties by the National Highway Traffic Safety
Administration. While federal law applies only to new vehicles, Nissan strongly
encourages dealers to correct any used vehicles in their inventory before they are retailed."
"24V176","RCRIT-24V176-4629.pdf","INFINITI","QX60","2024","VOLUNTARY SAFETY RECALL CAMPAIGN
2024 QX60; DRIVER SEATBELT PRETENSIONER

INTRODUCTION
Infiniti is conducting this voluntary safety recall campaign on certain specific model year
2024 QX60 vehicles to inspect and, if necessary, replace the driver seatbelt pretensioner.
This service will be performed at no charge to the client for parts or labor.
IDENTIFICATION NUMBER
Infiniti has assigned identification number PD107 to this campaign. This number must
appear on all communication and documentation of any nature dealing with this campaign.
DEALER RESPONSIBILITY
It is the retailers responsibility to check Service COMM or Dealer Business Systems (DBS)
National Service History for the campaign status on each vehicle falling within the range of
this voluntary safety recall which for any reason enters the service department. This
includes vehicles purchased from private parties or presented by transient (tourist) clients
and vehicles in a retailers inventory. Federal law requires that new vehicles in retailer
inventory which are the subject of a safety recall must be corrected prior to sale.
Failure to do so can result in civil penalties by the National Highway Traffic Safety
Administration. While federal law applies only to new vehicles, Infiniti strongly
encourages retailers to correct any used vehicles in their inventory before they are retailed."
"24V176","RCMN-24V176-0332.pdf","INFINITI","QX60","2024","Front Seat Belt Lap Pre-Tensioner
Voluntary Recall Campaign

REVISION 1
Please discard earlier versions of this bulletin.
The announcement from March 6, 2024 has been revised to include the following update:
 Parts replaced under this activity are being placed on parts collection. Parts requested are VIN and repair order specific. It is important for dealers to return parts applicable to the VIN and repair order identified."
"24V176","RCMN-24V176-5927.pdf","INFINITI","QX60","2024","Front Seat Belt Lap Pre-Tensioner
Voluntary Recall Campaign

***** Campaign Summary *****
Nissan is committed to the safety and security of our customers and their passengers. Nissan has notified the National Highway Traffic Safety Administration (NHTSA) that it is issuing a recall for specific model year 2024 Nissan Pathfinder vehicles.
Due to a supplier production issue that has since been corrected, the left side front seat belt may be missing a rivet in the lap belt pre-tensioner assembly. If the rivet is missing, the occupant may not be restrained as intended during a collision and will not meet certain requirements of Federal Motor Vehicle Safety Standard (FMVSS) No. 208, Occupant Crash Protection; FMVSS No. 209, Seat Belt Assemblies; and FMVSS No. 210, Seat Belt Assembly Anchorages, increasing the risk of injury in a crash.
Dealers will inspect the left side front seat belt assembly for the presence of the lap belt pre-tensioner rivet. If the rivet is missing, the left side front lap belt pre-tensioner will be replaced with a new one.
***** What Dealers Should Do****
1. Verify if vehicles are affected by this Voluntary Recall using Service Comm or DBS National Service history  Open Campaign I.D. PD106
2. Dealers must not sell, lease, trade, rent or loan any vehicles in dealer inventory subject to this recall campaign until after the vehicle has been remedied.
3. If a retailed vehicle affected by this Campaign ID visits the dealer for service, the dealer should use NTB24-021 to remedy any vehicles subject to this campaign.
4. Once repaired, dealers should submit the claim using the claims coding provided, and release the vehicle."
"24V176","RCMN-24V176-2281.pdf","INFINITI","QX60","2024","Front Seat Belt Lap Pre-Tensioner
Voluntary Recall Campaign

REVISION 1
Please discard earlier versions of this bulletin.
The announcement from March 6, 2024 has been revised to include the following update:
 Parts replaced under this activity are being placed on parts collection. Parts requested are VIN and repair order specific. It is important for retailers to return parts applicable to the VIN and repair order identified."
"24V176","RCMN-24V176-7924.pdf","INFINITI","QX60","2024","Front Seat Belt Lap Pre-Tensioner
Voluntary Recall Campaign

***** Campaign Summary *****
INFINITI is committed to the safety and security of our clients and their passengers. INFINITI has notified the National Highway Traffic Safety Administration (NHTSA) that it is recalling specific 2024 INFINITI QX60 vehicles.
Due to a supplier production issue that has since been corrected, the left side front seat belt may be missing a rivet in the lap belt pre-tensioner assembly. If the rivet is missing, the occupant may not be restrained as intended during a collision and will not meet certain requirements of Federal Motor Vehicle Safety Standard (FMVSS) No. 208, Occupant Crash Protection; FMVSS No. 209, Seat Belt Assemblies; and FMVSS No. 210, Seat Belt Assembly Anchorages, increasing the risk of injury in a crash.
Retailers will inspect the left side front seat belt assembly for the presence of the lap belt pre-tensioner rivet. If the rivet is missing, the left side front lap belt pre-tensioner will be replaced with a new one.
***** What Retailers Should Do *****
1. Verify if vehicles are affected by this Voluntary Recall Campaign using Service Comm or DBS National Service History  Open Campaign I.D. PD107
*  Refer to IPSB15-286 for additional information.
2. Retailers must not sell, lease, trade, rent or loan any vehicles in retailer inventory affected by this recall campaign until after the vehicle has been remedied.
3. If a retailed vehicle affected by this Campaign ID visits the retailer for service, the retailer should use ITB24-004 to remedy any vehicles subject to this campaign.
4. Once remedied, retailers should submit the claim using the claims coding provided and release the vehicle."
"24V176","RCMN-24V176-2281.pdf","NISSAN","PATHFINDER","2024","Front Seat Belt Lap Pre-Tensioner
Voluntary Recall Campaign

REVISION 1
Please discard earlier versions of this bulletin.
The announcement from March 6, 2024 has been revised to include the following update:
 Parts replaced under this activity are being placed on parts collection. Parts requested are VIN and repair order specific. It is important for retailers to return parts applicable to the VIN and repair order identified."
"24V176","RCMN-24V176-0332.pdf","NISSAN","PATHFINDER","2024","Front Seat Belt Lap Pre-Tensioner
Voluntary Recall Campaign

REVISION 1
Please discard earlier versions of this bulletin.
The announcement from March 6, 2024 has been revised to include the following update:
 Parts replaced under this activity are being placed on parts collection. Parts requested are VIN and repair order specific. It is important for dealers to return parts applicable to the VIN and repair order identified."
"24V176","RCMN-24V176-5927.pdf","NISSAN","PATHFINDER","2024","Front Seat Belt Lap Pre-Tensioner
Voluntary Recall Campaign

***** Campaign Summary *****
Nissan is committed to the safety and security of our customers and their passengers. Nissan has notified the National Highway Traffic Safety Administration (NHTSA) that it is issuing a recall for specific model year 2024 Nissan Pathfinder vehicles.
Due to a supplier production issue that has since been corrected, the left side front seat belt may be missing a rivet in the lap belt pre-tensioner assembly. If the rivet is missing, the occupant may not be restrained as intended during a collision and will not meet certain requirements of Federal Motor Vehicle Safety Standard (FMVSS) No. 208, Occupant Crash Protection; FMVSS No. 209, Seat Belt Assemblies; and FMVSS No. 210, Seat Belt Assembly Anchorages, increasing the risk of injury in a crash.
Dealers will inspect the left side front seat belt assembly for the presence of the lap belt pre-tensioner rivet. If the rivet is missing, the left side front lap belt pre-tensioner will be replaced with a new one.
***** What Dealers Should Do****
1. Verify if vehicles are affected by this Voluntary Recall using Service Comm or DBS National Service history  Open Campaign I.D. PD106
2. Dealers must not sell, lease, trade, rent or loan any vehicles in dealer inventory subject to this recall campaign until after the vehicle has been remedied.
3. If a retailed vehicle affected by this Campaign ID visits the dealer for service, the dealer should use NTB24-021 to remedy any vehicles subject to this campaign.
4. Once repaired, dealers should submit the claim using the claims coding provided, and release the vehicle."
"24V176","RCRIT-24V176-4629.pdf","NISSAN","PATHFINDER","2024","VOLUNTARY SAFETY RECALL CAMPAIGN
2024 QX60; DRIVER SEATBELT PRETENSIONER

INTRODUCTION
Infiniti is conducting this voluntary safety recall campaign on certain specific model year
2024 QX60 vehicles to inspect and, if necessary, replace the driver seatbelt pretensioner.
This service will be performed at no charge to the client for parts or labor.
IDENTIFICATION NUMBER
Infiniti has assigned identification number PD107 to this campaign. This number must
appear on all communication and documentation of any nature dealing with this campaign.
DEALER RESPONSIBILITY
It is the retailers responsibility to check Service COMM or Dealer Business Systems (DBS)
National Service History for the campaign status on each vehicle falling within the range of
this voluntary safety recall which for any reason enters the service department. This
includes vehicles purchased from private parties or presented by transient (tourist) clients
and vehicles in a retailers inventory. Federal law requires that new vehicles in retailer
inventory which are the subject of a safety recall must be corrected prior to sale.
Failure to do so can result in civil penalties by the National Highway Traffic Safety
Administration. While federal law applies only to new vehicles, Infiniti strongly
encourages retailers to correct any used vehicles in their inventory before they are retailed."
"24V176","RCMN-24V176-7924.pdf","NISSAN","PATHFINDER","2024","Front Seat Belt Lap Pre-Tensioner
Voluntary Recall Campaign

***** Campaign Summary *****
INFINITI is committed to the safety and security of our clients and their passengers. INFINITI has notified the National Highway Traffic Safety Administration (NHTSA) that it is recalling specific 2024 INFINITI QX60 vehicles.
Due to a supplier production issue that has since been corrected, the left side front seat belt may be missing a rivet in the lap belt pre-tensioner assembly. If the rivet is missing, the occupant may not be restrained as intended during a collision and will not meet certain requirements of Federal Motor Vehicle Safety Standard (FMVSS) No. 208, Occupant Crash Protection; FMVSS No. 209, Seat Belt Assemblies; and FMVSS No. 210, Seat Belt Assembly Anchorages, increasing the risk of injury in a crash.
Retailers will inspect the left side front seat belt assembly for the presence of the lap belt pre-tensioner rivet. If the rivet is missing, the left side front lap belt pre-tensioner will be replaced with a new one.
***** What Retailers Should Do *****
1. Verify if vehicles are affected by this Voluntary Recall Campaign using Service Comm or DBS National Service History  Open Campaign I.D. PD107
*  Refer to IPSB15-286 for additional information.
2. Retailers must not sell, lease, trade, rent or loan any vehicles in retailer inventory affected by this recall campaign until after the vehicle has been remedied.
3. If a retailed vehicle affected by this Campaign ID visits the retailer for service, the retailer should use ITB24-004 to remedy any vehicles subject to this campaign.
4. Once remedied, retailers should submit the claim using the claims coding provided and release the vehicle."
"24V176","RCRIT-24V176-8132.pdf","NISSAN","PATHFINDER","2024","VOLUNTARY SAFETY RECALL CAMPAIGN
2024 PATHFINDER; DRIVER SEATBELT PRE-TENSIONER

INTRODUCTION
Nissan is conducting this voluntary safety recall campaign on certain specific model year
2024 Pathfinder vehicles to inspect and, if necessary, replace the driver seatbelt pretensioner.
This service will be performed at no charge to the customer for parts or labor.
IDENTIFICATION NUMBER
Nissan has assigned identification number PD106 to this campaign. This number must
appear on all communication and documentation of any nature dealing with this campaign.
DEALER RESPONSIBILITY
It is the dealers responsibility to check Service COMM or Dealer Business Systems (DBS)
National Service History for the campaign status on each vehicle falling within the range of
this voluntary safety recall which for any reason enters the service department. This
includes vehicles purchased from private parties or presented by transient (tourist) owners
and vehicles in a dealers inventory. Federal law requires that new vehicles in dealer
inventory which are the subject of a safety recall must be corrected prior to sale.
Failure to do so can result in civil penalties by the National Highway Traffic Safety
Administration. While federal law applies only to new vehicles, Nissan strongly
encourages dealers to correct any used vehicles in their inventory before they are retailed."
"24V215","RIONL-24V215-3123.pdf","PORSCHE","TAYCAN","2021","Redacted copy of interim customer letter is attached."
"24V215","RCRIT-24V215-4585.pdf","PORSCHE","TAYCAN","2021","Copy of TSB is attached."
"24V215","RCMN-24V215-9602.pdf","PORSCHE","TAYCAN","2021","Copy of Manufacturer Notice to Dealers is attached."
"24V215","RCONL-24V215-2681.pdf","PORSCHE","TAYCAN","2021","Redacted copy of final owner notification is attached."
"24V215","RONE-24V215-3928.pdf","PORSCHE","TAYCAN","2021","Redacted Copy of final notification envelope is attached."
"24V215","RIONL-24V215-3123.pdf","PORSCHE","TAYCAN","2022","Redacted copy of interim customer letter is attached."
"24V215","RONE-24V215-3928.pdf","PORSCHE","TAYCAN","2022","Redacted Copy of final notification envelope is attached."
"24V215","RCRIT-24V215-4585.pdf","PORSCHE","TAYCAN","2022","Copy of TSB is attached."
"24V215","RCONL-24V215-2681.pdf","PORSCHE","TAYCAN","2022","Redacted copy of final owner notification is attached."
"24V215","RCMN-24V215-9602.pdf","PORSCHE","TAYCAN","2022","Copy of Manufacturer Notice to Dealers is attached."
"24V215","RCONL-24V215-2681.pdf","PORSCHE","TAYCAN","2023","Redacted copy of final owner notification is attached."
"24V215","RIONL-24V215-3123.pdf","PORSCHE","TAYCAN","2023","Redacted copy of interim customer letter is attached."
"24V215","RCMN-24V215-9602.pdf","PORSCHE","TAYCAN","2023","Copy of Manufacturer Notice to Dealers is attached."
"24V215","RCRIT-24V215-4585.pdf","PORSCHE","TAYCAN","2023","Copy of TSB is attached."
"24V215","RONE-24V215-3928.pdf","PORSCHE","TAYCAN","2023","Redacted Copy of final notification envelope is attached."
"24V215","RONE-24V215-3928.pdf","PORSCHE","TAYCAN 4 CROSS TURISMO","2021","Redacted Copy of final notification envelope is attached."
"24V215","RIONL-24V215-3123.pdf","PORSCHE","TAYCAN 4 CROSS TURISMO","2021","Redacted copy of interim customer letter is attached."
"24V215","RCRIT-24V215-4585.pdf","PORSCHE","TAYCAN 4 CROSS TURISMO","2021","Copy of TSB is attached."
"24V215","RCMN-24V215-9602.pdf","PORSCHE","TAYCAN 4 CROSS TURISMO","2021","Copy of Manufacturer Notice to Dealers is attached."
"24V215","RCONL-24V215-2681.pdf","PORSCHE","TAYCAN 4 CROSS TURISMO","2021","Redacted copy of final owner notification is attached."
"24V215","RCRIT-24V215-4585.pdf","PORSCHE","TAYCAN 4 CROSS TURISMO","2022","Copy of TSB is attached."
"24V215","RONE-24V215-3928.pdf","PORSCHE","TAYCAN 4 CROSS TURISMO","2022","Redacted Copy of final notification envelope is attached."
"24V215","RIONL-24V215-3123.pdf","PORSCHE","TAYCAN 4 CROSS TURISMO","2022","Redacted copy of interim customer letter is attached."
"24V215","RCONL-24V215-2681.pdf","PORSCHE","TAYCAN 4 CROSS TURISMO","2022","Redacted copy of final owner notification is attached."
"24V215","RCMN-24V215-9602.pdf","PORSCHE","TAYCAN 4 CROSS TURISMO","2022","Copy of Manufacturer Notice to Dealers is attached."
"24V217","RIONL-24V217-8311.pdf","PORSCHE","TAYCAN","2021","Redacted copy of interim customer letter is attached."
"24V217","RCRIT-24V217-5724.pdf","PORSCHE","TAYCAN","2021","Copy of remedy instructions is attached."
"24V217","RCONL-24V217-1578.pdf","PORSCHE","TAYCAN","2021","Redacted copy of final owner notification is attached."
"24V217","RCMN-24V217-4119.pdf","PORSCHE","TAYCAN","2021","Copy of Manufacturer Notice to Dealers is attached."
"24V217","RONE-24V217-1211.pdf","PORSCHE","TAYCAN","2021","Redacted copy of final owner envelope is attached."
"24V217","RIONL-24V217-8311.pdf","PORSCHE","TAYCAN","2022","Redacted copy of interim customer letter is attached."
"24V217","RCONL-24V217-1578.pdf","PORSCHE","TAYCAN","2022","Redacted copy of final owner notification is attached."
"24V217","RCMN-24V217-4119.pdf","PORSCHE","TAYCAN","2022","Copy of Manufacturer Notice to Dealers is attached."
"24V217","RONE-24V217-1211.pdf","PORSCHE","TAYCAN","2022","Redacted copy of final owner envelope is attached."
"24V217","RCRIT-24V217-5724.pdf","PORSCHE","TAYCAN","2022","Copy of remedy instructions is attached."
"24V217","RCONL-24V217-1578.pdf","PORSCHE","TAYCAN","2023","Redacted copy of final owner notification is attached."
"24V217","RCMN-24V217-4119.pdf","PORSCHE","TAYCAN","2023","Copy of Manufacturer Notice to Dealers is attached."
"24V217","RIONL-24V217-8311.pdf","PORSCHE","TAYCAN","2023","Redacted copy of interim customer letter is attached."
"24V217","RCRIT-24V217-5724.pdf","PORSCHE","TAYCAN","2023","Copy of remedy instructions is attached."
"24V217","RONE-24V217-1211.pdf","PORSCHE","TAYCAN","2023","Redacted copy of final owner envelope is attached."
"24V217","RCONL-24V217-1578.pdf","PORSCHE","TAYCAN","2024","Redacted copy of final owner notification is attached."
"24V217","RIONL-24V217-8311.pdf","PORSCHE","TAYCAN","2024","Redacted copy of interim customer letter is attached."
"24V217","RCMN-24V217-4119.pdf","PORSCHE","TAYCAN","2024","Copy of Manufacturer Notice to Dealers is attached."
"24V217","RONE-24V217-1211.pdf","PORSCHE","TAYCAN","2024","Redacted copy of final owner envelope is attached."
"24V217","RCRIT-24V217-5724.pdf","PORSCHE","TAYCAN","2024","Copy of remedy instructions is attached."
"24V217","RIONL-24V217-8311.pdf","PORSCHE","TAYCAN 4 CROSS TURISMO","2021","Redacted copy of interim customer letter is attached."
"24V217","RCRIT-24V217-5724.pdf","PORSCHE","TAYCAN 4 CROSS TURISMO","2021","Copy of remedy instructions is attached."
"24V217","RCONL-24V217-1578.pdf","PORSCHE","TAYCAN 4 CROSS TURISMO","2021","Redacted copy of final owner notification is attached."
"24V217","RCMN-24V217-4119.pdf","PORSCHE","TAYCAN 4 CROSS TURISMO","2021","Copy of Manufacturer Notice to Dealers is attached."
"24V217","RONE-24V217-1211.pdf","PORSCHE","TAYCAN 4 CROSS TURISMO","2021","Redacted copy of final owner envelope is attached."
"24V233","RCMN-24V233-3360.pdf","KENWORTH","T280","2025","Interim manufacturer notice to dealers informs dealers of the presence of a safety related issue and that parts and repair procedures are not currently available."
"24V233","RCMN-24V233-6284.pdf","KENWORTH","T280","2025","Bulletin 15-032 provides dealers with the procedures for ordering all necessary parts and repair procedures for Steering Gear replacement."
"24V233","RCMN-24V233-7469.pdf","KENWORTH","T280","2025","Final version of Safety Recall 24PBF informs dealers that parts and repair procedures are now available."
"24V233","RCONL-24V233-7016.pdf","KENWORTH","T280","2025","Final Customer Letter, letting customers know the fix is now available."
"24V233","RCSB-24V233-4345.pdf","KENWORTH","T280","2025","Final version of safety recall 24PBF informs dealers that parts and repair procedures are now available."
"24V233","RCSB-24V233-1573.pdf","KENWORTH","T280","2025","Interim safety bulletin informs dealers of the presence of a safety related issue and that parts and repair procedures are not currently available."
"24V233","RCSB-24V233-4345.pdf","KENWORTH","T380","2025","Final version of safety recall 24PBF informs dealers that parts and repair procedures are now available."
"24V233","RCSB-24V233-6702.pdf","KENWORTH","T380","2025","Bulletin 15-032 provides dealers with the procedures for ordering all necessary parts and repair procedures for Steering Gear replacement."
"24V233","RCMN-24V233-3360.pdf","KENWORTH","T380","2025","Interim manufacturer notice to dealers informs dealers of the presence of a safety related issue and that parts and repair procedures are not currently available."
"24V233","RCSB-24V233-1573.pdf","KENWORTH","T380","2025","Interim safety bulletin informs dealers of the presence of a safety related issue and that parts and repair procedures are not currently available."
"24V233","RCONL-24V233-7016.pdf","KENWORTH","T380","2025","Final Customer Letter, letting customers know the fix is now available."
"24V233","RCMN-24V233-7469.pdf","KENWORTH","T380","2025","Final version of Safety Recall 24PBF informs dealers that parts and repair procedures are now available."
"24V233","RCMN-24V233-6284.pdf","KENWORTH","T480","2025","Bulletin 15-032 provides dealers with the procedures for ordering all necessary parts and repair procedures for Steering Gear replacement."
"24V233","RCMN-24V233-7469.pdf","KENWORTH","T480","2025","Final version of Safety Recall 24PBF informs dealers that parts and repair procedures are now available."
"24V233","RCONL-24V233-7016.pdf","KENWORTH","T480","2025","Final Customer Letter, letting customers know the fix is now available."
"24V233","RCSB-24V233-1573.pdf","KENWORTH","T480","2025","Interim safety bulletin informs dealers of the presence of a safety related issue and that parts and repair procedures are not currently available."
"24V233","RCSB-24V233-4345.pdf","KENWORTH","T480","2025","Final version of safety recall 24PBF informs dealers that parts and repair procedures are now available."
"24V233","RCMN-24V233-3360.pdf","KENWORTH","T480","2025","Interim manufacturer notice to dealers informs dealers of the presence of a safety related issue and that parts and repair procedures are not currently available."
"24V233","RCMN-24V233-3360.pdf","KENWORTH","T680","2025","Interim manufacturer notice to dealers informs dealers of the presence of a safety related issue and that parts and repair procedures are not currently available."
"24V233","RCSB-24V233-1573.pdf","KENWORTH","T680","2025","Interim safety bulletin informs dealers of the presence of a safety related issue and that parts and repair procedures are not currently available."
"24V233","RCSB-24V233-4345.pdf","KENWORTH","T680","2025","Final version of safety recall 24PBF informs dealers that parts and repair procedures are now available."
"24V233","RCMN-24V233-6284.pdf","KENWORTH","T680","2025","Bulletin 15-032 provides dealers with the procedures for ordering all necessary parts and repair procedures for Steering Gear replacement."
"24V233","RCMN-24V233-7469.pdf","KENWORTH","T680","2025","Final version of Safety Recall 24PBF informs dealers that parts and repair procedures are now available."
"24V233","RCONL-24V233-7016.pdf","KENWORTH","T680","2025","Final Customer Letter, letting customers know the fix is now available."
"24V233","RCONL-24V233-7016.pdf","KENWORTH","T880","2025","Final Customer Letter, letting customers know the fix is now available."
"24V251","RCMN-24V251-5141.pdf","AUDI","A3","2023","Advance recall notice to dealers"
"24V251","RCONL-24V251-1879.pdf","AUDI","A3","2023","Owner letter - recall remedy available USA. There were no Puerto Rico owners, therefore only the English owner letter is being uploaded. Thank you."
"24V251","RCMN-24V251-6427.pdf","AUDI","A3","2023","Dealer notice - recall remedy available"
"24V251","RCRIT-24V251-1553.pdf","AUDI","A3","2023","Recall remedy instructions for dealers"
"24V251","RCONL-24V251-1879.pdf","AUDI","A4 ALLROAD","2023","Owner letter - recall remedy available USA. There were no Puerto Rico owners, therefore only the English owner letter is being uploaded. Thank you."
"24V251","RCMN-24V251-6427.pdf","AUDI","A4 ALLROAD","2023","Dealer notice - recall remedy available"
"24V251","RCRIT-24V251-1553.pdf","AUDI","A4 ALLROAD","2023","Recall remedy instructions for dealers"
"24V251","RCMN-24V251-5141.pdf","AUDI","A4 ALLROAD","2023","Advance recall notice to dealers"
"24V251","RCRIT-24V251-1553.pdf","AUDI","A8","2024","Recall remedy instructions for dealers"
"24V251","RCMN-24V251-5141.pdf","AUDI","A8","2024","Advance recall notice to dealers"
"24V251","RCMN-24V251-6427.pdf","AUDI","A8","2024","Dealer notice - recall remedy available"
"24V251","RCONL-24V251-1879.pdf","AUDI","A8","2024","Owner letter - recall remedy available USA. There were no Puerto Rico owners, therefore only the English owner letter is being uploaded. Thank you."
"24V251","RCRIT-24V251-1553.pdf","AUDI","E-TRON","2024","Recall remedy instructions for dealers"
"24V251","RCMN-24V251-6427.pdf","AUDI","E-TRON","2024","Dealer notice - recall remedy available"
"24V251","RCMN-24V251-5141.pdf","AUDI","E-TRON","2024","Advance recall notice to dealers"
"24V251","RCONL-24V251-1879.pdf","AUDI","E-TRON","2024","Owner letter - recall remedy available USA. There were no Puerto Rico owners, therefore only the English owner letter is being uploaded. Thank you."
"24V251","RCONL-24V251-1879.pdf","AUDI","Q3","2023","Owner letter - recall remedy available USA. There were no Puerto Rico owners, therefore only the English owner letter is being uploaded. Thank you."
"24V251","RCMN-24V251-6427.pdf","AUDI","Q3","2023","Dealer notice - recall remedy available"
"24V251","RCMN-24V251-5141.pdf","AUDI","Q3","2023","Advance recall notice to dealers"
"24V251","RCRIT-24V251-1553.pdf","AUDI","Q3","2023","Recall remedy instructions for dealers"
"24V251","RCMN-24V251-6427.pdf","AUDI","Q3","2024","Dealer notice - recall remedy available"
"24V251","RCONL-24V251-1879.pdf","AUDI","Q3","2024","Owner letter - recall remedy available USA. There were no Puerto Rico owners, therefore only the English owner letter is being uploaded. Thank you."
"24V251","RCMN-24V251-5141.pdf","AUDI","Q3","2024","Advance recall notice to dealers"
"24V251","RCRIT-24V251-1553.pdf","AUDI","Q3","2024","Recall remedy instructions for dealers"
"24V251","RCONL-24V251-1879.pdf","AUDI","Q5","2023","Owner letter - recall remedy available USA. There were no Puerto Rico owners, therefore only the English owner letter is being uploaded. Thank you."
"24V339","RCMN-24V339-4639.pdf","CLIPPER TOWABLE","CWT162RBU","2022","DEALER LETTER FOR RECALL 24V339"
"24V339","RCONL-24V339-5449.pdf","CLIPPER TOWABLE","CWT162RBU","2022","FINAL OWNER NOTIFICATION FOR RECALL 24V339"
"24V339","RCRIT-24V339-4892.pdf","CLIPPER TOWABLE","CWT162RBU","2022","REMEDY INSTRUCTIONS FOR RECALL 24V339"
"24V339","RCRIT-24V339-4892.pdf","CLIPPER TOWABLE","CWT182DBU","2021","REMEDY INSTRUCTIONS FOR RECALL 24V339"
"24V339","RCMN-24V339-4639.pdf","CLIPPER TOWABLE","CWT182DBU","2021","DEALER LETTER FOR RECALL 24V339"
"24V339","RCONL-24V339-5449.pdf","CLIPPER TOWABLE","CWT182DBU","2021","FINAL OWNER NOTIFICATION FOR RECALL 24V339"
"24V339","RCRIT-24V339-4892.pdf","CLIPPER TOWABLE","CWT182DBU","2022","REMEDY INSTRUCTIONS FOR RECALL 24V339"
"24V339","RCONL-24V339-5449.pdf","CLIPPER TOWABLE","CWT182DBU","2022","FINAL OWNER NOTIFICATION FOR RECALL 24V339"
"24V339","RCMN-24V339-4639.pdf","CLIPPER TOWABLE","CWT182DBU","2022","DEALER LETTER FOR RECALL 24V339"
"24V339","RCRIT-24V339-4892.pdf","CLIPPER TOWABLE","CWT182DBU","2023","REMEDY INSTRUCTIONS FOR RECALL 24V339"
"24V339","RCONL-24V339-5449.pdf","CLIPPER TOWABLE","CWT182DBU","2023","FINAL OWNER NOTIFICATION FOR RECALL 24V339"
"24V339","RCMN-24V339-4639.pdf","CLIPPER TOWABLE","CWT182DBU","2023","DEALER LETTER FOR RECALL 24V339"
"24V339","RCRIT-24V339-4892.pdf","CLIPPER TOWABLE","CWT182DBU","2024","REMEDY INSTRUCTIONS FOR RECALL 24V339"
"24V339","RCMN-24V339-4639.pdf","CLIPPER TOWABLE","CWT182DBU","2024","DEALER LETTER FOR RECALL 24V339"
"24V339","RCONL-24V339-5449.pdf","CLIPPER TOWABLE","CWT182DBU","2024","FINAL OWNER NOTIFICATION FOR RECALL 24V339"
"24V339","RCONL-24V339-5449.pdf","CLIPPER TOWABLE","CWT272RLS","2021","FINAL OWNER NOTIFICATION FOR RECALL 24V339"
"24V339","RCMN-24V339-4639.pdf","CLIPPER TOWABLE","CWT272RLS","2021","DEALER LETTER FOR RECALL 24V339"
"24V339","RCRIT-24V339-4892.pdf","CLIPPER TOWABLE","CWT272RLS","2021","REMEDY INSTRUCTIONS FOR RECALL 24V339"
"24V339","RCRIT-24V339-4892.pdf","CLIPPER TOWABLE","CWT272RLS","2022","REMEDY INSTRUCTIONS FOR RECALL 24V339"
"24V339","RCONL-24V339-5449.pdf","CLIPPER TOWABLE","CWT272RLS","2022","FINAL OWNER NOTIFICATION FOR RECALL 24V339"
"24V339","RCMN-24V339-4639.pdf","CLIPPER TOWABLE","CWT272RLS","2022","DEALER LETTER FOR RECALL 24V339"
"24V339","RCRIT-24V339-4892.pdf","CLIPPER TOWABLE","CWT272RLS","2023","REMEDY INSTRUCTIONS FOR RECALL 24V339"
"24V339","RCONL-24V339-5449.pdf","CLIPPER TOWABLE","CWT272RLS","2023","FINAL OWNER NOTIFICATION FOR RECALL 24V339"
"24V339","RCMN-24V339-4639.pdf","CLIPPER TOWABLE","CWT272RLS","2023","DEALER LETTER FOR RECALL 24V339"
"24V339","RCONL-24V339-5449.pdf","CLIPPER TOWABLE","CWT272RLS","2024","FINAL OWNER NOTIFICATION FOR RECALL 24V339"
"24V411","RCSB-24V411-4328.pdf","VERMEER","VACUUM EXCAVATOR","2023","Service Bulletin (SMV2024-015_FCN2758)"
"24V411","RCRIT-24V411-8634.pdf","VERMEER","VACUUM EXCAVATOR","2023","KIT INSTRUCTIONS-VMV0088"
"24V411","RCRIT-24V411-1384.pdf","VERMEER","VACUUM EXCAVATOR","2023","Kit instructions-Frame Inspection, (Frame Repair, Frame Replacement)"
"24V411","RCSB-24V411-6485.pdf","VERMEER","VACUUM EXCAVATOR","2023","SERVICE BULLETIN"
"24V432","RCONL-24V432-7959.pdf","AIRSTREAM","INTERSTATE","2024","The Owner Notification Letter includes a description of the potential failure, as well as a description of what could happen if a short circuit were to happen. We included information explaining the steps Airstream has taken to correct any potential discrepancy. We have explained that this recall will be completed at no cost to the customer. We have included contact information if the customer has questions or requires further information."
"24V432","RCRIT-24V432-9685.pdf","AIRSTREAM","INTERSTATE","2024","The remedy instructions include a description of the potential failure, as well as a description of what could happen if a short circuit were to happen. We have provided the range of vehicles involved, along with serial numbers, and model year. Detailed instructions to complete the remedy have been provided, as well as a flat rate to complete the recall process when submitting a claim for reimbursement.  We have provided Airstreams contact information."
"24V432","RCMN-24V432-8814.pdf","AIRSTREAM","INTERSTATE","2024","The Dealer Notification Letter includes a description of the potential failure, as well as a description of what could happen if a short circuit were to happen. We have provided the range of vehicles involved, along with serial numbers, and model year. Instructions to complete the recall have been provided, as well as a flat rate to complete the recall process when submitting a claim for reimbursement. We have provided Airstreams contact information."
"24V445","RMISC-24V445-0017.pdf","MERCEDES-BENZ","AMG CLS53","2019","Please see Chronology of Defect for ODI 24-00855-31240-10 submitted 14JUN2024. For any questions, please contact the Mercedes-Benz USA Safety Recalls Team at safetyrecalls@mbusa.com."
"24V445","RCMN-24V445-7591.pdf","MERCEDES-BENZ","AMG CLS53","2019","Please find the manufacturer's notice to dealers for 24V445 distributed 16AUG2024. For any questions, please contact the Mercedes-Benz USA Safety Recalls Team at safetyrecalls@mbusa.com."
"24V445","RCMN-24V445-8625.pdf","MERCEDES-BENZ","AMG CLS53","2019","Please find the initial manufacturer's notice to dealers for 24V445 distributed 25OCT2024. For any questions, please contact the Mercedes-Benz USA Safety Recalls Team at safetyrecalls@mbusa.com."
"24V445","RCMN-24V445-8955.pdf","MERCEDES-BENZ","AMG CLS53","2019","Please find the manufacturer's notice to dealers for 24V445 distributed 31OCT2024. For any questions, please contact the Mercedes-Benz USA Safety Recalls Team at safetyrecalls@mbusa.com."
"24V445","RMISC-24V445-2063.pdf","MERCEDES-BENZ","AMG CLS53","2019","Please find technical bulletin for 24V445 distributed 16AUG2024. For any questions, please contact the Mercedes-Benz USA Safety Recalls Team at safetyrecalls@mbusa.com."
"24V445","RCMN-24V445-9650.pdf","MERCEDES-BENZ","AMG CLS53","2019","Please find the manufacturer's notice to dealers for 24V445 distributed 24JUN2024. For any questions, please contact the Mercedes-Benz USA Safety Recalls Team at safetyrecalls@mbusa.com."
"24V445","RCONL-24V445-7873.pdf","MERCEDES-BENZ","AMG CLS53","2019","Please find the owner notification letter for 24V445 distributed 15NOV2024. For any questions, please contact the Mercedes-Benz USA Safety Recalls Team at safetyrecalls@mbusa.com."
"24V445","RCRIT-24V445-2066.pdf","MERCEDES-BENZ","AMG CLS53","2019","Please find the remedy instruction and TSB for 24V445 distributed 31OCT2024. For any questions, please contact the Mercedes-Benz USA Safety Recalls Team at safetyrecalls@mbusa.com."
"24V445","RIONL-24V445-3207.pdf","MERCEDES-BENZ","AMG CLS53","2019","Please find the owner notification letter for 24V445 distributed 09AUG2024. For any questions, please contact the Mercedes-Benz USA Safety Recalls Team at safetyrecalls@mbusa.com."
"24V445","RCRN-24V445-1034.pdf","MERCEDES-BENZ","AMG CLS53","2019","Please find the owner renotification for 24V445 distributed 20MAR2025. For any questions, please contact the Mercedes-Benz USA Safety Recalls Team at safetyrecalls@mbusa.com."
"24V445","RMISC-24V445-9363.pdf","MERCEDES-BENZ","AMG CLS53","2019","Please find the updated chronology supplement for 24V445 uploaded 18OCT2024. For any questions, please contact the Mercedes-Benz USA Safety Recalls Team at safetyrecalls@mbusa.com."
"24V445","RCMN-24V445-7591.pdf","MERCEDES-BENZ","AMG CLS53","2020","Please find the manufacturer's notice to dealers for 24V445 distributed 16AUG2024. For any questions, please contact the Mercedes-Benz USA Safety Recalls Team at safetyrecalls@mbusa.com."
"24V445","RMISC-24V445-9363.pdf","MERCEDES-BENZ","AMG CLS53","2020","Please find the updated chronology supplement for 24V445 uploaded 18OCT2024. For any questions, please contact the Mercedes-Benz USA Safety Recalls Team at safetyrecalls@mbusa.com."
"24V445","RMISC-24V445-2063.pdf","MERCEDES-BENZ","AMG CLS53","2020","Please find technical bulletin for 24V445 distributed 16AUG2024. For any questions, please contact the Mercedes-Benz USA Safety Recalls Team at safetyrecalls@mbusa.com."
"24V445","RCMN-24V445-9650.pdf","MERCEDES-BENZ","AMG CLS53","2020","Please find the manufacturer's notice to dealers for 24V445 distributed 24JUN2024. For any questions, please contact the Mercedes-Benz USA Safety Recalls Team at safetyrecalls@mbusa.com."
"24V445","RMISC-24V445-0017.pdf","MERCEDES-BENZ","AMG CLS53","2020","Please see Chronology of Defect for ODI 24-00855-31240-10 submitted 14JUN2024. For any questions, please contact the Mercedes-Benz USA Safety Recalls Team at safetyrecalls@mbusa.com."
"24V445","RIONL-24V445-3207.pdf","MERCEDES-BENZ","AMG CLS53","2020","Please find the owner notification letter for 24V445 distributed 09AUG2024. For any questions, please contact the Mercedes-Benz USA Safety Recalls Team at safetyrecalls@mbusa.com."
"24V445","RCRN-24V445-1034.pdf","MERCEDES-BENZ","AMG CLS53","2020","Please find the owner renotification for 24V445 distributed 20MAR2025. For any questions, please contact the Mercedes-Benz USA Safety Recalls Team at safetyrecalls@mbusa.com."
"24V445","RCRIT-24V445-8646.pdf","MERCEDES-BENZ","AMG CLS53","2020","Please find the remedy instruction and TSB for 24V445 distributed 31OCT2024. For any questions, please contact the Mercedes-Benz USA Safety Recalls Team at safetyrecalls@mbusa.com."
"24V445","RCONL-24V445-7873.pdf","MERCEDES-BENZ","AMG CLS53","2020","Please find the owner notification letter for 24V445 distributed 15NOV2024. For any questions, please contact the Mercedes-Benz USA Safety Recalls Team at safetyrecalls@mbusa.com."
"24V445","RCMN-24V445-8955.pdf","MERCEDES-BENZ","AMG CLS53","2020","Please find the manufacturer's notice to dealers for 24V445 distributed 31OCT2024. For any questions, please contact the Mercedes-Benz USA Safety Recalls Team at safetyrecalls@mbusa.com."
"24V445","RCMN-24V445-8625.pdf","MERCEDES-BENZ","AMG CLS53","2020","Please find the initial manufacturer's notice to dealers for 24V445 distributed 25OCT2024. For any questions, please contact the Mercedes-Benz USA Safety Recalls Team at safetyrecalls@mbusa.com."
"24V445","RMISC-24V445-0017.pdf","MERCEDES-BENZ","AMG CLS53","2021","Please see Chronology of Defect for ODI 24-00855-31240-10 submitted 14JUN2024. For any questions, please contact the Mercedes-Benz USA Safety Recalls Team at safetyrecalls@mbusa.com."
"24V445","RCMN-24V445-8955.pdf","MERCEDES-BENZ","AMG CLS53","2021","Please find the manufacturer's notice to dealers for 24V445 distributed 31OCT2024. For any questions, please contact the Mercedes-Benz USA Safety Recalls Team at safetyrecalls@mbusa.com."
"24V445","RIONL-24V445-3207.pdf","MERCEDES-BENZ","AMG CLS53","2021","Please find the owner notification letter for 24V445 distributed 09AUG2024. For any questions, please contact the Mercedes-Benz USA Safety Recalls Team at safetyrecalls@mbusa.com."
"24V447","RCRIT-24V447-3434.pdf","MACK","MD (ELECTRIC)","2024","Vehicles may not have the mechanical connector lock properly engaged for the High Voltage cable. An improperly locked connector may come loose over time and may result in a sudden loss of power."
"24V480","RMISC-24V480-2960.pdf","VOLKSWAGEN","ATLAS","2024","Email notice to owners advising Over-the-Air recall remedy is available. Sent to internal/employee vehicles."
"24V480","RCONL-24V480-5749.pdf","VOLKSWAGEN","ATLAS","2024","Owner launch catch-up mailing USA 2025; no Puerto Rico owners in this mailing."
"24V480","RCMN-24V480-3560.pdf","VOLKSWAGEN","ATLAS","2024","Campaign revision notice to dealers"
"24V480","RCMN-24V480-7770.pdf","VOLKSWAGEN","ATLAS","2024","Dealer notice - recall remedy available"
"24V480","RCONL-24V480-5234.pdf","VOLKSWAGEN","ATLAS","2024","Owner notice - recall remedy available USA English/ Puerto Rico English. Puerto Rico owners received this notice in both English and Spanish; mail drop for USA is 07/15/2024-07/16/2024. Mail drop for Puerto Rico is 07/16/2024."
"24V480","RCRIT-24V480-6529.pdf","VOLKSWAGEN","ATLAS","2024","Revised campaign circular/work instructions for dealers"
"24V480","RCONL-24V480-8020.pdf","VOLKSWAGEN","ATLAS","2024","Owner notice - recall remedy available Puerto Rico Spanish. Puerto Rico owners received this notice in both English and Spanish; Mail drop for Puerto Rico is 07/16/2024."
"24V480","RMISC-24V480-8589.pdf","VOLKSWAGEN","ATLAS","2024","Email to owners about over-the-air update available for the subject recall."
"24V480","RCRIT-24V480-7554.pdf","VOLKSWAGEN","ATLAS","2024","Recall remedy instructions for dealers"
"24V480","RMISC-24V480-2960.pdf","VOLKSWAGEN","ATLAS CROSS SPORT","2024","Email notice to owners advising Over-the-Air recall remedy is available. Sent to internal/employee vehicles."
"24V480","RCRIT-24V480-7554.pdf","VOLKSWAGEN","ATLAS CROSS SPORT","2024","Recall remedy instructions for dealers"
"24V480","RMISC-24V480-8589.pdf","VOLKSWAGEN","ATLAS CROSS SPORT","2024","Email to owners about over-the-air update available for the subject recall."
"24V480","RCONL-24V480-5749.pdf","VOLKSWAGEN","ATLAS CROSS SPORT","2024","Owner launch catch-up mailing USA 2025; no Puerto Rico owners in this mailing."
"24V480","RCMN-24V480-7770.pdf","VOLKSWAGEN","ATLAS CROSS SPORT","2024","Dealer notice - recall remedy available"
"24V480","RCMN-24V480-3560.pdf","VOLKSWAGEN","ATLAS CROSS SPORT","2024","Campaign revision notice to dealers"
"24V480","RCONL-24V480-8020.pdf","VOLKSWAGEN","ATLAS CROSS SPORT","2024","Owner notice - recall remedy available Puerto Rico Spanish. Puerto Rico owners received this notice in both English and Spanish; Mail drop for Puerto Rico is 07/16/2024."
"24V480","RCRIT-24V480-6529.pdf","VOLKSWAGEN","ATLAS CROSS SPORT","2024","Revised campaign circular/work instructions for dealers"
"24V480","RCONL-24V480-5234.pdf","VOLKSWAGEN","ATLAS CROSS SPORT","2024","Owner notice - recall remedy available USA English/ Puerto Rico English. Puerto Rico owners received this notice in both English and Spanish; mail drop for USA is 07/15/2024-07/16/2024. Mail drop for Puerto Rico is 07/16/2024."
"24V480","RCONL-24V480-5749.pdf","VOLKSWAGEN","GOLF R","2022","Owner launch catch-up mailing USA 2025; no Puerto Rico owners in this mailing."
"24V480","RCRIT-24V480-7554.pdf","VOLKSWAGEN","GOLF R","2022","Recall remedy instructions for dealers"
"24V480","RMISC-24V480-2960.pdf","VOLKSWAGEN","GOLF R","2022","Email notice to owners advising Over-the-Air recall remedy is available. Sent to internal/employee vehicles."
"24V480","RMISC-24V480-8589.pdf","VOLKSWAGEN","GOLF R","2022","Email to owners about over-the-air update available for the subject recall."
"24V480","RCMN-24V480-3560.pdf","VOLKSWAGEN","GOLF R","2022","Campaign revision notice to dealers"
"24V480","RCMN-24V480-7770.pdf","VOLKSWAGEN","GOLF R","2022","Dealer notice - recall remedy available"
"24V480","RCONL-24V480-5234.pdf","VOLKSWAGEN","GOLF R","2022","Owner notice - recall remedy available USA English/ Puerto Rico English. Puerto Rico owners received this notice in both English and Spanish; mail drop for USA is 07/15/2024-07/16/2024. Mail drop for Puerto Rico is 07/16/2024."
"24V491","RCMN-24V491-0051.pdf","CHEVROLET","COLORADO","2024","24V491 recall; the lock ring that secures the fuel pump to the fuel tank assembly may not have been fully locked during assembly by the supplier; dealer recall notification"
"24V491","RCONL-24V491-0066.pdf","CHEVROLET","COLORADO","2024","24V491 recall; the lock ring that secures the fuel pump to the fuel tank assembly may not have been fully locked during assembly by the supplier; owner notification"
"24V491","RCRIT-24V491-6614.pdf","CHEVROLET","COLORADO","2024","24V491 recall; the lock ring that secures the fuel pump to the fuel tank assembly may not have been fully locked during assembly by the supplier; inspection remedy procedure"
"24V491","RCRIT-24V491-3724.pdf","CHEVROLET","COLORADO","2024","24V491 recall; the lock ring that secures the fuel pump to the fuel tank assembly may not have been fully locked during assembly by the supplier; service bulletin revised to include a copy of the owner notification letter"
"24V491","RMISC-24V491-6104.pdf","CHEVROLET","COLORADO","2024","24V491 recall; the lock ring that secures the fuel pump to the fuel tank assembly may not have been fully locked during assembly by the supplier; FAQs"
"24V491","RCONL-24V491-0066.pdf","GMC","CANYON","2024","24V491 recall; the lock ring that secures the fuel pump to the fuel tank assembly may not have been fully locked during assembly by the supplier; owner notification"
"24V491","RCMN-24V491-0051.pdf","GMC","CANYON","2024","24V491 recall; the lock ring that secures the fuel pump to the fuel tank assembly may not have been fully locked during assembly by the supplier; dealer recall notification"
"24V491","RCRIT-24V491-6614.pdf","GMC","CANYON","2024","24V491 recall; the lock ring that secures the fuel pump to the fuel tank assembly may not have been fully locked during assembly by the supplier; inspection remedy procedure"
"24V491","RMISC-24V491-6104.pdf","GMC","CANYON","2024","24V491 recall; the lock ring that secures the fuel pump to the fuel tank assembly may not have been fully locked during assembly by the supplier; FAQs"
"24V491","RCRIT-24V491-3724.pdf","GMC","CANYON","2024","24V491 recall; the lock ring that secures the fuel pump to the fuel tank assembly may not have been fully locked during assembly by the supplier; service bulletin revised to include a copy of the owner notification letter"
"24V587","RCMN-24V587-0142.pdf","LEXUS","UX HYBRID","2025","In the subject vehicles, certain hybrid power system wires could wear over time and separate completely, causing a loss of motive power. A loss of motive power while driving at higher speeds can increase the risk of a crash."
"24V587","RMISC-24V587-0002.pdf","LEXUS","UX HYBRID","2025","Your vehicle may be equipped with certain hybrid power system wires that could wear over time and separate completely, causing a loss of drive power. A loss of drive power while driving at higher speeds can increase the risk of a crash. Please contact your dealer as soon as possible to schedule your free repair.  For more information, please visit www.Lexus.com/recall."
"24V587","RIONL-24V587-0853.pdf","LEXUS","UX HYBRID","2025","In the subject vehicles, certain hybrid power system wires could wear over time and separate completely, causing a loss of motive power. A
loss of motive power while driving at higher speeds can increase the risk of a crash."
"24V587","RCONL-24V587-8160.pdf","LEXUS","UX HYBRID","2025","Certain hybrid power system wires could wear over time and
separate completely, causing a loss of drive power. A loss of
drive power while driving at higher speeds can increase
the risk of a crash."
"24V589","RCRIT-24V589-9711.pdf","CADILLAC","LYRIQ","2023","24V589 recall; in rare circumstances, during certain braking events on dry surfaces at speeds below 25 mph (40 km/h), the vehicle may exhibit overly sensitive anti-lock braking system (ABS) control that can continue to release the braking pressure in the vehicles service brake system causing the service brakes to have reduced stopping performance or become inoperative; the service bulletin us revised to include a copy of the owner notification"
"24V589","RCONL-24V589-4704.pdf","CADILLAC","LYRIQ","2023","24V589 recall; during certain braking events on dry surfaces at speeds below 25 mph, the vehicle may exhibit overly sensitive anti-lock braking system (ABS) which can falsely activate and  release the braking pressure in the vehicles service brake system, causing the service brakes to have reduced stopping performance or become inoperative; owner notification letter"
"24V589","RCRIT-24V589-2261.pdf","CADILLAC","LYRIQ","2023","24V589 recall; in rare circumstances, during certain braking events on dry surfaces at speeds below 25 mph, the vehicle may exhibit overly sensitive anti-lock braking system (ABS) control which, following a specific sequence of wheel movements, can continue to release the braking pressure in the vehicles service brake system, resulting in reduced stopping performance or inoperative service brakes; service bulletin"
"24V589","RMISC-24V589-5500.pdf","CADILLAC","LYRIQ","2023","24V589 recall; in rare circumstances, during certain braking events on dry surfaces at speeds below 25 mph, the vehicle may exhibit overly sensitive anti-lock braking system (ABS) control and, following a specific sequence of wheel movements, may continue to release the braking pressure in the vehicles service brake system resulting in reduced braking performance or inoperable service brakes; FAQs"
"24V589","RMISC-24V589-2572.pdf","CADILLAC","LYRIQ","2023","24V589 recall; in rare circumstances, during certain braking events on dry surfaces at speeds below 25 mph, the vehicle may exhibit overly sensitive anti-lock braking system (ABS) control which, following a specific sequence of wheel movements, can continue to release the braking pressure in the vehicles service brake system, resulting in reduced stopping performance or inoperative service brakes; in-vehicle messaging for over-the-air remedy"
"24V589","RMISC-24V589-0558.pdf","CADILLAC","LYRIQ","2023","24V589 recall; in rare circumstances, during certain braking events on dry surfaces at speeds below 25 mph, the vehicle may exhibit overly sensitive anti-lock braking system (ABS) control which, following a specific sequence of wheel movements, can continue to release the braking pressure in the vehicles service brake system, resulting in reduced stopping performance or inoperative service brakes; FAQs"
"24V589","RCMN-24V589-8537.pdf","CADILLAC","LYRIQ","2023","24V589 recall; in rare circumstances, during certain braking events on dry surfaces at speeds below 25 mph, the vehicle may exhibit overly sensitive anti-lock braking system (ABS) control and, following a specific sequence of wheel movements, may continue to release the braking pressure in the vehicles service brake system resulting in reduced braking performance or inoperable service brakes; dealer notice of additional vehicles eligible for remedy"
"24V589","RCMN-24V589-3601.pdf","CADILLAC","LYRIQ","2023","24V589 recall; in rare circumstances, during certain braking events on dry surfaces at speeds below 25 mph, the vehicle may exhibit overly sensitive anti-lock braking system (ABS) control which, after a specific sequence of wheel movements, may continue to release the braking pressure in the vehicles service brake system; preliminary stop delivery notice to dealers"
"24V589","RCMN-24V589-1834.pdf","CADILLAC","LYRIQ","2023","24V589 recall; in rare circumstances, during certain braking events on dry surfaces at speeds below 25 mph, the vehicle may exhibit overly sensitive anti-lock braking system (ABS) control which, following a specific sequence of wheel movements, can continue to release the braking pressure in the vehicles service brake system, resulting in reduced stopping performance or inoperative service brakes; dealer recall notification"
"24V589","RCRIT-24V589-3950.pdf","CADILLAC","LYRIQ","2023","24V589 recall; in rare circumstances, during certain braking events on dry surfaces at speeds below 25 mph, the vehicle may exhibit overly sensitive anti-lock braking system (ABS) control and, following a specific sequence of wheel movements, may continue to release the braking pressure in the vehicles service brake system resulting in reduced braking performance or inoperable service brakes; service bulletin revised to include 2023 model year"
"24V589","RCONL-24V589-4704.pdf","CADILLAC","LYRIQ","2024","24V589 recall; during certain braking events on dry surfaces at speeds below 25 mph, the vehicle may exhibit overly sensitive anti-lock braking system (ABS) which can falsely activate and  release the braking pressure in the vehicles service brake system, causing the service brakes to have reduced stopping performance or become inoperative; owner notification letter"
"24V589","RCMN-24V589-1834.pdf","CADILLAC","LYRIQ","2024","24V589 recall; in rare circumstances, during certain braking events on dry surfaces at speeds below 25 mph, the vehicle may exhibit overly sensitive anti-lock braking system (ABS) control which, following a specific sequence of wheel movements, can continue to release the braking pressure in the vehicles service brake system, resulting in reduced stopping performance or inoperative service brakes; dealer recall notification"
"24V589","RCRIT-24V589-3950.pdf","CADILLAC","LYRIQ","2024","24V589 recall; in rare circumstances, during certain braking events on dry surfaces at speeds below 25 mph, the vehicle may exhibit overly sensitive anti-lock braking system (ABS) control and, following a specific sequence of wheel movements, may continue to release the braking pressure in the vehicles service brake system resulting in reduced braking performance or inoperable service brakes; service bulletin revised to include 2023 model year"
"24V589","RCRIT-24V589-2261.pdf","CADILLAC","LYRIQ","2024","24V589 recall; in rare circumstances, during certain braking events on dry surfaces at speeds below 25 mph, the vehicle may exhibit overly sensitive anti-lock braking system (ABS) control which, following a specific sequence of wheel movements, can continue to release the braking pressure in the vehicles service brake system, resulting in reduced stopping performance or inoperative service brakes; service bulletin"
"24V589","RMISC-24V589-5500.pdf","CADILLAC","LYRIQ","2024","24V589 recall; in rare circumstances, during certain braking events on dry surfaces at speeds below 25 mph, the vehicle may exhibit overly sensitive anti-lock braking system (ABS) control and, following a specific sequence of wheel movements, may continue to release the braking pressure in the vehicles service brake system resulting in reduced braking performance or inoperable service brakes; FAQs"
"24V589","RMISC-24V589-2572.pdf","CADILLAC","LYRIQ","2024","24V589 recall; in rare circumstances, during certain braking events on dry surfaces at speeds below 25 mph, the vehicle may exhibit overly sensitive anti-lock braking system (ABS) control which, following a specific sequence of wheel movements, can continue to release the braking pressure in the vehicles service brake system, resulting in reduced stopping performance or inoperative service brakes; in-vehicle messaging for over-the-air remedy"
"24V589","RMISC-24V589-0558.pdf","CADILLAC","LYRIQ","2024","24V589 recall; in rare circumstances, during certain braking events on dry surfaces at speeds below 25 mph, the vehicle may exhibit overly sensitive anti-lock braking system (ABS) control which, following a specific sequence of wheel movements, can continue to release the braking pressure in the vehicles service brake system, resulting in reduced stopping performance or inoperative service brakes; FAQs"
"24V589","RCRIT-24V589-9711.pdf","CADILLAC","LYRIQ","2024","24V589 recall; in rare circumstances, during certain braking events on dry surfaces at speeds below 25 mph (40 km/h), the vehicle may exhibit overly sensitive anti-lock braking system (ABS) control that can continue to release the braking pressure in the vehicles service brake system causing the service brakes to have reduced stopping performance or become inoperative; the service bulletin us revised to include a copy of the owner notification"
"24V589","RCMN-24V589-3601.pdf","CADILLAC","LYRIQ","2024","24V589 recall; in rare circumstances, during certain braking events on dry surfaces at speeds below 25 mph, the vehicle may exhibit overly sensitive anti-lock braking system (ABS) control which, after a specific sequence of wheel movements, may continue to release the braking pressure in the vehicles service brake system; preliminary stop delivery notice to dealers"
"24V589","RCMN-24V589-8537.pdf","CADILLAC","LYRIQ","2024","24V589 recall; in rare circumstances, during certain braking events on dry surfaces at speeds below 25 mph, the vehicle may exhibit overly sensitive anti-lock braking system (ABS) control and, following a specific sequence of wheel movements, may continue to release the braking pressure in the vehicles service brake system resulting in reduced braking performance or inoperable service brakes; dealer notice of additional vehicles eligible for remedy"
"24V601","RCONL-24V601-9074.pdf","LIVEWIRE","S2 DEL MAR","2024","The high voltage fuse may open due to repeated rapid acceleration events, resulting in a loss of propulsion without providing prior indication to the rider. Other electrical functions (ABS braking, turn signals, lighting, etc.) will not be affected. Unexpected loss of propulsion while in motion without the ability to restart may increase the risk of a crash."
"24V601","RCRIT-24V601-6536.pdf","LIVEWIRE","S2 DEL MAR","2024","The high voltage Rechargeable Energy Storage System (RESS) fuse on certain 2024 LiveWire S2 Del Mar and Mulholland models may open under certain riding conditions resulting in a loss of propulsion without providing prior indication to the rider."
"24V601","RMISC-24V601-1247.pdf","LIVEWIRE","S2 MULHOLLAND","2024","The high voltage fuse may open due to repeated rapid acceleration events, resulting in a loss of propulsion without providing prior indication to the rider. Other electrical functions (ABS braking, turn signals, lighting, etc.) will not be affected. Unexpected loss of propulsion while in motion without the ability to restart may increase the risk of a crash."
"24V601","RCRIT-24V601-6536.pdf","LIVEWIRE","S2 MULHOLLAND","2024","The high voltage Rechargeable Energy Storage System (RESS) fuse on certain 2024 LiveWire S2 Del Mar and Mulholland models may open under certain riding conditions resulting in a loss of propulsion without providing prior indication to the rider."
"24V603","RCRIT-24V603-9454.pdf","MOTIV","E-450 BEV CHASSIS SCHOOL BUS","2021","TSB instructions."
"24V603","RCONL-24V603-1103.pdf","MOTIV","E-450 BEV CHASSIS SCHOOL BUS","2021","Motiv Power Systems has decided that a safety defect, which relates to motor vehicle safety, exists in certain 2021 Model Year through 2024 Model Year Motiv Gen 5 EPIC E-450 and EPIC 4 vehicles."
"24V603","RCRIT-24V603-9454.pdf","MOTIV","E-450 BEV CHASSIS SCHOOL BUS","2022","TSB instructions."
"24V603","RCONL-24V603-1103.pdf","MOTIV","E-450 BEV CHASSIS SCHOOL BUS","2022","Motiv Power Systems has decided that a safety defect, which relates to motor vehicle safety, exists in certain 2021 Model Year through 2024 Model Year Motiv Gen 5 EPIC E-450 and EPIC 4 vehicles."
"24V603","RCONL-24V603-1103.pdf","MOTIV","E-450 BEV CHASSIS SCHOOL BUS","2023","Motiv Power Systems has decided that a safety defect, which relates to motor vehicle safety, exists in certain 2021 Model Year through 2024 Model Year Motiv Gen 5 EPIC E-450 and EPIC 4 vehicles."
"24V603","RCRIT-24V603-9454.pdf","MOTIV","E-450 BEV CHASSIS SCHOOL BUS","2023","TSB instructions."
"24V606","RCRIT-24V606-1562.pdf","CRUISER","STRYKER","2024","Remedy instructions uploaded to dealer portal for campaign 24v606"
"24V606","RCRIT-24V606-1562.pdf","CRUISER","STRYKER","2025","Remedy instructions uploaded to dealer portal for campaign 24v606"
"24V614","RMISC-24V614-1946.pdf","ACURA","ZDX","2024","Driver Information Center Messaging for Over-The-Air Update
Owners who have accepted applicable terms and conditions will have the opportunity to accept software changes to address recall UJE / 24V-614 using wireless over-the-air (OTA) technology without having to bring their vehicle ta dealership."
"24V614","RCRIT-24V614-4351.pdf","ACURA","ZDX","2024","During certain braking events below 25 mph on dry surfaces, the vehicle may exhibit overly sensitive anti-lock braking system (ABS) control. In these conditions, if the ABS falsely activates and a specific sequence of wheel movements occurs, the vehicles ABS system will continue to release the braking pressure in the vehicles service brake system. A release of braking pressure can cause the service brakes to have reduced stopping performance or become inoperative, increasing the risk of a crash."
"24V614","RCONL-24V614-7891.pdf","ACURA","ZDX","2024","Owner Notification Letter - During certain low-speed braking events on dry surfaces, the vehicles anti-lock braking system (ABS) may exhibit overly sensitive operation, leading to a release in brake pressure. If brake pressure is released, the stopping performance can be reduced or the service brakes can become inoperative, increasing the risk of a crash."
"24V614","RCMN-24V614-4358.pdf","ACURA","ZDX","2024","Due to an electronic brake control module (EBCM) software issue, the anti-lock braking system (ABS) may malfunction resulting in no, or reduced, brake force without warning to the driver, potentially increasing the risk of a crash or injury."
"24V614","RMISC-24V614-8480.pdf","ACURA","ZDX","2024","Driver Information Center Messaging for Over-The-Air Recall Notification"
"24V614","RMISC-24V614-6934.pdf","ACURA","ZDX","2024","OTA Customer Instructions -The 2024 ZDX is capable of performing Over-the-Air (OTA) Software Updates, which contain functional enhancements and/or solutions for operational errors. The updates are received via the vehicles built-in cellular connection and installed using the infotainment display. An active AcuraLink Connected by OnStar account is required to receive OTA Software Updates."
"24V635","RIONL-24V635-9542.pdf","FORD","BRONCO","2021","24S55 Interim owner letter.  Mailed October 17, 2024"
"24V635","RCMN-24V635-4996.pdf","FORD","BRONCO","2021","NEW VEHICLE DEMONSTRATION / DELIVERY HOLD - Advance Notice 
Safety Recall 24S55
Certain Various Model Year Vehicles
Engine Valve Inspection"
"24V635","RIONL-24V635-9542.pdf","FORD","BRONCO","2022","24S55 Interim owner letter.  Mailed October 17, 2024"
"24V635","RCMN-24V635-4996.pdf","FORD","BRONCO","2022","NEW VEHICLE DEMONSTRATION / DELIVERY HOLD - Advance Notice 
Safety Recall 24S55
Certain Various Model Year Vehicles
Engine Valve Inspection"
"24V635","RIONL-24V635-9542.pdf","FORD","EDGE","2021","24S55 Interim owner letter.  Mailed October 17, 2024"
"24V635","RCMN-24V635-4996.pdf","FORD","EDGE","2021","NEW VEHICLE DEMONSTRATION / DELIVERY HOLD - Advance Notice 
Safety Recall 24S55
Certain Various Model Year Vehicles
Engine Valve Inspection"
"24V635","RCMN-24V635-4996.pdf","FORD","EDGE","2022","NEW VEHICLE DEMONSTRATION / DELIVERY HOLD - Advance Notice 
Safety Recall 24S55
Certain Various Model Year Vehicles
Engine Valve Inspection"
"24V635","RIONL-24V635-9542.pdf","FORD","EDGE","2022","24S55 Interim owner letter.  Mailed October 17, 2024"
"24V635","RCMN-24V635-4996.pdf","FORD","EXPLORER","2021","NEW VEHICLE DEMONSTRATION / DELIVERY HOLD - Advance Notice 
Safety Recall 24S55
Certain Various Model Year Vehicles
Engine Valve Inspection"
"24V635","RIONL-24V635-9542.pdf","FORD","EXPLORER","2021","24S55 Interim owner letter.  Mailed October 17, 2024"
"24V635","RIONL-24V635-9542.pdf","FORD","EXPLORER","2022","24S55 Interim owner letter.  Mailed October 17, 2024"
"24V635","RCMN-24V635-4996.pdf","FORD","EXPLORER","2022","NEW VEHICLE DEMONSTRATION / DELIVERY HOLD - Advance Notice 
Safety Recall 24S55
Certain Various Model Year Vehicles
Engine Valve Inspection"
"24V635","RIONL-24V635-9542.pdf","FORD","F-150","2021","24S55 Interim owner letter.  Mailed October 17, 2024"
"24V635","RCMN-24V635-4996.pdf","FORD","F-150","2021","NEW VEHICLE DEMONSTRATION / DELIVERY HOLD - Advance Notice 
Safety Recall 24S55
Certain Various Model Year Vehicles
Engine Valve Inspection"
"24V635","RCMN-24V635-4996.pdf","FORD","F-150","2022","NEW VEHICLE DEMONSTRATION / DELIVERY HOLD - Advance Notice 
Safety Recall 24S55
Certain Various Model Year Vehicles
Engine Valve Inspection"
"24V635","RIONL-24V635-9542.pdf","FORD","F-150","2022","24S55 Interim owner letter.  Mailed October 17, 2024"
"24V635","RIONL-24V635-9542.pdf","LINCOLN","AVIATOR","2021","24S55 Interim owner letter.  Mailed October 17, 2024"
"24V635","RCMN-24V635-4996.pdf","LINCOLN","AVIATOR","2021","NEW VEHICLE DEMONSTRATION / DELIVERY HOLD - Advance Notice 
Safety Recall 24S55
Certain Various Model Year Vehicles
Engine Valve Inspection"
"24V635","RCMN-24V635-4996.pdf","LINCOLN","AVIATOR","2022","NEW VEHICLE DEMONSTRATION / DELIVERY HOLD - Advance Notice 
Safety Recall 24S55
Certain Various Model Year Vehicles
Engine Valve Inspection"
"24V635","RIONL-24V635-9542.pdf","LINCOLN","AVIATOR","2022","24S55 Interim owner letter.  Mailed October 17, 2024"
"24V635","RIONL-24V635-9542.pdf","LINCOLN","NAUTILUS","2021","24S55 Interim owner letter.  Mailed October 17, 2024"
"24V635","RCMN-24V635-4996.pdf","LINCOLN","NAUTILUS","2021","NEW VEHICLE DEMONSTRATION / DELIVERY HOLD - Advance Notice 
Safety Recall 24S55
Certain Various Model Year Vehicles
Engine Valve Inspection"
"24V635","RIONL-24V635-9542.pdf","LINCOLN","NAUTILUS","2022","24S55 Interim owner letter.  Mailed October 17, 2024"
"24V635","RCMN-24V635-4996.pdf","LINCOLN","NAUTILUS","2022","NEW VEHICLE DEMONSTRATION / DELIVERY HOLD - Advance Notice 
Safety Recall 24S55
Certain Various Model Year Vehicles
Engine Valve Inspection"
"24V645","RCONL-24V645-4487.pdf","AUTOCAR","LEGEND","2022","The owner notification provides information regarding the defect, safety risk, what to do and contact information."
"24V645","RCMN-24V645-7368.pdf","AUTOCAR","LEGEND","2022","The distributor notice provides information regarding the defect, safety risk, what to do and contact information."
"24V645","RCMN-24V645-7368.pdf","AUTOCAR","LEGEND","2023","The distributor notice provides information regarding the defect, safety risk, what to do and contact information."
"24V645","RCONL-24V645-4487.pdf","AUTOCAR","LEGEND","2023","The owner notification provides information regarding the defect, safety risk, what to do and contact information."
"24V645","RCMN-24V645-7368.pdf","AUTOCAR","LEGEND","2024","The distributor notice provides information regarding the defect, safety risk, what to do and contact information."
"24V645","RCONL-24V645-7154.pdf","AUTOCAR","LEGEND","2024","The owner notification provides information regarding the defect, safety risk, what to do and contact information."
"24V670","RCMN-24V670-6118.pdf","TRAIL KING","TKHDG","2019","This is the final copy of the dealer's notification for recall 24V670 to reflect the paver-style gooseneck added reinforcements to the lower cylinder mount."
"24V670","RCMN-24V670-6118.pdf","TRAIL KING","TKHDG","2020","This is the final copy of the dealer's notification for recall 24V670 to reflect the paver-style gooseneck added reinforcements to the lower cylinder mount."
"24V685","RCONL-24V685-0464.pdf","FORD","EXPLORER","2024","24S61 Owner letter.  Mailed November 8, 2024"
"24V685","RCMN-24V685-3717.pdf","FORD","EXPLORER","2024","NEW VEHICLE DEMONSTRATION / DELIVERY HOLD - Safety Recall 24S61
Certain 2024 Model Year Explorer Vehicles with 3.3L Hybrid Engines
Tie-Strap High Voltage and Battery Cables"
"24V685","RCMN-24V685-5052.pdf","FORD","EXPLORER","2024","NEW VEHICLE DEMONSTRATION / DELIVERY HOLD - Advance Notice - Safety
Recall 24S61
Certain 2024 Model Year Explorer Vehicles with 3.3L Hybrid Engines
Tie strap high voltage and battery cables"
"24V688","RCMN-24V688-8974.pdf","MERCEDES-BENZ","AMG CLE53","2024","Please find the launch manufacturer's notice to dealers for 24V688 distributed 27DEC2024. For any questions, please contact the Mercedes-Benz USA Safety Recalls Team at safetyrecalls@mbusa.com."
"24V688","RCMN-24V688-8818.pdf","MERCEDES-BENZ","AMG CLE53","2024","Please find the launch manufacturer's notice to dealers for 24V688 distributed 18OCT2024. For any questions, please contact the Mercedes-Benz USA Safety Recalls Team at safetyrecalls@mbusa.com."
"24V688","RIONL-24V688-9569.pdf","MERCEDES-BENZ","AMG CLE53","2024","Please find the interim owner notification letter for 24V688 distributed 05NOV2024. For any questions, please contact the Mercedes-Benz USA Safety Recalls Team at safetyrecalls@mbusa.com."
"24V688","RCONL-24V688-6342.pdf","MERCEDES-BENZ","AMG CLE53","2024","Please find the owner notification letter for 24V688 distributed 14JAN2025. For any questions, please contact the Mercedes-Benz USA Safety Recalls Team at safetyrecalls@mbusa.com."
"24V688","RCRIT-24V688-2040.pdf","MERCEDES-BENZ","AMG CLE53","2024","Please find the remedy instruction and TSB for 24V688 distributed 027DEC2024. For any questions, please contact the Mercedes-Benz USA Safety Recalls Team at safetyrecalls@mbusa.com."
"24V688","RCRIT-24V688-0777.pdf","MERCEDES-BENZ","AMG CLE53","2024","Please find the remedy instruction and TSB for 24V688 distributed 18OCT2024. For any questions, please contact the Mercedes-Benz USA Safety Recalls Team at safetyrecalls@mbusa.com."
"24V688","RCMN-24V688-0266.pdf","MERCEDES-BENZ","AMG CLE53","2024","Please find the initial manufacturer's notice to dealers for 24V688 distributed 20SEPT2024. For any questions, please contact the Mercedes-Benz USA Safety Recalls Team at safetyrecalls@mbusa.com."
"24V688","RCONL-24V688-3998.pdf","MERCEDES-BENZ","AMG CLE53","2024","Please find the owner notification letter for 24V688 distributed 1NOV2024. For any questions, please contact the Mercedes-Benz USA Safety Recalls Team at safetyrecalls@mbusa.com."
"24V688","RCMN-24V688-0935.pdf","MERCEDES-BENZ","CLE 300","2024","Please find the launch manufacturer's notice to dealers for 24V688 distributed 18OCT2024. For any questions, please contact the Mercedes-Benz USA Safety Recalls Team at safetyrecalls@mbusa.com."
"24V688","RCMN-24V688-0266.pdf","MERCEDES-BENZ","CLE 300","2024","Please find the initial manufacturer's notice to dealers for 24V688 distributed 20SEPT2024. For any questions, please contact the Mercedes-Benz USA Safety Recalls Team at safetyrecalls@mbusa.com."
"24V688","RCMN-24V688-8974.pdf","MERCEDES-BENZ","CLE 300","2024","Please find the launch manufacturer's notice to dealers for 24V688 distributed 27DEC2024. For any questions, please contact the Mercedes-Benz USA Safety Recalls Team at safetyrecalls@mbusa.com."
"24V688","RCONL-24V688-3998.pdf","MERCEDES-BENZ","CLE 300","2024","Please find the owner notification letter for 24V688 distributed 1NOV2024. For any questions, please contact the Mercedes-Benz USA Safety Recalls Team at safetyrecalls@mbusa.com."
"24V688","RCONL-24V688-6342.pdf","MERCEDES-BENZ","CLE 300","2024","Please find the owner notification letter for 24V688 distributed 14JAN2025. For any questions, please contact the Mercedes-Benz USA Safety Recalls Team at safetyrecalls@mbusa.com."
"24V688","RCRIT-24V688-2040.pdf","MERCEDES-BENZ","CLE 300","2024","Please find the remedy instruction and TSB for 24V688 distributed 027DEC2024. For any questions, please contact the Mercedes-Benz USA Safety Recalls Team at safetyrecalls@mbusa.com."
"24V688","RCRIT-24V688-3304.pdf","MERCEDES-BENZ","CLE 300","2024","Please find the remedy instruction and TSB for 24V688 distributed 18OCT2024. For any questions, please contact the Mercedes-Benz USA Safety Recalls Team at safetyrecalls@mbusa.com."
"24V688","RIONL-24V688-9569.pdf","MERCEDES-BENZ","CLE 300","2024","Please find the interim owner notification letter for 24V688 distributed 05NOV2024. For any questions, please contact the Mercedes-Benz USA Safety Recalls Team at safetyrecalls@mbusa.com."
"24V688","RCMN-24V688-8818.pdf","MERCEDES-BENZ","CLE 450","2024","Please find the launch manufacturer's notice to dealers for 24V688 distributed 18OCT2024. For any questions, please contact the Mercedes-Benz USA Safety Recalls Team at safetyrecalls@mbusa.com."
"24V688","RCMN-24V688-8974.pdf","MERCEDES-BENZ","CLE 450","2024","Please find the launch manufacturer's notice to dealers for 24V688 distributed 27DEC2024. For any questions, please contact the Mercedes-Benz USA Safety Recalls Team at safetyrecalls@mbusa.com."
"24V688","RCONL-24V688-3998.pdf","MERCEDES-BENZ","CLE 450","2024","Please find the owner notification letter for 24V688 distributed 1NOV2024. For any questions, please contact the Mercedes-Benz USA Safety Recalls Team at safetyrecalls@mbusa.com."
"24V688","RCONL-24V688-6342.pdf","MERCEDES-BENZ","CLE 450","2024","Please find the owner notification letter for 24V688 distributed 14JAN2025. For any questions, please contact the Mercedes-Benz USA Safety Recalls Team at safetyrecalls@mbusa.com."
"24V688","RCRIT-24V688-2040.pdf","MERCEDES-BENZ","CLE 450","2024","Please find the remedy instruction and TSB for 24V688 distributed 027DEC2024. For any questions, please contact the Mercedes-Benz USA Safety Recalls Team at safetyrecalls@mbusa.com."
"24V688","RCRIT-24V688-3304.pdf","MERCEDES-BENZ","CLE 450","2024","Please find the remedy instruction and TSB for 24V688 distributed 18OCT2024. For any questions, please contact the Mercedes-Benz USA Safety Recalls Team at safetyrecalls@mbusa.com."
"24V688","RIONL-24V688-9569.pdf","MERCEDES-BENZ","CLE 450","2024","Please find the interim owner notification letter for 24V688 distributed 05NOV2024. For any questions, please contact the Mercedes-Benz USA Safety Recalls Team at safetyrecalls@mbusa.com."
"24V688","RCMN-24V688-0266.pdf","MERCEDES-BENZ","CLE 450","2024","Please find the initial manufacturer's notice to dealers for 24V688 distributed 20SEPT2024. For any questions, please contact the Mercedes-Benz USA Safety Recalls Team at safetyrecalls@mbusa.com."
"24V688","RCMN-24V688-8818.pdf","MERCEDES-BENZ","E 350","2024","Please find the launch manufacturer's notice to dealers for 24V688 distributed 18OCT2024. For any questions, please contact the Mercedes-Benz USA Safety Recalls Team at safetyrecalls@mbusa.com."
"24V704","RCONL-24V704-8809.pdf","MERCEDES-BENZ","S 580","2021","Please find the owner notification letter for 24V704 distributed 10JAN2025. For any questions, please contact the Mercedes-Benz USA Safety Recalls Team at safetyrecalls@mbusa.com."
"24V704","RCMN-24V704-8952.pdf","MERCEDES-BENZ","S 580","2021","Please find the launch manufacturer's notice to dealers for 24V704 distributed 20DEC2024. For any questions, please contact the Mercedes-Benz USA Safety Recalls Team at safetyrecalls@mbusa.com."
"24V704","RCMN-24V704-1258.pdf","MERCEDES-BENZ","S 580","2021","Please find the launch manufacturer's notice to dealers for 24V704 distributed 01NOV2024. For any questions, please contact the Mercedes-Benz USA Safety Recalls Team at safetyrecalls@mbusa.com."
"24V704","RCMN-24V704-4558.pdf","MERCEDES-BENZ","S 580","2021","Please find the initial manufacturer's notice to dealers for 24V704 distributed 27SEP2024. For any questions, please contact the Mercedes-Benz USA Safety Recalls Team at safetyrecalls@mbusa.com."
"24V704","RCMN-24V704-3800.pdf","MERCEDES-BENZ","S 580","2021","Please find the launch manufacturer's notice to dealers for 24V704 distributed 08FEB2025. For any questions, please contact the Mercedes-Benz USA Safety Recalls Team at safetyrecalls@mbusa.com."
"24V704","RCRIT-24V704-6082.pdf","MERCEDES-BENZ","S 580","2021","Please find the remedy instruction and TSB for 24V704 distributed 08FEB2025.For any questions, please contact the Mercedes-Benz USA Safety Recalls Team at safetyrecalls@mbusa.com."
"24V704","RCRIT-24V704-7546.pdf","MERCEDES-BENZ","S 580","2021","Please find the updated remedy instruction and TSB for 24V704 distributed 13NOV2024. For any questions, please contact the Mercedes-Benz USA Safety Recalls Team at safetyrecalls@mbusa.com."
"24V704","RCMN-24V704-3959.pdf","MERCEDES-BENZ","S 580","2021","Please find the updated launch manufacturer's notice to dealers for 24V704 distributed 13NOV2024. For any questions, please contact the Mercedes-Benz USA Safety Recalls Team at safetyrecalls@mbusa.com."
"24V704","RCRIT-24V704-2206.pdf","MERCEDES-BENZ","S 580","2021","Please find the remedy instruction and TSB for 24V704 distributed 20DEC2024. For any questions, please contact the Mercedes-Benz USA Safety Recalls Team at safetyrecalls@mbusa.com."
"24V704","RCONL-24V704-4096.pdf","MERCEDES-BENZ","S 580","2021","Please find the owner notification letter for 24V704 distributed 15NOV2024. For any questions, please contact the Mercedes-Benz USA Safety Recalls Team at safetyrecalls@mbusa.com."
"24V704","RIONL-24V704-3574.pdf","MERCEDES-BENZ","S 580","2021","Please find the interim owner notification letter for 24V704 distributed 08NOV2024. For any questions, please contact the Mercedes-Benz USA Safety Recalls Team at safetyrecalls@mbusa.com."
"24V704","RCMN-24V704-8952.pdf","MERCEDES-BENZ","S 580","2022","Please find the launch manufacturer's notice to dealers for 24V704 distributed 20DEC2024. For any questions, please contact the Mercedes-Benz USA Safety Recalls Team at safetyrecalls@mbusa.com."
"24V704","RCMN-24V704-3800.pdf","MERCEDES-BENZ","S 580","2022","Please find the launch manufacturer's notice to dealers for 24V704 distributed 08FEB2025. For any questions, please contact the Mercedes-Benz USA Safety Recalls Team at safetyrecalls@mbusa.com."
"24V704","RIONL-24V704-3574.pdf","MERCEDES-BENZ","S 580","2022","Please find the interim owner notification letter for 24V704 distributed 08NOV2024. For any questions, please contact the Mercedes-Benz USA Safety Recalls Team at safetyrecalls@mbusa.com."
"24V704","RCRIT-24V704-7546.pdf","MERCEDES-BENZ","S 580","2022","Please find the updated remedy instruction and TSB for 24V704 distributed 13NOV2024. For any questions, please contact the Mercedes-Benz USA Safety Recalls Team at safetyrecalls@mbusa.com."
"24V704","RCRIT-24V704-6082.pdf","MERCEDES-BENZ","S 580","2022","Please find the remedy instruction and TSB for 24V704 distributed 08FEB2025.For any questions, please contact the Mercedes-Benz USA Safety Recalls Team at safetyrecalls@mbusa.com."
"24V704","RCRIT-24V704-2206.pdf","MERCEDES-BENZ","S 580","2022","Please find the remedy instruction and TSB for 24V704 distributed 20DEC2024. For any questions, please contact the Mercedes-Benz USA Safety Recalls Team at safetyrecalls@mbusa.com."
"24V704","RCONL-24V704-8809.pdf","MERCEDES-BENZ","S 580","2022","Please find the owner notification letter for 24V704 distributed 10JAN2025. For any questions, please contact the Mercedes-Benz USA Safety Recalls Team at safetyrecalls@mbusa.com."
"24V704","RCONL-24V704-4096.pdf","MERCEDES-BENZ","S 580","2022","Please find the owner notification letter for 24V704 distributed 15NOV2024. For any questions, please contact the Mercedes-Benz USA Safety Recalls Team at safetyrecalls@mbusa.com."
"24V704","RCMN-24V704-1258.pdf","MERCEDES-BENZ","S 580","2022","Please find the launch manufacturer's notice to dealers for 24V704 distributed 01NOV2024. For any questions, please contact the Mercedes-Benz USA Safety Recalls Team at safetyrecalls@mbusa.com."
"24V704","RCMN-24V704-3959.pdf","MERCEDES-BENZ","S 580","2022","Please find the updated launch manufacturer's notice to dealers for 24V704 distributed 13NOV2024. For any questions, please contact the Mercedes-Benz USA Safety Recalls Team at safetyrecalls@mbusa.com."
"24V704","RCMN-24V704-4558.pdf","MERCEDES-BENZ","S 580","2022","Please find the initial manufacturer's notice to dealers for 24V704 distributed 27SEP2024. For any questions, please contact the Mercedes-Benz USA Safety Recalls Team at safetyrecalls@mbusa.com."
"24V704","RCONL-24V704-4096.pdf","MERCEDES-BENZ","S 580","2023","Please find the owner notification letter for 24V704 distributed 15NOV2024. For any questions, please contact the Mercedes-Benz USA Safety Recalls Team at safetyrecalls@mbusa.com."
"24V704","RCRIT-24V704-7546.pdf","MERCEDES-BENZ","S 580","2023","Please find the updated remedy instruction and TSB for 24V704 distributed 13NOV2024. For any questions, please contact the Mercedes-Benz USA Safety Recalls Team at safetyrecalls@mbusa.com."
"24V704","RCRIT-24V704-6082.pdf","MERCEDES-BENZ","S 580","2023","Please find the remedy instruction and TSB for 24V704 distributed 08FEB2025.For any questions, please contact the Mercedes-Benz USA Safety Recalls Team at safetyrecalls@mbusa.com."
"24V755","RCONL-24V755-5447.pdf","GMC","SIERRA EV","2024","24V755 recall; the calculated photometric intensity ratio of the front turn signal lamp and the parking lamp is below the minimum value required when combined in a single lamp; owner notification letter"
"24V755","RCRIT-24V755-0682.pdf","GMC","SIERRA EV","2024","24V755 recall;  the calculated photometric intensity ratio of the front turn signal lamp and the parking lamp is below the minimum value required when combined in a single lamp; the service bulletin is revised to include a copy of the owner notification letter"
"24V755","RCRIT-24V755-4833.pdf","GMC","SIERRA EV","2024","24V755 recall; the calculated photometric intensity ratio of the front turn signal lamp and the parking lamp is below the minimum value required when combined in a single lamp; service bulletin"
"24V755","RMISC-24V755-4209.pdf","GMC","SIERRA EV","2024","24V755 recall; the calculated photometric intensity ratio of the front turn signal lamp and the parking lamp is below the minimum value required when combined in a single lamp; FAQs"
"24V755","RCRIT-24V755-9409.pdf","GMC","SIERRA EV","2024","24V755 recall; the calculated photometric intensity ratio of the front turn signal lamp and the parking lamp is below the minimum value required when combined in a single lamp; service bulletin is revised to clarify the service procedure"
"24V755","RMISC-24V755-3898.pdf","GMC","SIERRA EV","2024","24V755 recall; the calculated photometric intensity ratio of the front turn signal lamp and the parking lamp is below the minimum value required when combined in a single lamp; FAQs"
"24V755","RCMN-24V755-7348.pdf","GMC","SIERRA EV","2024","24V755 recall; the calculated photometric intensity ratio of the front turn signal lamp and the parking lamp is below the minimum value required when combined in a single lamp; dealer recall notification"
"24V755","RCMN-24V755-0380.pdf","GMC","SIERRA EV","2024","24V755 recall; the calculated photometric intensity ratio of the front turn signal lamp and the parking lamp is below the minimum value required when combined in a single lamp; dealer notification of recall launch"
"24V755","RCMN-24V755-8412.pdf","GMC","SIERRA EV","2024","24V755 recall; the calculated photometric intensity ratio of the front turn signal lamp and the parking lamp is below the minimum value required when combined in a single lamp; dealer notification of bulletin revision to clarify the service procedure"
"24V774","RCRIT-24V774-4686.pdf","FOREST RIVER","RIVERSTONE","2023","REMEDY INSTRUCTIONS FOR RECALL 24V775"
"24V774","RCMN-24V774-2435.pdf","FOREST RIVER","RIVERSTONE","2023","DEALER LETTER FOR RECALL 24V774"
"24V774","RCONL-24V774-8892.pdf","FOREST RIVER","RIVERSTONE","2023","OWNER LETTER FOR RECALL 24V774"
"24V774","RCONL-24V774-8892.pdf","FOREST RIVER","RIVERSTONE","2024","OWNER LETTER FOR RECALL 24V774"
"24V774","RCRIT-24V774-4686.pdf","FOREST RIVER","RIVERSTONE","2024","REMEDY INSTRUCTIONS FOR RECALL 24V775"
"24V774","RCMN-24V774-2435.pdf","FOREST RIVER","RIVERSTONE","2024","DEALER LETTER FOR RECALL 24V774"
"24V777","RCMN-24V777-9138.pdf","FORD","MUSTANG MACH E","2021","NEW VEHICLE DEMONSTRATION / DELIVERY HOLD -
Safety Recall 24S65
Certain 2021 Model Year Mach-E Vehicles
Anti-Lock Brake System (ABS) Software Update"
"24V777","RCONL-24V777-2392.pdf","FORD","MUSTANG MACH E","2021","24S65 Owner letter.  Mailed November 5, 2024"
"24V777","RCRN-24V777-2034.pdf","FORD","MUSTANG MACH E","2021","24S65 Renot.  Mailed February 3, 2025"
"24V790","RCONL-24V790-9895.pdf","VOLVO","VAH","2020","Vehicles equipped with Bendix EC 80 ABS and towing capability may get an ABS fault due to miscommunication with the trailer. This could impact the ABS/ESP/AEB performance which may result in improper responses from the ABS system. The system may respond incorrectly to the event which could increase the likelihood of a crash."
"24V790","RCMN-24V790-8199.pdf","VOLVO","VAH","2020","Vehicles equipped with Bendix EC 80 ABS and towing capability may get an ABS fault due to
miscommunication with the trailer. This could impact the ABS/ESP/AEB performance which may result in improper responses from the ABS system. The system may respond incorrectly to the event which could increase the likelihood of a crash."
"24V790","RCMN-24V790-2692.pdf","VOLVO","VAH","2021","Vehicles equipped with Bendix EC 80 ABS and towing capability may get an ABS fault due to miscommunication with the trailer. This could impact the ABS/ESP/AEB performance which may result in improper responses from the ABS system. The system may respond incorrectly to the event which could increase the likelihood of a crash."
"24V790","RCMN-24V790-8199.pdf","VOLVO","VAH","2021","Vehicles equipped with Bendix EC 80 ABS and towing capability may get an ABS fault due to
miscommunication with the trailer. This could impact the ABS/ESP/AEB performance which may result in improper responses from the ABS system. The system may respond incorrectly to the event which could increase the likelihood of a crash."
"24V790","RCRIT-24V790-6684.pdf","VOLVO","VAH","2022","Vehicles equipped with Bendix EC 80 ABS and towing capability may get an ABS fault due to miscommunication with the trailer. This could impact the ABS/ESP/AEB performance which may result in improper responses from the ABS system. The system may respond incorrectly to the event which could increase the likelihood of a crash."
"24V790","RCMN-24V790-8199.pdf","VOLVO","VAH","2022","Vehicles equipped with Bendix EC 80 ABS and towing capability may get an ABS fault due to
miscommunication with the trailer. This could impact the ABS/ESP/AEB performance which may result in improper responses from the ABS system. The system may respond incorrectly to the event which could increase the likelihood of a crash."
"24V790","RCRIT-24V790-6106.pdf","VOLVO","VAH","2023","Vehicles equipped with Bendix EC 80 ABS and towing capability may get an ABS fault due to miscommunication with the trailer. This could impact the ABS/ESP/AEB performance which may result in improper responses from the ABS system. The system may respond incorrectly to the event which could increase the likelihood of a crash."
"24V790","RCMN-24V790-8199.pdf","VOLVO","VAH","2023","Vehicles equipped with Bendix EC 80 ABS and towing capability may get an ABS fault due to
miscommunication with the trailer. This could impact the ABS/ESP/AEB performance which may result in improper responses from the ABS system. The system may respond incorrectly to the event which could increase the likelihood of a crash."
"24V790","RCRIT-24V790-6106.pdf","VOLVO","VAH","2024","Vehicles equipped with Bendix EC 80 ABS and towing capability may get an ABS fault due to miscommunication with the trailer. This could impact the ABS/ESP/AEB performance which may result in improper responses from the ABS system. The system may respond incorrectly to the event which could increase the likelihood of a crash."
"24V790","RCMN-24V790-8199.pdf","VOLVO","VAH","2024","Vehicles equipped with Bendix EC 80 ABS and towing capability may get an ABS fault due to
miscommunication with the trailer. This could impact the ABS/ESP/AEB performance which may result in improper responses from the ABS system. The system may respond incorrectly to the event which could increase the likelihood of a crash."
"24V790","RCMN-24V790-6888.pdf","VOLVO","VAH","2025","Vehicles equipped with Bendix EC 80 ABS and towing capability may get an ABS fault due to miscommunication with the trailer. This could impact the ABS/ESP/AEB performance which may result in improper responses from the ABS system. The system may respond incorrectly to the event which could increase the likelihood of a crash."
"24V790","RCMN-24V790-8199.pdf","VOLVO","VAH","2025","Vehicles equipped with Bendix EC 80 ABS and towing capability may get an ABS fault due to
miscommunication with the trailer. This could impact the ABS/ESP/AEB performance which may result in improper responses from the ABS system. The system may respond incorrectly to the event which could increase the likelihood of a crash."
"24V790","RMISC-24V790-9902.pdf","VOLVO","VHD","2020","Vehicles equipped with Bendix EC 80 ABS and towing capability may get an ABS fault due to miscommunication with the trailer. This could impact the ABS/ESP/AEB performance which may result in improper responses from the ABS system. The system may respond incorrectly to the event which could increase the likelihood of a crash."
"24V790","RCMN-24V790-8199.pdf","VOLVO","VHD","2020","Vehicles equipped with Bendix EC 80 ABS and towing capability may get an ABS fault due to
miscommunication with the trailer. This could impact the ABS/ESP/AEB performance which may result in improper responses from the ABS system. The system may respond incorrectly to the event which could increase the likelihood of a crash."
"24V790","RCONL-24V790-1709.pdf","VOLVO","VHD","2021","Vehicles equipped with Bendix EC 80 ABS and towing capability may get an ABS fault due to miscommunication with the trailer. This could impact the ABS/ESP/AEB performance which may result in improper responses from the ABS system. The system may respond incorrectly to the event which could increase the likelihood of a crash."
"24V790","RCRIT-24V790-4552.pdf","VOLVO","VHD","2021","Vehicles equipped with Bendix EC 80 ABS and towing capability may get an ABS fault due to
miscommunication with the trailer. This could impact the ABS/ESP/AEB performance which may result in improper responses from the ABS system. The system may respond incorrectly to the event which could increase the likelihood of a crash."
"24V790","RCONL-24V790-9895.pdf","VOLVO","VHD","2022","Vehicles equipped with Bendix EC 80 ABS and towing capability may get an ABS fault due to miscommunication with the trailer. This could impact the ABS/ESP/AEB performance which may result in improper responses from the ABS system. The system may respond incorrectly to the event which could increase the likelihood of a crash."
"24V790","RCRIT-24V790-4552.pdf","VOLVO","VHD","2022","Vehicles equipped with Bendix EC 80 ABS and towing capability may get an ABS fault due to
miscommunication with the trailer. This could impact the ABS/ESP/AEB performance which may result in improper responses from the ABS system. The system may respond incorrectly to the event which could increase the likelihood of a crash."
"24V790","RCRIT-24V790-6684.pdf","VOLVO","VHD","2023","Vehicles equipped with Bendix EC 80 ABS and towing capability may get an ABS fault due to miscommunication with the trailer. This could impact the ABS/ESP/AEB performance which may result in improper responses from the ABS system. The system may respond incorrectly to the event which could increase the likelihood of a crash."
"24V790","RCRIT-24V790-4552.pdf","VOLVO","VHD","2023","Vehicles equipped with Bendix EC 80 ABS and towing capability may get an ABS fault due to
miscommunication with the trailer. This could impact the ABS/ESP/AEB performance which may result in improper responses from the ABS system. The system may respond incorrectly to the event which could increase the likelihood of a crash."
"24V790","RCMN-24V790-2692.pdf","VOLVO","VHD","2024","Vehicles equipped with Bendix EC 80 ABS and towing capability may get an ABS fault due to miscommunication with the trailer. This could impact the ABS/ESP/AEB performance which may result in improper responses from the ABS system. The system may respond incorrectly to the event which could increase the likelihood of a crash."
"24V790","RCRIT-24V790-4552.pdf","VOLVO","VHD","2024","Vehicles equipped with Bendix EC 80 ABS and towing capability may get an ABS fault due to
miscommunication with the trailer. This could impact the ABS/ESP/AEB performance which may result in improper responses from the ABS system. The system may respond incorrectly to the event which could increase the likelihood of a crash."
"24V790","RCONL-24V790-1709.pdf","VOLVO","VHD","2025","Vehicles equipped with Bendix EC 80 ABS and towing capability may get an ABS fault due to miscommunication with the trailer. This could impact the ABS/ESP/AEB performance which may result in improper responses from the ABS system. The system may respond incorrectly to the event which could increase the likelihood of a crash."
"24V790","RCMN-24V790-8199.pdf","VOLVO","VHD","2025","Vehicles equipped with Bendix EC 80 ABS and towing capability may get an ABS fault due to
miscommunication with the trailer. This could impact the ABS/ESP/AEB performance which may result in improper responses from the ABS system. The system may respond incorrectly to the event which could increase the likelihood of a crash."
"24V790","RCMN-24V790-6888.pdf","VOLVO","VN","2020","Vehicles equipped with Bendix EC 80 ABS and towing capability may get an ABS fault due to miscommunication with the trailer. This could impact the ABS/ESP/AEB performance which may result in improper responses from the ABS system. The system may respond incorrectly to the event which could increase the likelihood of a crash."
"24V792","RCMN-24V792-0170.pdf","MACK","ANTHEM (AN)","2020","Vehicles equipped with Bendix EC 80 ABS and towing capability may get an ABS fault due to miscommunication with the trailer. This could impact the ABS/ESP/AEB performance which may result in improper responses from the ABS system. The system may respond incorrectly to the event which could increase the likelihood of a crash."
"24V792","RCMN-24V792-8497.pdf","MACK","ANTHEM (AN)","2020","Vehicles equipped with Bendix EC 80 ABS and towing capability may get an ABS fault due to
miscommunication with the trailer. This could impact the ABS/ESP/AEB performance which may result in improper responses from the ABS system. The system may respond incorrectly to the event which could increase the likelihood of a crash."
"24V792","RMISC-24V792-0715.pdf","MACK","ANTHEM (AN)","2020","Mack Trucks has determined that certain AN, GR, PI, and TE model vehicles equipped with Bendix EC-80 ABS and towing capability may get an ABS fault due to miscommunication with the trailer. This could impact the ABS/ESP/AEB performance which could result in improper responses from the ABS system. The system may respond incorrectly to the event which could increase the likelihood of a crash."
"24V792","RCMN-24V792-0170.pdf","MACK","ANTHEM (AN)","2021","Vehicles equipped with Bendix EC 80 ABS and towing capability may get an ABS fault due to miscommunication with the trailer. This could impact the ABS/ESP/AEB performance which may result in improper responses from the ABS system. The system may respond incorrectly to the event which could increase the likelihood of a crash."
"24V792","RCRIT-24V792-2113.pdf","MACK","ANTHEM (AN)","2021","Vehicles equipped with Bendix EC 80 ABS and towing capability may get an ABS fault due to
miscommunication with the trailer. This could impact the ABS/ESP/AEB performance which may result in improper responses from the ABS system. The system may respond incorrectly to the event which could increase the likelihood of a crash."
"24V792","RCRIT-24V792-1365.pdf","MACK","ANTHEM (AN)","2021","Mack Trucks has determined that certain AN, GR, PI, and TE model vehicles equipped with Bendix EC-80 ABS and towing capability may get an ABS fault due to miscommunication with the trailer. This could impact the ABS/ESP/AEB performance which could result in improper responses from the ABS system. The system may respond incorrectly to the event which could increase the likelihood of a crash."
"24V792","RCONL-24V792-0860.pdf","MACK","ANTHEM (AN)","2022","Vehicles equipped with Bendix EC 80 ABS and towing capability may get an ABS fault due to miscommunication with the trailer. This could impact the ABS/ESP/AEB performance which may result in improper responses from the ABS system. The system may respond incorrectly to the event which could increase the likelihood of a crash."
"24V792","RMISC-24V792-0715.pdf","MACK","ANTHEM (AN)","2022","Mack Trucks has determined that certain AN, GR, PI, and TE model vehicles equipped with Bendix EC-80 ABS and towing capability may get an ABS fault due to miscommunication with the trailer. This could impact the ABS/ESP/AEB performance which could result in improper responses from the ABS system. The system may respond incorrectly to the event which could increase the likelihood of a crash."
"24V792","RCRIT-24V792-2113.pdf","MACK","ANTHEM (AN)","2022","Vehicles equipped with Bendix EC 80 ABS and towing capability may get an ABS fault due to
miscommunication with the trailer. This could impact the ABS/ESP/AEB performance which may result in improper responses from the ABS system. The system may respond incorrectly to the event which could increase the likelihood of a crash."
"24V792","RCRIT-24V792-5589.pdf","MACK","ANTHEM (AN)","2023","Vehicles equipped with Bendix EC 80 ABS and towing capability may get an ABS fault due to miscommunication with the trailer. This could impact the ABS/ESP/AEB performance which may result in improper responses from the ABS system. The system may respond incorrectly to the event which could increase the likelihood of a crash."
"24V792","RCMN-24V792-8497.pdf","MACK","ANTHEM (AN)","2023","Vehicles equipped with Bendix EC 80 ABS and towing capability may get an ABS fault due to
miscommunication with the trailer. This could impact the ABS/ESP/AEB performance which may result in improper responses from the ABS system. The system may respond incorrectly to the event which could increase the likelihood of a crash."
"24V792","RCRIT-24V792-1365.pdf","MACK","ANTHEM (AN)","2023","Mack Trucks has determined that certain AN, GR, PI, and TE model vehicles equipped with Bendix EC-80 ABS and towing capability may get an ABS fault due to miscommunication with the trailer. This could impact the ABS/ESP/AEB performance which could result in improper responses from the ABS system. The system may respond incorrectly to the event which could increase the likelihood of a crash."
"24V792","RMISC-24V792-0715.pdf","MACK","ANTHEM (AN)","2024","Mack Trucks has determined that certain AN, GR, PI, and TE model vehicles equipped with Bendix EC-80 ABS and towing capability may get an ABS fault due to miscommunication with the trailer. This could impact the ABS/ESP/AEB performance which could result in improper responses from the ABS system. The system may respond incorrectly to the event which could increase the likelihood of a crash."
"24V792","RCMN-24V792-0170.pdf","MACK","ANTHEM (AN)","2024","Vehicles equipped with Bendix EC 80 ABS and towing capability may get an ABS fault due to miscommunication with the trailer. This could impact the ABS/ESP/AEB performance which may result in improper responses from the ABS system. The system may respond incorrectly to the event which could increase the likelihood of a crash."
"24V792","RCMN-24V792-8497.pdf","MACK","ANTHEM (AN)","2024","Vehicles equipped with Bendix EC 80 ABS and towing capability may get an ABS fault due to
miscommunication with the trailer. This could impact the ABS/ESP/AEB performance which may result in improper responses from the ABS system. The system may respond incorrectly to the event which could increase the likelihood of a crash."
"24V792","RCRIT-24V792-5589.pdf","MACK","ANTHEM (AN)","2025","Vehicles equipped with Bendix EC 80 ABS and towing capability may get an ABS fault due to miscommunication with the trailer. This could impact the ABS/ESP/AEB performance which may result in improper responses from the ABS system. The system may respond incorrectly to the event which could increase the likelihood of a crash."
"24V792","RCRIT-24V792-2113.pdf","MACK","ANTHEM (AN)","2025","Vehicles equipped with Bendix EC 80 ABS and towing capability may get an ABS fault due to
miscommunication with the trailer. This could impact the ABS/ESP/AEB performance which may result in improper responses from the ABS system. The system may respond incorrectly to the event which could increase the likelihood of a crash."
"24V792","RCRIT-24V792-1365.pdf","MACK","ANTHEM (AN)","2025","Mack Trucks has determined that certain AN, GR, PI, and TE model vehicles equipped with Bendix EC-80 ABS and towing capability may get an ABS fault due to miscommunication with the trailer. This could impact the ABS/ESP/AEB performance which could result in improper responses from the ABS system. The system may respond incorrectly to the event which could increase the likelihood of a crash."
"24V792","RCMN-24V792-7289.pdf","MACK","GRANITE (GR)","2020","Vehicles equipped with Bendix EC 80 ABS and towing capability may get an ABS fault due to miscommunication with the trailer. This could impact the ABS/ESP/AEB performance which may result in improper responses from the ABS system. The system may respond incorrectly to the event which could increase the likelihood of a crash."
"24V792","RCRIT-24V792-2113.pdf","MACK","GRANITE (GR)","2020","Vehicles equipped with Bendix EC 80 ABS and towing capability may get an ABS fault due to
miscommunication with the trailer. This could impact the ABS/ESP/AEB performance which may result in improper responses from the ABS system. The system may respond incorrectly to the event which could increase the likelihood of a crash."
"24V792","RMISC-24V792-0715.pdf","MACK","GRANITE (GR)","2020","Mack Trucks has determined that certain AN, GR, PI, and TE model vehicles equipped with Bendix EC-80 ABS and towing capability may get an ABS fault due to miscommunication with the trailer. This could impact the ABS/ESP/AEB performance which could result in improper responses from the ABS system. The system may respond incorrectly to the event which could increase the likelihood of a crash."
"24V792","RCONL-24V792-3215.pdf","MACK","GRANITE (GR)","2021","Vehicles equipped with Bendix EC 80 ABS and towing capability may get an ABS fault due to miscommunication with the trailer. This could impact the ABS/ESP/AEB performance which may result in improper responses from the ABS system. The system may respond incorrectly to the event which could increase the likelihood of a crash."
"24V792","RMISC-24V792-0715.pdf","MACK","GRANITE (GR)","2021","Mack Trucks has determined that certain AN, GR, PI, and TE model vehicles equipped with Bendix EC-80 ABS and towing capability may get an ABS fault due to miscommunication with the trailer. This could impact the ABS/ESP/AEB performance which could result in improper responses from the ABS system. The system may respond incorrectly to the event which could increase the likelihood of a crash."
"24V792","RCMN-24V792-8497.pdf","MACK","GRANITE (GR)","2021","Vehicles equipped with Bendix EC 80 ABS and towing capability may get an ABS fault due to
miscommunication with the trailer. This could impact the ABS/ESP/AEB performance which may result in improper responses from the ABS system. The system may respond incorrectly to the event which could increase the likelihood of a crash."
"24V792","RCRIT-24V792-1365.pdf","MACK","GRANITE (GR)","2022","Mack Trucks has determined that certain AN, GR, PI, and TE model vehicles equipped with Bendix EC-80 ABS and towing capability may get an ABS fault due to miscommunication with the trailer. This could impact the ABS/ESP/AEB performance which could result in improper responses from the ABS system. The system may respond incorrectly to the event which could increase the likelihood of a crash."
"24V801","RCMN-24V801-9342.pdf","FORD","EXPLORER","2025","NEW VEHICLE DEMONSTRATION / DELIVERY HOLD - Advance Notice -
Compliance Recall 24C34
Certain 2025 Model Year Lincoln Aviator and Ford Explorer Vehicles
Accessory Protocol Interface Module Software Update - Loss of Rear View
Camera Image"
"24V801","RIONL-24V801-3571.pdf","FORD","EXPLORER","2025","24C34 Interim owner letter.  Mailed December 19, 2024"
"24V801","RCMN-24V801-0759.pdf","FORD","EXPLORER","2025","NEW VEHICLE DEMONSTRATION / DELIVERY HOLD 
Compliance Recall 24C34
Certain 2025 Model Year Lincoln Aviator and Ford Explorer Vehicles
Accessory Protocol Interface Module Software Update - Loss of Rear View
Camera Image"
"24V801","RCONL-24V801-9186.pdf","FORD","EXPLORER","2025","24C34 Parts available owner letter.  Mailed March 28, 2025"
"24V801","RCMN-24V801-9342.pdf","LINCOLN","AVIATOR","2025","NEW VEHICLE DEMONSTRATION / DELIVERY HOLD - Advance Notice -
Compliance Recall 24C34
Certain 2025 Model Year Lincoln Aviator and Ford Explorer Vehicles
Accessory Protocol Interface Module Software Update - Loss of Rear View
Camera Image"
"24V801","RCONL-24V801-9186.pdf","LINCOLN","AVIATOR","2025","24C34 Parts available owner letter.  Mailed March 28, 2025"
"24V801","RIONL-24V801-3571.pdf","LINCOLN","AVIATOR","2025","24C34 Interim owner letter.  Mailed December 19, 2024"
"24V801","RCMN-24V801-0759.pdf","LINCOLN","AVIATOR","2025","NEW VEHICLE DEMONSTRATION / DELIVERY HOLD 
Compliance Recall 24C34
Certain 2025 Model Year Lincoln Aviator and Ford Explorer Vehicles
Accessory Protocol Interface Module Software Update - Loss of Rear View
Camera Image"
"24V816","RCONL-24V816-5470.pdf","MAZDA","CX-90","2024","This notice is sent to you in accordance with the National Traffic and Motor Vehicle Safety Act.
Mazda Motor Corporation has decided that a defect which relates to motor vehicle safety exists in certain 2024-2025MY CX-90 vehicles produced from December 27, 2022 through June 25, 2024, and 2025MY CX-70 vehicles produced from December 5, 2023 through July 1, 2024. If you receive this notice, your vehicle is included in this recall.

What are the problem(s)?
Your vehicle may experience one or more software errors that can result in a loss of drive power or an engine stall, increasing the risk of a crash.

24V-816 - Engine May Stall at Idle from Software Errors
Due to improper software in the Powertrain Control Module (PCM) and Battery Energy Control Module (BECM), the engine may not restart while idling from auto engine stop (i-stop). In this condition, the engine warning light will illuminate, a ""Hybrid System Malfunction"" message will appear, and a warning chime may sound. Failure to restart the engine from idle may increase the risk of a crash."
"24V818","RCONL-24V818-2510.pdf","INTERNATIONAL","HV","2021","International's 24515 Customer Letter"
"24V818","RCMN-24V818-9569.pdf","INTERNATIONAL","HV","2021","International's Dealer letter for 24515"
"24V818","RCONL-24V818-2510.pdf","INTERNATIONAL","HV","2022","International's 24515 Customer Letter"
"24V818","RCMN-24V818-9569.pdf","INTERNATIONAL","HV","2022","International's Dealer letter for 24515"
"24V818","RCMN-24V818-9569.pdf","INTERNATIONAL","HV","2023","International's Dealer letter for 24515"
"24V818","RCONL-24V818-2510.pdf","INTERNATIONAL","HV","2023","International's 24515 Customer Letter"
"24V818","RCONL-24V818-2510.pdf","INTERNATIONAL","HV","2024","International's 24515 Customer Letter"
"24V818","RCMN-24V818-9569.pdf","INTERNATIONAL","HV","2024","International's Dealer letter for 24515"
"24V818","RCMN-24V818-9569.pdf","INTERNATIONAL","HV","2025","International's Dealer letter for 24515"
"24V818","RCONL-24V818-2510.pdf","INTERNATIONAL","HV","2025","International's 24515 Customer Letter"
"24V818","RCMN-24V818-9569.pdf","INTERNATIONAL","HX","2021","International's Dealer letter for 24515"
"24V818","RCONL-24V818-2510.pdf","INTERNATIONAL","HX","2021","International's 24515 Customer Letter"
"24V818","RCMN-24V818-9569.pdf","INTERNATIONAL","HX","2022","International's Dealer letter for 24515"
"24V818","RCONL-24V818-2510.pdf","INTERNATIONAL","HX","2022","International's 24515 Customer Letter"
"24V818","RCMN-24V818-9569.pdf","INTERNATIONAL","HX","2023","International's Dealer letter for 24515"
"24V818","RCONL-24V818-2510.pdf","INTERNATIONAL","HX","2023","International's 24515 Customer Letter"
"24V818","RCMN-24V818-9569.pdf","INTERNATIONAL","HX","2024","International's Dealer letter for 24515"
"24V818","RCONL-24V818-2510.pdf","INTERNATIONAL","HX","2024","International's 24515 Customer Letter"
"24V818","RCMN-24V818-9569.pdf","INTERNATIONAL","HX","2025","International's Dealer letter for 24515"
"24V818","RCONL-24V818-2510.pdf","INTERNATIONAL","HX","2025","International's 24515 Customer Letter"
"24V818","RCMN-24V818-9569.pdf","INTERNATIONAL","LONESTAR","2021","International's Dealer letter for 24515"
"24V818","RCONL-24V818-2510.pdf","INTERNATIONAL","LONESTAR","2021","International's 24515 Customer Letter"
"24V818","RCMN-24V818-9569.pdf","INTERNATIONAL","LONESTAR","2022","International's Dealer letter for 24515"
"24V818","RCONL-24V818-2510.pdf","INTERNATIONAL","LONESTAR","2022","International's 24515 Customer Letter"
"24V818","RCMN-24V818-9569.pdf","INTERNATIONAL","LONESTAR","2023","International's Dealer letter for 24515"
"24V833","RCONL-24V833-2911.pdf","KAWASAKI","NINJA 7 HYBRID","2024","Customer letter explaining recall and remedy."
"24V833","RCMN-24V833-1641.pdf","KAWASAKI","NINJA 7 HYBRID","2024","IMPORTANT STOP SALE NOTICE SENT TO THE DEALERS TO STOP RETAIL SALES AND DELIVERY OF 2024 Z7 HYBRID ABS AND NINJA 7 HYBRID ABS"
"24V833","RCONL-24V833-2911.pdf","KAWASAKI","Z7 HYBRID","2024","Customer letter explaining recall and remedy."
"24V833","RCMN-24V833-1641.pdf","KAWASAKI","Z7 HYBRID","2024","IMPORTANT STOP SALE NOTICE SENT TO THE DEALERS TO STOP RETAIL SALES AND DELIVERY OF 2024 Z7 HYBRID ABS AND NINJA 7 HYBRID ABS"
"24V851","RCMN-24V851-8674.pdf","FORD","EXPEDITION","2024","NEW VEHICLE DEMONSTRATION / DELIVERY HOLD - Advance Notice -
Supplement #1 - Safety Recall 24S70
Certain 2024-2025 F150, 2024 Expedition, and 2024 Navigator Vehicles
Engine Cup Plug Inspection"
"24V851","RCMN-24V851-4344.pdf","FORD","EXPEDITION","2024","NEW VEHICLE DEMONSTRATION / DELIVERY HOLD - Advance Notice - Safety
Recall 24S70
Certain 2024-2025 F150, 2024 Expedition, and 2024 Navigator Vehicles
Engine Cup Plug Inspection"
"24V851","RIONL-24V851-7349.pdf","FORD","EXPEDITION","2024","24S70 Interim owner letter.  Mailed January 10, 2025"
"24V851","RIONL-24V851-3174.pdf","FORD","EXPEDITION","2024","24S70 Interim owner letter.  Mailed December 6, 2024"
"24V851","RIONL-24V851-4377.pdf","FORD","EXPEDITION","2024","24S70 Interim owner letter.  Mailed April 4, 2025."
"24V851","RIONL-24V851-3174.pdf","FORD","F-150","2024","24S70 Interim owner letter.  Mailed December 6, 2024"
"24V851","RCMN-24V851-4344.pdf","FORD","F-150","2024","NEW VEHICLE DEMONSTRATION / DELIVERY HOLD - Advance Notice - Safety
Recall 24S70
Certain 2024-2025 F150, 2024 Expedition, and 2024 Navigator Vehicles
Engine Cup Plug Inspection"
"24V851","RIONL-24V851-4377.pdf","FORD","F-150","2024","24S70 Interim owner letter.  Mailed April 4, 2025."
"24V851","RIONL-24V851-7349.pdf","FORD","F-150","2024","24S70 Interim owner letter.  Mailed January 10, 2025"
"24V851","RCMN-24V851-8674.pdf","FORD","F-150","2024","NEW VEHICLE DEMONSTRATION / DELIVERY HOLD - Advance Notice -
Supplement #1 - Safety Recall 24S70
Certain 2024-2025 F150, 2024 Expedition, and 2024 Navigator Vehicles
Engine Cup Plug Inspection"
"24V851","RIONL-24V851-4377.pdf","FORD","F-150","2025","24S70 Interim owner letter.  Mailed April 4, 2025."
"24V851","RIONL-24V851-7349.pdf","FORD","F-150","2025","24S70 Interim owner letter.  Mailed January 10, 2025"
"24V851","RIONL-24V851-3174.pdf","FORD","F-150","2025","24S70 Interim owner letter.  Mailed December 6, 2024"
"24V851","RCMN-24V851-4344.pdf","FORD","F-150","2025","NEW VEHICLE DEMONSTRATION / DELIVERY HOLD - Advance Notice - Safety
Recall 24S70
Certain 2024-2025 F150, 2024 Expedition, and 2024 Navigator Vehicles
Engine Cup Plug Inspection"
"24V851","RCMN-24V851-8674.pdf","FORD","F-150","2025","NEW VEHICLE DEMONSTRATION / DELIVERY HOLD - Advance Notice -
Supplement #1 - Safety Recall 24S70
Certain 2024-2025 F150, 2024 Expedition, and 2024 Navigator Vehicles
Engine Cup Plug Inspection"
"24V851","RCMN-24V851-8674.pdf","LINCOLN","NAVIGATOR","2024","NEW VEHICLE DEMONSTRATION / DELIVERY HOLD - Advance Notice -
Supplement #1 - Safety Recall 24S70
Certain 2024-2025 F150, 2024 Expedition, and 2024 Navigator Vehicles
Engine Cup Plug Inspection"
"24V851","RIONL-24V851-4377.pdf","LINCOLN","NAVIGATOR","2024","24S70 Interim owner letter.  Mailed April 4, 2025."
"24V851","RIONL-24V851-7349.pdf","LINCOLN","NAVIGATOR","2024","24S70 Interim owner letter.  Mailed January 10, 2025"
"24V851","RIONL-24V851-3174.pdf","LINCOLN","NAVIGATOR","2024","24S70 Interim owner letter.  Mailed December 6, 2024"
"24V851","RCMN-24V851-4344.pdf","LINCOLN","NAVIGATOR","2024","NEW VEHICLE DEMONSTRATION / DELIVERY HOLD - Advance Notice - Safety
Recall 24S70
Certain 2024-2025 F150, 2024 Expedition, and 2024 Navigator Vehicles
Engine Cup Plug Inspection"
"24V875","RCONL-24V875-6050.pdf","VOLKSWAGEN","ID.4","2023","Owner notice USA - recall remedy available.There were no Puerto Rico owners for this notification mailing."
"24V875","RCMN-24V875-1623.pdf","VOLKSWAGEN","ID.4","2023","Advance recall notice to dealers."
"24V875","RCMN-24V875-8019.pdf","VOLKSWAGEN","ID.4","2023","Dealer notice - recall remedy available"
"24V875","RCRIT-24V875-9958.pdf","VOLKSWAGEN","ID.4","2023","Recall remedy instructions for dealers"
"24V892","RCMN-24V892-2628.pdf","MASERATI","GRANTURISMO","2024","Q&A for Campaign 761 published to Dealer and Customer Care team on 12/03/2024"
"24V892","RCRIT-24V892-2995.pdf","MASERATI","GRANTURISMO","2024","Remedy Instruction for Safety Campaign 761 to update CVPAM software released on 12/03/2024"
"24V892","RCMN-24V892-0479.pdf","MASERATI","GRANTURISMO","2024","Stop Sale Notification for Campaign 761 submitted on 12/03/2024"
"24V892","RCMN-24V892-5201.pdf","MASERATI","GRANTURISMO","2024","US Dealer Letter submitted for Campaign 761 on 12/03/2024"
"24V892","RCONL-24V892-2092.pdf","MASERATI","GRANTURISMO","2024","Final Owner Communication Letter for Campaign 761 mail completed on 12/20/2024"
"24V892","RCONL-24V892-2092.pdf","MASERATI","GRECALE","2023","Final Owner Communication Letter for Campaign 761 mail completed on 12/20/2024"
"24V892","RCMN-24V892-0479.pdf","MASERATI","GRECALE","2023","Stop Sale Notification for Campaign 761 submitted on 12/03/2024"
"24V892","RCMN-24V892-5201.pdf","MASERATI","GRECALE","2023","US Dealer Letter submitted for Campaign 761 on 12/03/2024"
"24V892","RCRIT-24V892-2995.pdf","MASERATI","GRECALE","2023","Remedy Instruction for Safety Campaign 761 to update CVPAM software released on 12/03/2024"
"24V892","RCMN-24V892-2628.pdf","MASERATI","GRECALE","2023","Q&A for Campaign 761 published to Dealer and Customer Care team on 12/03/2024"
"24V892","RCMN-24V892-0479.pdf","MASERATI","GRECALE","2024","Stop Sale Notification for Campaign 761 submitted on 12/03/2024"
"24V892","RCMN-24V892-5201.pdf","MASERATI","GRECALE","2024","US Dealer Letter submitted for Campaign 761 on 12/03/2024"
"24V892","RCRIT-24V892-2995.pdf","MASERATI","GRECALE","2024","Remedy Instruction for Safety Campaign 761 to update CVPAM software released on 12/03/2024"
"24V892","RCONL-24V892-2092.pdf","MASERATI","GRECALE","2024","Final Owner Communication Letter for Campaign 761 mail completed on 12/20/2024"
"24V892","RCMN-24V892-2628.pdf","MASERATI","GRECALE","2024","Q&A for Campaign 761 published to Dealer and Customer Care team on 12/03/2024"
"24V915","RCONL-24V915-2011.pdf","KENWORTH","C500B","2024","The attached letter informs customers of the presence of a safety related issue involving the Bendix EC80 ABS ECU and instructs them to contact their local dealer to schedule repairs."
"24V915","RCMN-24V915-4616.pdf","KENWORTH","C500B","2024","Safety Recall
Updated software and procedures are now available.

Certain Vehicle Model Year 2021-2025 Kenworth chassis configured for trailer towing require a software update for the Bendix EC80 ABS ECU.

Software update procedures for certain Battery-Electric Vehicles (BEV) and EC80 ABS ECU Part numbers are not yet available.

This bulletin will be updated when software update procedures are available for these chassis."
"24V915","RCMN-24V915-1701.pdf","KENWORTH","C500B","2024","This bulletin informs dealers of the presence of a safety related issue involving the Bendix EC80 ABS ECU. The bulletin provides procedures for updating software to address the issue."
"24V915","RCONL-24V915-5916.pdf","KENWORTH","C500B","2024","This notice is sent to you in accordance with the National Traffic and Motor Vehicle Safety Act.
Kenworth Truck Company has decided that a defect, which relates to motor vehicle safety, exists in certain Vehicle Model Year 2021-2025 Kenworth chassis configured for trailer towing manufactured from 05/22/2020  through 12/03/2024. 
Electronic noise and/or low signal strength on the Power Line Carrier (PLC) signal from a trailer to the Bendix EC80 ABS ECU could cause the ABS system to incorrectly process certain signals. This can lead to the Bendix EC80 ABS ECU setting faults, malfunctioning, or not operating. ABS faults could affect the operation of other ABS-connected systems such as Automatic Traction Control, Electronic Stability Control, Active Cruise Control, and/or Collision Mitigation System.
These faults could cause the ABS system to respond incorrectly to a stability or automated braking event, increasing the risk of a crash. The ABS warning lamp will be illuminated in the event of faults in the ABS system or when the ABS system stops operating.
Kenworth has initiated a recall in cooperation with Bendix to remedy the defect. Please contact your Kenworth dealer. You can find your nearest Kenworth dealer using the Dealer Locator on our website www.Kenworth.com or by scanning the QR code on this letter.
This repair may take up to 1 hour of labor depending on dealer scheduling. This repair will be performed at no charge to you."
"24V915","RCSB-24V915-7223.pdf","KENWORTH","C500B","2024","The attached, as-published safety recall for 24PBL informs dealers of the presence of a safety related issue concerning the Bendix EC80, ABS ECU. The bulletin provides procedures to perform a software update to address the issue."
"24V915","RCONL-24V915-5916.pdf","KENWORTH","C500B","2025","This notice is sent to you in accordance with the National Traffic and Motor Vehicle Safety Act.
Kenworth Truck Company has decided that a defect, which relates to motor vehicle safety, exists in certain Vehicle Model Year 2021-2025 Kenworth chassis configured for trailer towing manufactured from 05/22/2020  through 12/03/2024. 
Electronic noise and/or low signal strength on the Power Line Carrier (PLC) signal from a trailer to the Bendix EC80 ABS ECU could cause the ABS system to incorrectly process certain signals. This can lead to the Bendix EC80 ABS ECU setting faults, malfunctioning, or not operating. ABS faults could affect the operation of other ABS-connected systems such as Automatic Traction Control, Electronic Stability Control, Active Cruise Control, and/or Collision Mitigation System.
These faults could cause the ABS system to respond incorrectly to a stability or automated braking event, increasing the risk of a crash. The ABS warning lamp will be illuminated in the event of faults in the ABS system or when the ABS system stops operating.
Kenworth has initiated a recall in cooperation with Bendix to remedy the defect. Please contact your Kenworth dealer. You can find your nearest Kenworth dealer using the Dealer Locator on our website www.Kenworth.com or by scanning the QR code on this letter.
This repair may take up to 1 hour of labor depending on dealer scheduling. This repair will be performed at no charge to you."
"24V915","RCSB-24V915-7223.pdf","KENWORTH","C500B","2025","The attached, as-published safety recall for 24PBL informs dealers of the presence of a safety related issue concerning the Bendix EC80, ABS ECU. The bulletin provides procedures to perform a software update to address the issue."
"24V915","RCSB-24V915-3554.pdf","KENWORTH","C500B","2025","Safety Recall
Updated software and procedures are now available.

Certain Vehicle Model Year 2021-2025 Kenworth chassis configured for trailer towing require a software update for the Bendix EC80 ABS ECU.

Software update procedures for certain Battery-Electric Vehicles (BEV) and EC80 ABS ECU Part numbers are not yet available.

This bulletin will be updated when software update procedures are available for these chassis."
"24V915","RCONL-24V915-2011.pdf","KENWORTH","C500B","2025","The attached letter informs customers of the presence of a safety related issue involving the Bendix EC80 ABS ECU and instructs them to contact their local dealer to schedule repairs."
"24V915","RCMN-24V915-1701.pdf","KENWORTH","C500B","2025","This bulletin informs dealers of the presence of a safety related issue involving the Bendix EC80 ABS ECU. The bulletin provides procedures for updating software to address the issue."
"24V915","RCSB-24V915-3554.pdf","KENWORTH","T280","2023","Safety Recall
Updated software and procedures are now available.

Certain Vehicle Model Year 2021-2025 Kenworth chassis configured for trailer towing require a software update for the Bendix EC80 ABS ECU.

Software update procedures for certain Battery-Electric Vehicles (BEV) and EC80 ABS ECU Part numbers are not yet available.

This bulletin will be updated when software update procedures are available for these chassis."
"24V915","RCMN-24V915-1701.pdf","KENWORTH","T280","2023","This bulletin informs dealers of the presence of a safety related issue involving the Bendix EC80 ABS ECU. The bulletin provides procedures for updating software to address the issue."
"24V915","RCONL-24V915-2011.pdf","KENWORTH","T280","2023","The attached letter informs customers of the presence of a safety related issue involving the Bendix EC80 ABS ECU and instructs them to contact their local dealer to schedule repairs."
"24V915","RCONL-24V915-5916.pdf","KENWORTH","T280","2023","This notice is sent to you in accordance with the National Traffic and Motor Vehicle Safety Act.
Kenworth Truck Company has decided that a defect, which relates to motor vehicle safety, exists in certain Vehicle Model Year 2021-2025 Kenworth chassis configured for trailer towing manufactured from 05/22/2020  through 12/03/2024. 
Electronic noise and/or low signal strength on the Power Line Carrier (PLC) signal from a trailer to the Bendix EC80 ABS ECU could cause the ABS system to incorrectly process certain signals. This can lead to the Bendix EC80 ABS ECU setting faults, malfunctioning, or not operating. ABS faults could affect the operation of other ABS-connected systems such as Automatic Traction Control, Electronic Stability Control, Active Cruise Control, and/or Collision Mitigation System.
These faults could cause the ABS system to respond incorrectly to a stability or automated braking event, increasing the risk of a crash. The ABS warning lamp will be illuminated in the event of faults in the ABS system or when the ABS system stops operating.
Kenworth has initiated a recall in cooperation with Bendix to remedy the defect. Please contact your Kenworth dealer. You can find your nearest Kenworth dealer using the Dealer Locator on our website www.Kenworth.com or by scanning the QR code on this letter.
This repair may take up to 1 hour of labor depending on dealer scheduling. This repair will be performed at no charge to you."
"24V915","RCSB-24V915-7223.pdf","KENWORTH","T280","2023","The attached, as-published safety recall for 24PBL informs dealers of the presence of a safety related issue concerning the Bendix EC80, ABS ECU. The bulletin provides procedures to perform a software update to address the issue."
"24V915","RCMN-24V915-1701.pdf","KENWORTH","T280","2024","This bulletin informs dealers of the presence of a safety related issue involving the Bendix EC80 ABS ECU. The bulletin provides procedures for updating software to address the issue."
"24V915","RCONL-24V915-5916.pdf","KENWORTH","T280","2024","This notice is sent to you in accordance with the National Traffic and Motor Vehicle Safety Act.
Kenworth Truck Company has decided that a defect, which relates to motor vehicle safety, exists in certain Vehicle Model Year 2021-2025 Kenworth chassis configured for trailer towing manufactured from 05/22/2020  through 12/03/2024. 
Electronic noise and/or low signal strength on the Power Line Carrier (PLC) signal from a trailer to the Bendix EC80 ABS ECU could cause the ABS system to incorrectly process certain signals. This can lead to the Bendix EC80 ABS ECU setting faults, malfunctioning, or not operating. ABS faults could affect the operation of other ABS-connected systems such as Automatic Traction Control, Electronic Stability Control, Active Cruise Control, and/or Collision Mitigation System.
These faults could cause the ABS system to respond incorrectly to a stability or automated braking event, increasing the risk of a crash. The ABS warning lamp will be illuminated in the event of faults in the ABS system or when the ABS system stops operating.
Kenworth has initiated a recall in cooperation with Bendix to remedy the defect. Please contact your Kenworth dealer. You can find your nearest Kenworth dealer using the Dealer Locator on our website www.Kenworth.com or by scanning the QR code on this letter.
This repair may take up to 1 hour of labor depending on dealer scheduling. This repair will be performed at no charge to you."
"24V915","RCONL-24V915-2011.pdf","KENWORTH","T280","2024","The attached letter informs customers of the presence of a safety related issue involving the Bendix EC80 ABS ECU and instructs them to contact their local dealer to schedule repairs."
"24V915","RCMN-24V915-4616.pdf","KENWORTH","T280","2024","Safety Recall
Updated software and procedures are now available.

Certain Vehicle Model Year 2021-2025 Kenworth chassis configured for trailer towing require a software update for the Bendix EC80 ABS ECU.

Software update procedures for certain Battery-Electric Vehicles (BEV) and EC80 ABS ECU Part numbers are not yet available.

This bulletin will be updated when software update procedures are available for these chassis."
"24V915","RCSB-24V915-7223.pdf","KENWORTH","T280","2024","The attached, as-published safety recall for 24PBL informs dealers of the presence of a safety related issue concerning the Bendix EC80, ABS ECU. The bulletin provides procedures to perform a software update to address the issue."
"24V915","RCONL-24V915-5916.pdf","KENWORTH","T280","2025","This notice is sent to you in accordance with the National Traffic and Motor Vehicle Safety Act.
Kenworth Truck Company has decided that a defect, which relates to motor vehicle safety, exists in certain Vehicle Model Year 2021-2025 Kenworth chassis configured for trailer towing manufactured from 05/22/2020  through 12/03/2024. 
Electronic noise and/or low signal strength on the Power Line Carrier (PLC) signal from a trailer to the Bendix EC80 ABS ECU could cause the ABS system to incorrectly process certain signals. This can lead to the Bendix EC80 ABS ECU setting faults, malfunctioning, or not operating. ABS faults could affect the operation of other ABS-connected systems such as Automatic Traction Control, Electronic Stability Control, Active Cruise Control, and/or Collision Mitigation System.
These faults could cause the ABS system to respond incorrectly to a stability or automated braking event, increasing the risk of a crash. The ABS warning lamp will be illuminated in the event of faults in the ABS system or when the ABS system stops operating.
Kenworth has initiated a recall in cooperation with Bendix to remedy the defect. Please contact your Kenworth dealer. You can find your nearest Kenworth dealer using the Dealer Locator on our website www.Kenworth.com or by scanning the QR code on this letter.
This repair may take up to 1 hour of labor depending on dealer scheduling. This repair will be performed at no charge to you."
"24V915","RCSB-24V915-3554.pdf","KENWORTH","T280","2025","Safety Recall
Updated software and procedures are now available.

Certain Vehicle Model Year 2021-2025 Kenworth chassis configured for trailer towing require a software update for the Bendix EC80 ABS ECU.

Software update procedures for certain Battery-Electric Vehicles (BEV) and EC80 ABS ECU Part numbers are not yet available.

This bulletin will be updated when software update procedures are available for these chassis."
"24V915","RCMN-24V915-1701.pdf","KENWORTH","T280","2025","This bulletin informs dealers of the presence of a safety related issue involving the Bendix EC80 ABS ECU. The bulletin provides procedures for updating software to address the issue."
"24V915","RCSB-24V915-7223.pdf","KENWORTH","T280","2025","The attached, as-published safety recall for 24PBL informs dealers of the presence of a safety related issue concerning the Bendix EC80, ABS ECU. The bulletin provides procedures to perform a software update to address the issue."
"24V915","RCONL-24V915-2011.pdf","KENWORTH","T280","2025","The attached letter informs customers of the presence of a safety related issue involving the Bendix EC80 ABS ECU and instructs them to contact their local dealer to schedule repairs."
"24V944","RCMN-24V944-9550.pdf","JEEP","GRAND CHEROKEE","2024","NSRAC regarding certain 2024 model year Jeep Wagoneer / Grand Wagoneer and 2024 model year Jeep Grand Cherokee / Grand Cherokee L vehicles"
"24V944","RCONL-24V944-1143.pdf","JEEP","GRAND CHEROKEE","2024","Final Owner Letter regarding certain 2024 model year Jeep Wagoneer / Grand Wagoneer and 2024 model year Jeep Grand Cherokee / Grand Cherokee L vehicles"
"24V944","RCMN-24V944-4122.pdf","JEEP","GRAND CHEROKEE","2024","Revised NSRAC regarding certain 2024 model year Jeep Wagoneer / Grand Wagoneer and 2024 model year Jeep Grand Cherokee / Grand Cherokee L vehicles"
"24V944","RCRIT-24V944-4967.pdf","JEEP","GRAND CHEROKEE","2024","Dealer Combo regarding certain 2024 model year Jeep Wagoneer / Grand
Wagoneer and 2024 model year Jeep Grand Cherokee / Grand Cherokee L vehicles"
"24V944","RCMN-24V944-4122.pdf","JEEP","GRAND CHEROKEE L","2024","Revised NSRAC regarding certain 2024 model year Jeep Wagoneer / Grand Wagoneer and 2024 model year Jeep Grand Cherokee / Grand Cherokee L vehicles"
"24V944","RCMN-24V944-9550.pdf","JEEP","GRAND CHEROKEE L","2024","NSRAC regarding certain 2024 model year Jeep Wagoneer / Grand Wagoneer and 2024 model year Jeep Grand Cherokee / Grand Cherokee L vehicles"
"24V944","RCRIT-24V944-4967.pdf","JEEP","GRAND CHEROKEE L","2024","Dealer Combo regarding certain 2024 model year Jeep Wagoneer / Grand
Wagoneer and 2024 model year Jeep Grand Cherokee / Grand Cherokee L vehicles"
"24V944","RCONL-24V944-1143.pdf","JEEP","GRAND CHEROKEE L","2024","Final Owner Letter regarding certain 2024 model year Jeep Wagoneer / Grand Wagoneer and 2024 model year Jeep Grand Cherokee / Grand Cherokee L vehicles"
"24V944","RCMN-24V944-4122.pdf","JEEP","GRAND WAGONEER","2024","Revised NSRAC regarding certain 2024 model year Jeep Wagoneer / Grand Wagoneer and 2024 model year Jeep Grand Cherokee / Grand Cherokee L vehicles"
"24V944","RCRIT-24V944-4967.pdf","JEEP","GRAND WAGONEER","2024","Dealer Combo regarding certain 2024 model year Jeep Wagoneer / Grand
Wagoneer and 2024 model year Jeep Grand Cherokee / Grand Cherokee L vehicles"
"24V944","RCMN-24V944-9550.pdf","JEEP","GRAND WAGONEER","2024","NSRAC regarding certain 2024 model year Jeep Wagoneer / Grand Wagoneer and 2024 model year Jeep Grand Cherokee / Grand Cherokee L vehicles"
"24V944","RCONL-24V944-1143.pdf","JEEP","GRAND WAGONEER","2024","Final Owner Letter regarding certain 2024 model year Jeep Wagoneer / Grand Wagoneer and 2024 model year Jeep Grand Cherokee / Grand Cherokee L vehicles"
"24V944","RCMN-24V944-4122.pdf","JEEP","WAGONEER","2024","Revised NSRAC regarding certain 2024 model year Jeep Wagoneer / Grand Wagoneer and 2024 model year Jeep Grand Cherokee / Grand Cherokee L vehicles"
"24V944","RCONL-24V944-1143.pdf","JEEP","WAGONEER","2024","Final Owner Letter regarding certain 2024 model year Jeep Wagoneer / Grand Wagoneer and 2024 model year Jeep Grand Cherokee / Grand Cherokee L vehicles"
"24V944","RCRIT-24V944-4967.pdf","JEEP","WAGONEER","2024","Dealer Combo regarding certain 2024 model year Jeep Wagoneer / Grand
Wagoneer and 2024 model year Jeep Grand Cherokee / Grand Cherokee L vehicles"
"24V944","RCMN-24V944-9550.pdf","JEEP","WAGONEER","2024","NSRAC regarding certain 2024 model year Jeep Wagoneer / Grand Wagoneer and 2024 model year Jeep Grand Cherokee / Grand Cherokee L vehicles"
"24V969","RCMN-24V969-7837.pdf","NISSAN","KICKS","2025","Campaign Summary: 

Nissan will notify the National Highway Traffic Safety Administration (NHTSA) that it is issuing a Voluntary Non-Compliance Recall on certain model year 2025 Nissan Kicks vehicles identified in Service Comm and DBS National Service History.

On certain vehicles, the Shift-to-Park warning may not be active. If the driver turns the vehicles ignition OFF while the gear selector is in a position other than Park and opens the driver side door, the Shift-to-Park warning does not display on the instrument panel and the audible alarm does not sound. This condition is not compliant with FMVSS 114; Theft Protection and Rollaway Prevention., and could potentially lead to a vehicle rollaway scenario, which may increase the risk of injury to the driver and passengers..

Dealers will re-configure the vehicles Body Control Module (BCM) via CONSULT IV to activate the Shift-to-Park warning."
"24V969","RCMN-24V969-7621.pdf","NISSAN","KICKS","2025","CAMPAIGN
BULLETIN
Shift to Park Warning
Voluntary Recall Campaign
Reference: PMA42
***** Campaign Summary *****
Nissan will notify the National Highway Traffic Safety Administration (NHTSA) that it is issuing a Voluntary Non-Compliance Recall on certain model year 2025 Nissan Kicks vehicles identified in Service Comm and DBS National Service History.
On certain vehicles, the Shift-to-Park warning may not be active. If the driver turns the vehicles ignition OFF while the gear selector is in a position other than Park and opens the driver side door, the Shift-to-Park warning does not display on the instrument panel and the audible alarm does not sound. This condition is not compliant with FMVSS 114; Theft Protection and Rollaway Prevention., and could potentially lead to a vehicle rollaway scenario, which may increase the risk of injury to the driver and passengers.
Dealers will re-configure the vehicles Body Control Module (BCM) via CONSULT IV to activate the Shift-to-Park warning."
"24V969","RCRIT-24V969-1303.pdf","NISSAN","KICKS","2025","VOLUNTARY SAFETY RECALL CAMPAIGN
2025 KICKS; BCM CONFIGURATION
INTRODUCTION
Nissan is conducting this voluntary safety recall campaign on certain specific model year
2025 Kicks vehicles to inspect and, if necessary, reconfigure the BCM. This service will be
performed at no charge to the customer for parts or labor.
IDENTIFICATION NUMBER
Nissan has assigned identification number PMA42 to this campaign. This number must
appear on all communication and documentation of any nature dealing with this campaign.
DEALER RESPONSIBILITY
It is the dealers responsibility to check Service COMM or Dealer Business Systems (DBS)
National Service History for the campaign status on each vehicle falling within the range of
this voluntary safety recall which for any reason enters the service department. This
includes vehicles purchased from private parties or presented by transient (tourist) owners
and vehicles in a dealers inventory. Federal law requires that new vehicles in dealer
inventory which are the subject of a safety recall must be corrected prior to sale.
Failure to do so can result in civil penalties by the National Highway Traffic Safety
Administration. While federal law applies only to new vehicles, Nissan strongly
encourages dealers to correct any used vehicles in their inventory before they are retailed."
"24V969","RCMN-24V969-5440.pdf","NISSAN","KICKS","2025","VOLUNTARY SAFETY RECALL CAMPAIGN
2025 KICKS; BCM CONFIGURATION
CAMPAIGN ID #: PMA42
APPLIED VEHICLES: 2025 Kicks (P16)
Check Service COMM or Dealer Business Systems (DBS)
National Service History to confirm campaign eligibility.
INTRODUCTION
Nissan is conducting this voluntary safety recall campaign on certain specific model year
2025 Kicks vehicles to inspect and, if necessary, reconfigure the BCM. This service will be
performed at no charge to the customer for parts or labor.
IDENTIFICATION NUMBER
Nissan has assigned identification number PMA42 to this campaign. This number must
appear on all communication and documentation of any nature dealing with this campaign.
DEALER RESPONSIBILITY
It is the dealers responsibility to check Service COMM or Dealer Business Systems (DBS)
National Service History for the campaign status on each vehicle falling within the range of
this voluntary safety recall which for any reason enters the service department. This
includes vehicles purchased from private parties or presented by transient (tourist) owners
and vehicles in a dealers inventory. Federal law requires that new vehicles in dealer
inventory which are the subject of a safety recall must be corrected prior to sale.
Failure to do so can result in civil penalties by the National Highway Traffic Safety
Administration. While federal law applies only to new vehicles, Nissan strongly
encourages dealers to correct any used vehicles in their inventory before they are retailed."
